
 /----------------------------------------------------------------------------\
 |  yosys -- Yosys Open SYnthesis Suite                                       |
 |  Copyright (C) 2012 - 2026  Claire Xenia Wolf <claire@yosyshq.com>         |
 |  Distributed under an ISC-like license, type "license" to see terms        |
 \----------------------------------------------------------------------------/
 Yosys 0.69+158 (git sha1 a1a0ad7d4-dirty, Release, GNU /usr/bin/x86_64-w64-mingw32-g++ 15.2.1)

-- Running command `read_slang -DSYNTHESIS rtl/noc_pkg.sv rtl/rr_arbiter.sv rtl/flit_fifo.sv rtl/vc_router.sv --top vc_router; synth -top vc_router -flatten; abc -g AND,NAND,OR,NOR,XOR,XNOR,MUX; opt_clean; stat -tech cmos; ltp -noff' --

1. Executing SLANG frontend.
Top level design units:
    vc_router

rtl\flit_fifo.sv:42: Warning: asynchronous load value missing for variable '\g_in_port[0].g_in_vc[0].u_fifo.mem'
    if (!rst_n) begin
                ^~~~~
rtl\flit_fifo.sv:41: NOTE: asynchronous load pattern implied by edge sensitivity on multiple signals
  always_ff @(posedge clk or negedge rst_n) begin
             ^~~~~~~~~~~~~~~~~~~~~~~~~~~~~~
rtl\flit_fifo.sv:42: Warning: asynchronous load value missing for variable '\g_in_port[1].g_in_vc[0].u_fifo.mem'
    if (!rst_n) begin
                ^~~~~
rtl\flit_fifo.sv:41: NOTE: asynchronous load pattern implied by edge sensitivity on multiple signals
  always_ff @(posedge clk or negedge rst_n) begin
             ^~~~~~~~~~~~~~~~~~~~~~~~~~~~~~
rtl\flit_fifo.sv:42: Warning: asynchronous load value missing for variable '\g_in_port[2].g_in_vc[0].u_fifo.mem'
    if (!rst_n) begin
                ^~~~~
rtl\flit_fifo.sv:41: NOTE: asynchronous load pattern implied by edge sensitivity on multiple signals
  always_ff @(posedge clk or negedge rst_n) begin
             ^~~~~~~~~~~~~~~~~~~~~~~~~~~~~~
rtl\flit_fifo.sv:42: Warning: asynchronous load value missing for variable '\g_in_port[3].g_in_vc[0].u_fifo.mem'
    if (!rst_n) begin
                ^~~~~
rtl\flit_fifo.sv:41: NOTE: asynchronous load pattern implied by edge sensitivity on multiple signals
  always_ff @(posedge clk or negedge rst_n) begin
             ^~~~~~~~~~~~~~~~~~~~~~~~~~~~~~
rtl\flit_fifo.sv:42: Warning: asynchronous load value missing for variable '\g_in_port[4].g_in_vc[0].u_fifo.mem'
    if (!rst_n) begin
                ^~~~~
rtl\flit_fifo.sv:41: NOTE: asynchronous load pattern implied by edge sensitivity on multiple signals
  always_ff @(posedge clk or negedge rst_n) begin
             ^~~~~~~~~~~~~~~~~~~~~~~~~~~~~~

Build succeeded: 0 errors, 5 warnings

1.1. Executing PROC_CLEAN pass (remove empty switches from decision trees).
Found and cleaned up 1 empty switch in `\vc_router.$1992'.
Removing empty process `vc_router.$1983'.
Found and cleaned up 1 empty switch in `\vc_router.$1976'.
Found and cleaned up 1 empty switch in `\vc_router.$1965'.
Found and cleaned up 1 empty switch in `\vc_router.$1954'.
Found and cleaned up 1 empty switch in `\vc_router.$1930'.
Removing empty process `vc_router.$1921'.
Found and cleaned up 1 empty switch in `\vc_router.$1914'.
Found and cleaned up 1 empty switch in `\vc_router.$1903'.
Found and cleaned up 1 empty switch in `\vc_router.$1892'.
Found and cleaned up 1 empty switch in `\vc_router.$1871'.
Removing empty process `vc_router.$1862'.
Found and cleaned up 1 empty switch in `\vc_router.$1855'.
Found and cleaned up 1 empty switch in `\vc_router.$1844'.
Found and cleaned up 1 empty switch in `\vc_router.$1833'.
Found and cleaned up 1 empty switch in `\vc_router.$1812'.
Removing empty process `vc_router.$1803'.
Found and cleaned up 1 empty switch in `\vc_router.$1796'.
Found and cleaned up 1 empty switch in `\vc_router.$1785'.
Found and cleaned up 1 empty switch in `\vc_router.$1774'.
Found and cleaned up 1 empty switch in `\vc_router.$1753'.
Removing empty process `vc_router.$1744'.
Found and cleaned up 1 empty switch in `\vc_router.$1737'.
Found and cleaned up 1 empty switch in `\vc_router.$1726'.
Found and cleaned up 1 empty switch in `\vc_router.$1715'.
Found and cleaned up 1 empty switch in `\vc_router.$1656'.
Found and cleaned up 1 empty switch in `\vc_router.$1639'.
Found and cleaned up 1 empty switch in `\vc_router.$1622'.
Found and cleaned up 1 empty switch in `\vc_router.$1605'.
Found and cleaned up 1 empty switch in `\vc_router.$1588'.
Found and cleaned up 1 empty switch in `\vc_router.$1575'.
Found and cleaned up 1 empty switch in `\vc_router.$1561'.
Found and cleaned up 1 empty switch in `\vc_router.$1547'.
Found and cleaned up 1 empty switch in `\vc_router.$1533'.
Found and cleaned up 1 empty switch in `\vc_router.$1519'.
Removing empty process `vc_router.$1485'.
Found and cleaned up 1 empty switch in `\vc_router.$1478'.
Found and cleaned up 1 empty switch in `\vc_router.$1435'.
Found and cleaned up 1 empty switch in `\vc_router.$1392'.
Removing empty process `vc_router.$1334'.
Found and cleaned up 1 empty switch in `\vc_router.$1327'.
Found and cleaned up 1 empty switch in `\vc_router.$1284'.
Found and cleaned up 1 empty switch in `\vc_router.$1241'.
Removing empty process `vc_router.$1183'.
Found and cleaned up 1 empty switch in `\vc_router.$1176'.
Found and cleaned up 1 empty switch in `\vc_router.$1133'.
Found and cleaned up 1 empty switch in `\vc_router.$1090'.
Removing empty process `vc_router.$1032'.
Found and cleaned up 1 empty switch in `\vc_router.$1025'.
Found and cleaned up 1 empty switch in `\vc_router.$982'.
Found and cleaned up 1 empty switch in `\vc_router.$939'.
Removing empty process `vc_router.$881'.
Found and cleaned up 1 empty switch in `\vc_router.$874'.
Found and cleaned up 1 empty switch in `\vc_router.$831'.
Found and cleaned up 1 empty switch in `\vc_router.$788'.
Removing empty process `vc_router.$731'.
Found and cleaned up 1 empty switch in `\vc_router.$724'.
Found and cleaned up 1 empty switch in `\vc_router.$713'.
Found and cleaned up 1 empty switch in `\vc_router.$702'.
Removing empty process `vc_router.$685'.
Found and cleaned up 1 empty switch in `\vc_router.$678'.
Found and cleaned up 1 empty switch in `\vc_router.$667'.
Found and cleaned up 1 empty switch in `\vc_router.$656'.
Removing empty process `vc_router.$639'.
Found and cleaned up 1 empty switch in `\vc_router.$632'.
Found and cleaned up 1 empty switch in `\vc_router.$621'.
Found and cleaned up 1 empty switch in `\vc_router.$610'.
Removing empty process `vc_router.$593'.
Found and cleaned up 1 empty switch in `\vc_router.$586'.
Found and cleaned up 1 empty switch in `\vc_router.$575'.
Found and cleaned up 1 empty switch in `\vc_router.$564'.
Removing empty process `vc_router.$547'.
Found and cleaned up 1 empty switch in `\vc_router.$540'.
Found and cleaned up 1 empty switch in `\vc_router.$529'.
Found and cleaned up 1 empty switch in `\vc_router.$518'.
Found and cleaned up 1 empty switch in `\vc_router.$346'.
Found and cleaned up 1 empty switch in `\vc_router.$296'.
Found and cleaned up 1 empty switch in `\vc_router.$288'.
Found and cleaned up 1 empty switch in `\vc_router.$280'.
Found and cleaned up 1 empty switch in `\vc_router.$272'.
Found and cleaned up 1 empty switch in `\vc_router.$264'.
Found and cleaned up 1 empty switch in `\vc_router.$196'.
Found and cleaned up 1 empty switch in `\vc_router.$150'.
Found and cleaned up 1 empty switch in `\vc_router.$104'.
Found and cleaned up 1 empty switch in `\vc_router.$58'.
Found and cleaned up 1 empty switch in `\vc_router.$12'.
Cleaned up 71 empty switches.

1.2. Executing PROC_RMDEAD pass (remove dead branches from decision trees).
Marked 4 switch rules as full_case in process $1656 in module vc_router.
Marked 4 switch rules as full_case in process $1639 in module vc_router.
Marked 4 switch rules as full_case in process $1622 in module vc_router.
Marked 4 switch rules as full_case in process $1605 in module vc_router.
Marked 4 switch rules as full_case in process $1588 in module vc_router.
Marked 4 switch rules as full_case in process $1435 in module vc_router.
Marked 4 switch rules as full_case in process $1392 in module vc_router.
Marked 4 switch rules as full_case in process $1284 in module vc_router.
Marked 4 switch rules as full_case in process $1241 in module vc_router.
Marked 4 switch rules as full_case in process $1133 in module vc_router.
Marked 4 switch rules as full_case in process $1090 in module vc_router.
Marked 4 switch rules as full_case in process $982 in module vc_router.
Marked 4 switch rules as full_case in process $939 in module vc_router.
Marked 4 switch rules as full_case in process $831 in module vc_router.
Marked 4 switch rules as full_case in process $788 in module vc_router.
Marked 6 switch rules as full_case in process $346 in module vc_router.
Marked 1 switch rules as full_case in process $296 in module vc_router.
Marked 1 switch rules as full_case in process $288 in module vc_router.
Marked 1 switch rules as full_case in process $280 in module vc_router.
Marked 1 switch rules as full_case in process $272 in module vc_router.
Marked 1 switch rules as full_case in process $264 in module vc_router.
Marked 3 switch rules as full_case in process $196 in module vc_router.
Marked 3 switch rules as full_case in process $150 in module vc_router.
Marked 3 switch rules as full_case in process $104 in module vc_router.
Marked 3 switch rules as full_case in process $58 in module vc_router.
Marked 3 switch rules as full_case in process $12 in module vc_router.
Removed a total of 0 dead cases.

1.3. Executing PROC_PRUNE pass (remove redundant assignments in processes).
Removed 14 redundant assignments.
Promoted 0 assignments to connections.

1.4. Executing PROC_INIT pass (extract init attributes).

1.5. Executing PROC_ROM pass (convert switches to ROMs).
Converted 0 switches.
<suppressed ~217 debug messages>

1.6. Executing PROC_MUX pass (convert decision trees to multiplexers).
Creating decoders for process `\vc_router.$1812'.
     1/1: $g_va[1].vc_enc$1813
Creating decoders for process `\vc_router.$1965'.
     1/2: $g_va[4].u_ovc_arb.found_b$1972
     2/2: $g_va[4].u_ovc_arb.win_idx_b$1971
Creating decoders for process `\vc_router.$1796'.
     1/1: $g_va[1].u_ovc_arb.ptr_n$1801
Creating decoders for process `\vc_router.$1785'.
     1/2: $g_va[1].u_ovc_arb.found_b$1792
     2/2: $g_va[1].u_ovc_arb.win_idx_b$1791
Creating decoders for process `\vc_router.$1774'.
     1/2: $g_va[1].u_ovc_arb.found$1781
     2/2: $g_va[1].u_ovc_arb.win_idx$1780
Creating decoders for process `\vc_router.$1753'.
     1/1: $g_va[0].vc_enc$1754
Creating decoders for process `\vc_router.$1954'.
     1/2: $g_va[4].u_ovc_arb.found$1961
     2/2: $g_va[4].u_ovc_arb.win_idx$1960
Creating decoders for process `\vc_router.$1737'.
     1/1: $g_va[0].u_ovc_arb.ptr_n$1742
Creating decoders for process `\vc_router.$1726'.
     1/2: $g_va[0].u_ovc_arb.found_b$1733
     2/2: $g_va[0].u_ovc_arb.win_idx_b$1732
Creating decoders for process `\vc_router.$1715'.
     1/2: $g_va[0].u_ovc_arb.found$1722
     2/2: $g_va[0].u_ovc_arb.win_idx$1721
Creating decoders for process `\vc_router.$1656'.
     1/5: $out_data[169:136]$1661
     2/5: $out_data[169:136]$1660
     3/5: $out_data[169:136]$1659
     4/5: $out_data[169:136]$1658
     5/5: $out_data[169:136]$1657
Creating decoders for process `\vc_router.$1639'.
     1/5: $out_data[135:102]$1644
     2/5: $out_data[135:102]$1643
     3/5: $out_data[135:102]$1642
     4/5: $out_data[135:102]$1641
     5/5: $out_data[135:102]$1640
Creating decoders for process `\vc_router.$1622'.
     1/5: $out_data[101:68]$1627
     2/5: $out_data[101:68]$1626
     3/5: $out_data[101:68]$1625
     4/5: $out_data[101:68]$1624
     5/5: $out_data[101:68]$1623
Creating decoders for process `\vc_router.$1605'.
     1/5: $out_data[67:34]$1610
     2/5: $out_data[67:34]$1609
     3/5: $out_data[67:34]$1608
     4/5: $out_data[67:34]$1607
     5/5: $out_data[67:34]$1606
Creating decoders for process `\vc_router.$1588'.
     1/5: $out_data[33:0]$1593
     2/5: $out_data[33:0]$1592
     3/5: $out_data[33:0]$1591
     4/5: $out_data[33:0]$1590
     5/5: $out_data[33:0]$1589
Creating decoders for process `\vc_router.$1575'.
     1/1: $port_flit[169:136]$1576
Creating decoders for process `\vc_router.$1561'.
     1/1: $port_flit[135:102]$1562
Creating decoders for process `\vc_router.$1547'.
     1/1: $port_flit[101:68]$1548
Creating decoders for process `\vc_router.$1533'.
     1/1: $port_flit[67:34]$1534
Creating decoders for process `\vc_router.$1519'.
     1/1: $port_flit[33:0]$1520
Creating decoders for process `\vc_router.$1930'.
     1/1: $g_va[3].vc_enc$1931
Creating decoders for process `\vc_router.$1478'.
     1/1: $g_out_arb[4].u_out_arb.ptr_n$1483
Creating decoders for process `\vc_router.$1435'.
     1/10: $g_out_arb[4].u_out_arb.found_b$1474
     2/10: $g_out_arb[4].u_out_arb.win_idx_b$1473
     3/10: $g_out_arb[4].u_out_arb.found_b$1466
     4/10: $g_out_arb[4].u_out_arb.win_idx_b$1465
     5/10: $g_out_arb[4].u_out_arb.found_b$1458
     6/10: $g_out_arb[4].u_out_arb.win_idx_b$1457
     7/10: $g_out_arb[4].u_out_arb.found_b$1450
     8/10: $g_out_arb[4].u_out_arb.win_idx_b$1449
     9/10: $g_out_arb[4].u_out_arb.found_b$1442
    10/10: $g_out_arb[4].u_out_arb.win_idx_b$1441
Creating decoders for process `\vc_router.$1392'.
     1/10: $g_out_arb[4].u_out_arb.found$1431
     2/10: $g_out_arb[4].u_out_arb.win_idx$1430
     3/10: $g_out_arb[4].u_out_arb.found$1423
     4/10: $g_out_arb[4].u_out_arb.win_idx$1422
     5/10: $g_out_arb[4].u_out_arb.found$1415
     6/10: $g_out_arb[4].u_out_arb.win_idx$1414
     7/10: $g_out_arb[4].u_out_arb.found$1407
     8/10: $g_out_arb[4].u_out_arb.win_idx$1406
     9/10: $g_out_arb[4].u_out_arb.found$1399
    10/10: $g_out_arb[4].u_out_arb.win_idx$1398
Creating decoders for process `\vc_router.$1992'.
     1/1: $g_va[4].vc_enc$1993
Creating decoders for process `\vc_router.$1327'.
     1/1: $g_out_arb[3].u_out_arb.ptr_n$1332
Creating decoders for process `\vc_router.$1284'.
     1/10: $g_out_arb[3].u_out_arb.found_b$1323
     2/10: $g_out_arb[3].u_out_arb.win_idx_b$1322
     3/10: $g_out_arb[3].u_out_arb.found_b$1315
     4/10: $g_out_arb[3].u_out_arb.win_idx_b$1314
     5/10: $g_out_arb[3].u_out_arb.found_b$1307
     6/10: $g_out_arb[3].u_out_arb.win_idx_b$1306
     7/10: $g_out_arb[3].u_out_arb.found_b$1299
     8/10: $g_out_arb[3].u_out_arb.win_idx_b$1298
     9/10: $g_out_arb[3].u_out_arb.found_b$1291
    10/10: $g_out_arb[3].u_out_arb.win_idx_b$1290
Creating decoders for process `\vc_router.$1241'.
     1/10: $g_out_arb[3].u_out_arb.found$1280
     2/10: $g_out_arb[3].u_out_arb.win_idx$1279
     3/10: $g_out_arb[3].u_out_arb.found$1272
     4/10: $g_out_arb[3].u_out_arb.win_idx$1271
     5/10: $g_out_arb[3].u_out_arb.found$1264
     6/10: $g_out_arb[3].u_out_arb.win_idx$1263
     7/10: $g_out_arb[3].u_out_arb.found$1256
     8/10: $g_out_arb[3].u_out_arb.win_idx$1255
     9/10: $g_out_arb[3].u_out_arb.found$1248
    10/10: $g_out_arb[3].u_out_arb.win_idx$1247
Creating decoders for process `\vc_router.$1914'.
     1/1: $g_va[3].u_ovc_arb.ptr_n$1919
Creating decoders for process `\vc_router.$1176'.
     1/1: $g_out_arb[2].u_out_arb.ptr_n$1181
Creating decoders for process `\vc_router.$1133'.
     1/10: $g_out_arb[2].u_out_arb.found_b$1172
     2/10: $g_out_arb[2].u_out_arb.win_idx_b$1171
     3/10: $g_out_arb[2].u_out_arb.found_b$1164
     4/10: $g_out_arb[2].u_out_arb.win_idx_b$1163
     5/10: $g_out_arb[2].u_out_arb.found_b$1156
     6/10: $g_out_arb[2].u_out_arb.win_idx_b$1155
     7/10: $g_out_arb[2].u_out_arb.found_b$1148
     8/10: $g_out_arb[2].u_out_arb.win_idx_b$1147
     9/10: $g_out_arb[2].u_out_arb.found_b$1140
    10/10: $g_out_arb[2].u_out_arb.win_idx_b$1139
Creating decoders for process `\vc_router.$1090'.
     1/10: $g_out_arb[2].u_out_arb.found$1129
     2/10: $g_out_arb[2].u_out_arb.win_idx$1128
     3/10: $g_out_arb[2].u_out_arb.found$1121
     4/10: $g_out_arb[2].u_out_arb.win_idx$1120
     5/10: $g_out_arb[2].u_out_arb.found$1113
     6/10: $g_out_arb[2].u_out_arb.win_idx$1112
     7/10: $g_out_arb[2].u_out_arb.found$1105
     8/10: $g_out_arb[2].u_out_arb.win_idx$1104
     9/10: $g_out_arb[2].u_out_arb.found$1097
    10/10: $g_out_arb[2].u_out_arb.win_idx$1096
Creating decoders for process `\vc_router.$1903'.
     1/2: $g_va[3].u_ovc_arb.found_b$1910
     2/2: $g_va[3].u_ovc_arb.win_idx_b$1909
Creating decoders for process `\vc_router.$1025'.
     1/1: $g_out_arb[1].u_out_arb.ptr_n$1030
Creating decoders for process `\vc_router.$982'.
     1/10: $g_out_arb[1].u_out_arb.found_b$1021
     2/10: $g_out_arb[1].u_out_arb.win_idx_b$1020
     3/10: $g_out_arb[1].u_out_arb.found_b$1013
     4/10: $g_out_arb[1].u_out_arb.win_idx_b$1012
     5/10: $g_out_arb[1].u_out_arb.found_b$1005
     6/10: $g_out_arb[1].u_out_arb.win_idx_b$1004
     7/10: $g_out_arb[1].u_out_arb.found_b$997
     8/10: $g_out_arb[1].u_out_arb.win_idx_b$996
     9/10: $g_out_arb[1].u_out_arb.found_b$989
    10/10: $g_out_arb[1].u_out_arb.win_idx_b$988
Creating decoders for process `\vc_router.$939'.
     1/10: $g_out_arb[1].u_out_arb.found$978
     2/10: $g_out_arb[1].u_out_arb.win_idx$977
     3/10: $g_out_arb[1].u_out_arb.found$970
     4/10: $g_out_arb[1].u_out_arb.win_idx$969
     5/10: $g_out_arb[1].u_out_arb.found$962
     6/10: $g_out_arb[1].u_out_arb.win_idx$961
     7/10: $g_out_arb[1].u_out_arb.found$954
     8/10: $g_out_arb[1].u_out_arb.win_idx$953
     9/10: $g_out_arb[1].u_out_arb.found$946
    10/10: $g_out_arb[1].u_out_arb.win_idx$945
Creating decoders for process `\vc_router.$1892'.
     1/2: $g_va[3].u_ovc_arb.found$1899
     2/2: $g_va[3].u_ovc_arb.win_idx$1898
Creating decoders for process `\vc_router.$874'.
     1/1: $g_out_arb[0].u_out_arb.ptr_n$879
Creating decoders for process `\vc_router.$831'.
     1/10: $g_out_arb[0].u_out_arb.found_b$870
     2/10: $g_out_arb[0].u_out_arb.win_idx_b$869
     3/10: $g_out_arb[0].u_out_arb.found_b$862
     4/10: $g_out_arb[0].u_out_arb.win_idx_b$861
     5/10: $g_out_arb[0].u_out_arb.found_b$854
     6/10: $g_out_arb[0].u_out_arb.win_idx_b$853
     7/10: $g_out_arb[0].u_out_arb.found_b$846
     8/10: $g_out_arb[0].u_out_arb.win_idx_b$845
     9/10: $g_out_arb[0].u_out_arb.found_b$838
    10/10: $g_out_arb[0].u_out_arb.win_idx_b$837
Creating decoders for process `\vc_router.$788'.
     1/10: $g_out_arb[0].u_out_arb.found$827
     2/10: $g_out_arb[0].u_out_arb.win_idx$826
     3/10: $g_out_arb[0].u_out_arb.found$819
     4/10: $g_out_arb[0].u_out_arb.win_idx$818
     5/10: $g_out_arb[0].u_out_arb.found$811
     6/10: $g_out_arb[0].u_out_arb.win_idx$810
     7/10: $g_out_arb[0].u_out_arb.found$803
     8/10: $g_out_arb[0].u_out_arb.win_idx$802
     9/10: $g_out_arb[0].u_out_arb.found$795
    10/10: $g_out_arb[0].u_out_arb.win_idx$794
Creating decoders for process `\vc_router.$1871'.
     1/1: $g_va[2].vc_enc$1872
Creating decoders for process `\vc_router.$724'.
     1/1: $g_in_arb[4].u_in_arb.ptr_n$729
Creating decoders for process `\vc_router.$713'.
     1/2: $g_in_arb[4].u_in_arb.found_b$720
     2/2: $g_in_arb[4].u_in_arb.win_idx_b$719
Creating decoders for process `\vc_router.$702'.
     1/2: $g_in_arb[4].u_in_arb.found$709
     2/2: $g_in_arb[4].u_in_arb.win_idx$708
Creating decoders for process `\vc_router.$1976'.
     1/1: $g_va[4].u_ovc_arb.ptr_n$1981
Creating decoders for process `\vc_router.$678'.
     1/1: $g_in_arb[3].u_in_arb.ptr_n$683
Creating decoders for process `\vc_router.$667'.
     1/2: $g_in_arb[3].u_in_arb.found_b$674
     2/2: $g_in_arb[3].u_in_arb.win_idx_b$673
Creating decoders for process `\vc_router.$656'.
     1/2: $g_in_arb[3].u_in_arb.found$663
     2/2: $g_in_arb[3].u_in_arb.win_idx$662
Creating decoders for process `\vc_router.$1855'.
     1/1: $g_va[2].u_ovc_arb.ptr_n$1860
Creating decoders for process `\vc_router.$632'.
     1/1: $g_in_arb[2].u_in_arb.ptr_n$637
Creating decoders for process `\vc_router.$621'.
     1/2: $g_in_arb[2].u_in_arb.found_b$628
     2/2: $g_in_arb[2].u_in_arb.win_idx_b$627
Creating decoders for process `\vc_router.$610'.
     1/2: $g_in_arb[2].u_in_arb.found$617
     2/2: $g_in_arb[2].u_in_arb.win_idx$616
Creating decoders for process `\vc_router.$1844'.
     1/2: $g_va[2].u_ovc_arb.found_b$1851
     2/2: $g_va[2].u_ovc_arb.win_idx_b$1850
Creating decoders for process `\vc_router.$586'.
     1/1: $g_in_arb[1].u_in_arb.ptr_n$591
Creating decoders for process `\vc_router.$575'.
     1/2: $g_in_arb[1].u_in_arb.found_b$582
     2/2: $g_in_arb[1].u_in_arb.win_idx_b$581
Creating decoders for process `\vc_router.$564'.
     1/2: $g_in_arb[1].u_in_arb.found$571
     2/2: $g_in_arb[1].u_in_arb.win_idx$570
Creating decoders for process `\vc_router.$1833'.
     1/2: $g_va[2].u_ovc_arb.found$1840
     2/2: $g_va[2].u_ovc_arb.win_idx$1839
Creating decoders for process `\vc_router.$540'.
     1/1: $g_in_arb[0].u_in_arb.ptr_n$545
Creating decoders for process `\vc_router.$529'.
     1/2: $g_in_arb[0].u_in_arb.found_b$536
     2/2: $g_in_arb[0].u_in_arb.win_idx_b$535
Creating decoders for process `\vc_router.$518'.
     1/2: $g_in_arb[0].u_in_arb.found$525
     2/2: $g_in_arb[0].u_in_arb.win_idx$524
Creating decoders for process `\vc_router.$346'.
     1/7: $g_watchdog.g_vn[0].starve_cnt$353
     2/7: $g_watchdog.g_vn[0].q$350
     3/7: $g_watchdog.g_vn[0].q$352
     4/7: $g_watchdog.g_vn[0].starve_cnt$355
     5/7: $g_watchdog.g_vn[0].q$354
     6/7: $g_watchdog.g_vn[0].starve_cnt$357
     7/7: $g_watchdog.g_vn[0].q$356
Creating decoders for process `\vc_router.$296'.
     1/1: $credit_count[2:0]$301
Creating decoders for process `\vc_router.$288'.
     1/1: $credit_count[5:3]$293
Creating decoders for process `\vc_router.$280'.
     1/1: $credit_count[8:6]$285
Creating decoders for process `\vc_router.$272'.
     1/1: $credit_count[11:9]$277
Creating decoders for process `\vc_router.$264'.
     1/1: $credit_count[14:12]$269
Creating decoders for process `\vc_router.$196'.
     1/4: $g_in_port[4].g_in_vc[0].u_fifo.count$220
     2/4: $g_in_port[4].g_in_vc[0].u_fifo.head$213
     3/4: $g_in_port[4].g_in_vc[0].u_fifo.tail$207
     4/4: $g_in_port[4].g_in_vc[0].u_fifo.mem$206
Creating decoders for process `\vc_router.$150'.
     1/4: $g_in_port[3].g_in_vc[0].u_fifo.count$174
     2/4: $g_in_port[3].g_in_vc[0].u_fifo.head$167
     3/4: $g_in_port[3].g_in_vc[0].u_fifo.tail$161
     4/4: $g_in_port[3].g_in_vc[0].u_fifo.mem$160
Creating decoders for process `\vc_router.$104'.
     1/4: $g_in_port[2].g_in_vc[0].u_fifo.count$128
     2/4: $g_in_port[2].g_in_vc[0].u_fifo.head$121
     3/4: $g_in_port[2].g_in_vc[0].u_fifo.tail$115
     4/4: $g_in_port[2].g_in_vc[0].u_fifo.mem$114
Creating decoders for process `\vc_router.$58'.
     1/4: $g_in_port[1].g_in_vc[0].u_fifo.count$82
     2/4: $g_in_port[1].g_in_vc[0].u_fifo.head$75
     3/4: $g_in_port[1].g_in_vc[0].u_fifo.tail$69
     4/4: $g_in_port[1].g_in_vc[0].u_fifo.mem$68
Creating decoders for process `\vc_router.$12'.
     1/4: $g_in_port[0].g_in_vc[0].u_fifo.count$36
     2/4: $g_in_port[0].g_in_vc[0].u_fifo.head$29
     3/4: $g_in_port[0].g_in_vc[0].u_fifo.tail$23
     4/4: $g_in_port[0].g_in_vc[0].u_fifo.mem$22

1.7. Executing PROC_CLEAN pass (remove empty switches from decision trees).
Found and cleaned up 1 empty switch in `\vc_router.$1812'.
Removing empty process `vc_router.$1812'.
Found and cleaned up 1 empty switch in `\vc_router.$1965'.
Removing empty process `vc_router.$1965'.
Found and cleaned up 1 empty switch in `\vc_router.$1796'.
Removing empty process `vc_router.$1796'.
Found and cleaned up 1 empty switch in `\vc_router.$1785'.
Removing empty process `vc_router.$1785'.
Found and cleaned up 1 empty switch in `\vc_router.$1774'.
Removing empty process `vc_router.$1774'.
Found and cleaned up 1 empty switch in `\vc_router.$1753'.
Removing empty process `vc_router.$1753'.
Found and cleaned up 1 empty switch in `\vc_router.$1954'.
Removing empty process `vc_router.$1954'.
Found and cleaned up 1 empty switch in `\vc_router.$1737'.
Removing empty process `vc_router.$1737'.
Found and cleaned up 1 empty switch in `\vc_router.$1726'.
Removing empty process `vc_router.$1726'.
Found and cleaned up 1 empty switch in `\vc_router.$1715'.
Removing empty process `vc_router.$1715'.
Found and cleaned up 9 empty switches in `\vc_router.$1656'.
Removing empty process `vc_router.$1656'.
Found and cleaned up 9 empty switches in `\vc_router.$1639'.
Removing empty process `vc_router.$1639'.
Found and cleaned up 9 empty switches in `\vc_router.$1622'.
Removing empty process `vc_router.$1622'.
Found and cleaned up 9 empty switches in `\vc_router.$1605'.
Removing empty process `vc_router.$1605'.
Found and cleaned up 9 empty switches in `\vc_router.$1588'.
Removing empty process `vc_router.$1588'.
Found and cleaned up 1 empty switch in `\vc_router.$1575'.
Removing empty process `vc_router.$1575'.
Found and cleaned up 1 empty switch in `\vc_router.$1561'.
Removing empty process `vc_router.$1561'.
Found and cleaned up 1 empty switch in `\vc_router.$1547'.
Removing empty process `vc_router.$1547'.
Found and cleaned up 1 empty switch in `\vc_router.$1533'.
Removing empty process `vc_router.$1533'.
Found and cleaned up 1 empty switch in `\vc_router.$1519'.
Removing empty process `vc_router.$1519'.
Found and cleaned up 1 empty switch in `\vc_router.$1930'.
Removing empty process `vc_router.$1930'.
Found and cleaned up 1 empty switch in `\vc_router.$1478'.
Removing empty process `vc_router.$1478'.
Found and cleaned up 9 empty switches in `\vc_router.$1435'.
Removing empty process `vc_router.$1435'.
Found and cleaned up 9 empty switches in `\vc_router.$1392'.
Removing empty process `vc_router.$1392'.
Found and cleaned up 1 empty switch in `\vc_router.$1992'.
Removing empty process `vc_router.$1992'.
Found and cleaned up 1 empty switch in `\vc_router.$1327'.
Removing empty process `vc_router.$1327'.
Found and cleaned up 9 empty switches in `\vc_router.$1284'.
Removing empty process `vc_router.$1284'.
Found and cleaned up 9 empty switches in `\vc_router.$1241'.
Removing empty process `vc_router.$1241'.
Found and cleaned up 1 empty switch in `\vc_router.$1914'.
Removing empty process `vc_router.$1914'.
Found and cleaned up 1 empty switch in `\vc_router.$1176'.
Removing empty process `vc_router.$1176'.
Found and cleaned up 9 empty switches in `\vc_router.$1133'.
Removing empty process `vc_router.$1133'.
Found and cleaned up 9 empty switches in `\vc_router.$1090'.
Removing empty process `vc_router.$1090'.
Found and cleaned up 1 empty switch in `\vc_router.$1903'.
Removing empty process `vc_router.$1903'.
Found and cleaned up 1 empty switch in `\vc_router.$1025'.
Removing empty process `vc_router.$1025'.
Found and cleaned up 9 empty switches in `\vc_router.$982'.
Removing empty process `vc_router.$982'.
Found and cleaned up 9 empty switches in `\vc_router.$939'.
Removing empty process `vc_router.$939'.
Found and cleaned up 1 empty switch in `\vc_router.$1892'.
Removing empty process `vc_router.$1892'.
Found and cleaned up 1 empty switch in `\vc_router.$874'.
Removing empty process `vc_router.$874'.
Found and cleaned up 9 empty switches in `\vc_router.$831'.
Removing empty process `vc_router.$831'.
Found and cleaned up 9 empty switches in `\vc_router.$788'.
Removing empty process `vc_router.$788'.
Found and cleaned up 1 empty switch in `\vc_router.$1871'.
Removing empty process `vc_router.$1871'.
Found and cleaned up 1 empty switch in `\vc_router.$724'.
Removing empty process `vc_router.$724'.
Found and cleaned up 1 empty switch in `\vc_router.$713'.
Removing empty process `vc_router.$713'.
Found and cleaned up 1 empty switch in `\vc_router.$702'.
Removing empty process `vc_router.$702'.
Found and cleaned up 1 empty switch in `\vc_router.$1976'.
Removing empty process `vc_router.$1976'.
Found and cleaned up 1 empty switch in `\vc_router.$678'.
Removing empty process `vc_router.$678'.
Found and cleaned up 1 empty switch in `\vc_router.$667'.
Removing empty process `vc_router.$667'.
Found and cleaned up 1 empty switch in `\vc_router.$656'.
Removing empty process `vc_router.$656'.
Found and cleaned up 1 empty switch in `\vc_router.$1855'.
Removing empty process `vc_router.$1855'.
Found and cleaned up 1 empty switch in `\vc_router.$632'.
Removing empty process `vc_router.$632'.
Found and cleaned up 1 empty switch in `\vc_router.$621'.
Removing empty process `vc_router.$621'.
Found and cleaned up 1 empty switch in `\vc_router.$610'.
Removing empty process `vc_router.$610'.
Found and cleaned up 1 empty switch in `\vc_router.$1844'.
Removing empty process `vc_router.$1844'.
Found and cleaned up 1 empty switch in `\vc_router.$586'.
Removing empty process `vc_router.$586'.
Found and cleaned up 1 empty switch in `\vc_router.$575'.
Removing empty process `vc_router.$575'.
Found and cleaned up 1 empty switch in `\vc_router.$564'.
Removing empty process `vc_router.$564'.
Found and cleaned up 1 empty switch in `\vc_router.$1833'.
Removing empty process `vc_router.$1833'.
Found and cleaned up 1 empty switch in `\vc_router.$540'.
Removing empty process `vc_router.$540'.
Found and cleaned up 1 empty switch in `\vc_router.$529'.
Removing empty process `vc_router.$529'.
Found and cleaned up 1 empty switch in `\vc_router.$518'.
Removing empty process `vc_router.$518'.
Found and cleaned up 7 empty switches in `\vc_router.$346'.
Removing empty process `vc_router.$346'.
Found and cleaned up 1 empty switch in `\vc_router.$296'.
Removing empty process `vc_router.$296'.
Found and cleaned up 1 empty switch in `\vc_router.$288'.
Removing empty process `vc_router.$288'.
Found and cleaned up 1 empty switch in `\vc_router.$280'.
Removing empty process `vc_router.$280'.
Found and cleaned up 1 empty switch in `\vc_router.$272'.
Removing empty process `vc_router.$272'.
Found and cleaned up 1 empty switch in `\vc_router.$264'.
Removing empty process `vc_router.$264'.
Found and cleaned up 5 empty switches in `\vc_router.$196'.
Removing empty process `vc_router.$196'.
Found and cleaned up 5 empty switches in `\vc_router.$150'.
Removing empty process `vc_router.$150'.
Found and cleaned up 5 empty switches in `\vc_router.$104'.
Removing empty process `vc_router.$104'.
Found and cleaned up 5 empty switches in `\vc_router.$58'.
Removing empty process `vc_router.$58'.
Found and cleaned up 5 empty switches in `\vc_router.$12'.
Removing empty process `vc_router.$12'.
Cleaned up 217 empty switches.

1.8. Executing OPT_EXPR pass (perform const folding).
Optimizing module vc_router.
<suppressed ~229 debug messages>

2. Executing SYNTH pass.

2.1. Executing HIERARCHY pass (managing design hierarchy).

2.1.1. Analyzing design hierarchy..
Top module:  \vc_router

2.1.2. Analyzing design hierarchy..
Top module:  \vc_router
Removed 0 unused modules.

2.2. Executing PROC pass (convert processes to netlists).

2.2.1. Executing PROC_CLEAN pass (remove empty switches from decision trees).
Cleaned up 0 empty switches.

2.2.2. Executing PROC_RMDEAD pass (remove dead branches from decision trees).
Removed a total of 0 dead cases.

2.2.3. Executing PROC_PRUNE pass (remove redundant assignments in processes).
Removed 0 redundant assignments.
Promoted 0 assignments to connections.

2.2.4. Executing PROC_INIT pass (extract init attributes).

2.2.5. Executing PROC_ARST pass (detect async resets in processes).

2.2.6. Executing PROC_ROM pass (convert switches to ROMs).
Converted 0 switches.

2.2.7. Executing PROC_MUX pass (convert decision trees to multiplexers).

2.2.8. Executing PROC_DLATCH pass (convert process syncs to latches).

2.2.9. Executing PROC_DFF pass (convert process syncs to FFs).

2.2.10. Executing PROC_MEMWR pass (convert process memory writes to cells).

2.2.11. Executing PROC_CLEAN pass (remove empty switches from decision trees).
Cleaned up 0 empty switches.

2.2.12. Executing OPT_EXPR pass (perform const folding).
Optimizing module vc_router.

2.3. Executing CHECK pass (checking for obvious problems).
Checking module vc_router...
Found and reported 0 problems.

2.4. Executing FLATTEN pass (flatten design).

2.5. Executing OPT_EXPR pass (perform const folding).
Optimizing module vc_router.
<suppressed ~130 debug messages>

2.6. Executing CHECK pass (checking for obvious problems).
Checking module vc_router...
Found and reported 0 problems.

2.7. Executing OPT_CLEAN pass (remove unused cells and wires).
Finding unused cells or wires in module \vc_router..
Removed 96 unused cells and 1182 unused wires.
<suppressed ~732 debug messages>

2.8. Executing OPT pass (performing simple optimizations).

2.8.1. Executing OPT_EXPR pass (perform const folding).
Optimizing module vc_router.
<suppressed ~83 debug messages>

2.8.2. Executing OPT_MERGE pass (detect identical cells).
Finding identical cells in module `\vc_router'.
Computing hashes of 1040 cells of `\vc_router'.
Finding duplicate cells in `\vc_router'.
Computing hashes of 950 cells of `\vc_router'.
Finding duplicate cells in `\vc_router'.
Computing hashes of 915 cells of `\vc_router'.
Finding duplicate cells in `\vc_router'.
<suppressed ~375 debug messages>
Removed a total of 125 cells.

2.8.3. Executing OPT_MUXTREE pass (detect dead branches in mux trees).
Running muxtree optimizer on module \vc_router..
  Creating internal representation of mux trees.
  Evaluating internal representation of mux trees.
      Replacing known input bits on port B of cell $procmux$516: \g_watchdog.g_vn[0].q -> 1'1
      Replacing known input bits on port A of cell $procmux$499: \g_watchdog.g_vn[0].q -> 1'0
      Replacing known input bits on port A of cell $procmux$487: \g_watchdog.g_vn[0].q -> 1'0
  Analyzing evaluation results.
    dead port 1/2 on $mux $procmux$519.
    dead port 1/2 on $mux $procmux$512.
    dead port 1/2 on $mux $procmux$505.
    dead port 1/2 on $mux $procmux$502.
    dead port 1/2 on $mux $procmux$495.
    dead port 1/2 on $mux $procmux$492.
    dead port 2/2 on $mux $procmux$489.
    dead port 1/2 on $mux $procmux$481.
    dead port 1/2 on $mux $procmux$484.
Removed 9 multiplexer ports.
<suppressed ~403 debug messages>

2.8.4. Executing OPT_REDUCE pass (consolidate $*mux and $reduce_* inputs).
  Optimizing cells in module \vc_router.
Performed a total of 0 changes.

2.8.5. Executing OPT_MERGE pass (detect identical cells).
Finding identical cells in module `\vc_router'.
Computing hashes of 906 cells of `\vc_router'.
Finding duplicate cells in `\vc_router'.
Removed a total of 0 cells.

2.8.6. Executing OPT_DFF pass (perform DFF optimizations).
Changing const-value async load to async reset on $driver$g_in_port[0].g_in_vc[0].u_fifo.head ($aldff) from module vc_router.
Changing const-value async load to async reset on $driver$g_in_port[0].g_in_vc[0].u_fifo.tail ($aldff) from module vc_router.
Changing const-value async load to async reset on $driver$g_in_port[0].g_in_vc[0].u_fifo.count ($aldff) from module vc_router.
Changing const-value async load to async reset on $driver$g_out_arb[0].u_out_arb.ptr ($aldff) from module vc_router.
Changing const-value async load to async reset on $driver$g_in_port[1].g_in_vc[0].u_fifo.head ($aldff) from module vc_router.
Changing const-value async load to async reset on $driver$g_in_port[1].g_in_vc[0].u_fifo.tail ($aldff) from module vc_router.
Changing const-value async load to async reset on $driver$g_in_port[1].g_in_vc[0].u_fifo.count ($aldff) from module vc_router.
Changing const-value async load to async reset on $driver$g_in_port[2].g_in_vc[0].u_fifo.head ($aldff) from module vc_router.
Changing const-value async load to async reset on $driver$g_in_port[2].g_in_vc[0].u_fifo.tail ($aldff) from module vc_router.
Changing const-value async load to async reset on $driver$g_in_port[2].g_in_vc[0].u_fifo.count ($aldff) from module vc_router.
Changing const-value async load to async reset on $driver$g_in_port[3].g_in_vc[0].u_fifo.head ($aldff) from module vc_router.
Changing const-value async load to async reset on $driver$g_in_port[3].g_in_vc[0].u_fifo.tail ($aldff) from module vc_router.
Changing const-value async load to async reset on $driver$g_in_port[3].g_in_vc[0].u_fifo.count ($aldff) from module vc_router.
Changing const-value async load to async reset on $driver$g_in_port[4].g_in_vc[0].u_fifo.head ($aldff) from module vc_router.
Changing const-value async load to async reset on $driver$g_in_port[4].g_in_vc[0].u_fifo.tail ($aldff) from module vc_router.
Changing const-value async load to async reset on $driver$g_in_port[4].g_in_vc[0].u_fifo.count ($aldff) from module vc_router.
Changing const-value async load to async reset on $driver$g_out_arb[3].u_out_arb.ptr ($aldff) from module vc_router.
Changing const-value async load to async reset on $driver$g_out_arb[1].u_out_arb.ptr ($aldff) from module vc_router.
Changing const-value async load to async reset on $driver$credit_count[0] ($aldff) from module vc_router.
Changing const-value async load to async reset on $driver$credit_count[1] ($aldff) from module vc_router.
Changing const-value async load to async reset on $driver$credit_count[2] ($aldff) from module vc_router.
Changing const-value async load to async reset on $driver$credit_count[3] ($aldff) from module vc_router.
Changing const-value async load to async reset on $driver$credit_count[4] ($aldff) from module vc_router.
Changing const-value async load to async reset on $driver$g_watchdog.g_vn[0].q ($aldff) from module vc_router.
Changing const-value async load to async reset on $driver$g_watchdog.g_vn[0].starve_cnt ($aldff) from module vc_router.
Changing const-value async load to async reset on $driver$g_out_arb[4].u_out_arb.ptr ($aldff) from module vc_router.
Changing const-value async load to async reset on $driver$g_out_arb[2].u_out_arb.ptr ($aldff) from module vc_router.

2.8.7. Executing OPT_CLEAN pass (remove unused cells and wires).
Finding unused cells or wires in module \vc_router..
Removed 10 unused cells and 179 unused wires.
<suppressed ~12 debug messages>

2.8.8. Executing OPT_EXPR pass (perform const folding).
Optimizing module vc_router.

2.8.9. Rerunning OPT passes. (Maybe there is more to do..)

2.8.10. Executing OPT_MUXTREE pass (detect dead branches in mux trees).
Running muxtree optimizer on module \vc_router..
  Creating internal representation of mux trees.
  Evaluating internal representation of mux trees.
  Analyzing evaluation results.
Removed 0 multiplexer ports.
<suppressed ~394 debug messages>

2.8.11. Executing OPT_REDUCE pass (consolidate $*mux and $reduce_* inputs).
  Optimizing cells in module \vc_router.
Performed a total of 0 changes.

2.8.12. Executing OPT_MERGE pass (detect identical cells).
Finding identical cells in module `\vc_router'.
Computing hashes of 896 cells of `\vc_router'.
Finding duplicate cells in `\vc_router'.
Removed a total of 0 cells.

2.8.13. Executing OPT_DFF pass (perform DFF optimizations).

2.8.14. Executing OPT_CLEAN pass (remove unused cells and wires).
Finding unused cells or wires in module \vc_router..

2.8.15. Executing OPT_EXPR pass (perform const folding).
Optimizing module vc_router.

2.8.16. Finished fast OPT passes. (There is nothing left to do.)

2.9. Executing FSM pass (extract and optimize FSM).

2.9.1. Executing FSM_DETECT pass (finding FSMs in design).

2.9.2. Executing FSM_EXTRACT pass (extracting FSM from design).

2.9.3. Executing FSM_OPT pass (simple optimizations of FSMs).

2.9.4. Executing OPT_CLEAN pass (remove unused cells and wires).
Finding unused cells or wires in module \vc_router..

2.9.5. Executing FSM_OPT pass (simple optimizations of FSMs).

2.9.6. Executing FSM_RECODE pass (re-assigning FSM state encoding).

2.9.7. Executing FSM_INFO pass (dumping all available information on FSM cells).

2.9.8. Executing FSM_MAP pass (mapping FSMs to basic logic).

2.10. Executing OPT pass (performing simple optimizations).

2.10.1. Executing OPT_EXPR pass (perform const folding).
Optimizing module vc_router.

2.10.2. Executing OPT_MERGE pass (detect identical cells).
Finding identical cells in module `\vc_router'.
Computing hashes of 896 cells of `\vc_router'.
Finding duplicate cells in `\vc_router'.
Removed a total of 0 cells.

2.10.3. Executing OPT_MUXTREE pass (detect dead branches in mux trees).
Running muxtree optimizer on module \vc_router..
  Creating internal representation of mux trees.
  Evaluating internal representation of mux trees.
  Analyzing evaluation results.
Removed 0 multiplexer ports.
<suppressed ~394 debug messages>

2.10.4. Executing OPT_REDUCE pass (consolidate $*mux and $reduce_* inputs).
  Optimizing cells in module \vc_router.
Performed a total of 0 changes.

2.10.5. Executing OPT_MERGE pass (detect identical cells).
Finding identical cells in module `\vc_router'.
Computing hashes of 896 cells of `\vc_router'.
Finding duplicate cells in `\vc_router'.
Removed a total of 0 cells.

2.10.6. Executing OPT_DFF pass (perform DFF optimizations).
Adding EN signal on $driver$g_in_port[0].g_in_vc[0].u_fifo.mem[0].mclass ($dffe) from module vc_router (D = $18y [33:32], Q = \g_in_port[0].g_in_vc[0].u_fifo.mem [33:32]).
Adding EN signal on $driver$g_in_port[0].g_in_vc[0].u_fifo.mem[0].src_x ($dffe) from module vc_router (D = $18y [31:28], Q = \g_in_port[0].g_in_vc[0].u_fifo.mem [31:28]).
Adding EN signal on $driver$g_in_port[0].g_in_vc[0].u_fifo.mem[0].src_y ($dffe) from module vc_router (D = $18y [27:24], Q = \g_in_port[0].g_in_vc[0].u_fifo.mem [27:24]).
Adding EN signal on $driver$g_in_port[0].g_in_vc[0].u_fifo.mem[0].dest_x ($dffe) from module vc_router (D = $18y [23:20], Q = \g_in_port[0].g_in_vc[0].u_fifo.mem [23:20]).
Adding EN signal on $driver$g_in_port[0].g_in_vc[0].u_fifo.mem[0].dest_y ($dffe) from module vc_router (D = $18y [19:16], Q = \g_in_port[0].g_in_vc[0].u_fifo.mem [19:16]).
Adding EN signal on $driver$g_in_port[0].g_in_vc[0].u_fifo.mem[0].payload ($dffe) from module vc_router (D = $18y [15:0], Q = \g_in_port[0].g_in_vc[0].u_fifo.mem [15:0]).
Adding EN signal on $driver$g_in_port[0].g_in_vc[0].u_fifo.mem[1].mclass ($dffe) from module vc_router (D = $18y [67:66], Q = \g_in_port[0].g_in_vc[0].u_fifo.mem [67:66]).
Adding EN signal on $driver$g_in_port[0].g_in_vc[0].u_fifo.mem[1].src_x ($dffe) from module vc_router (D = $18y [65:62], Q = \g_in_port[0].g_in_vc[0].u_fifo.mem [65:62]).
Adding EN signal on $driver$g_in_port[0].g_in_vc[0].u_fifo.mem[1].src_y ($dffe) from module vc_router (D = $18y [61:58], Q = \g_in_port[0].g_in_vc[0].u_fifo.mem [61:58]).
Adding EN signal on $driver$g_in_port[0].g_in_vc[0].u_fifo.mem[1].dest_x ($dffe) from module vc_router (D = $18y [57:54], Q = \g_in_port[0].g_in_vc[0].u_fifo.mem [57:54]).
Adding EN signal on $driver$g_in_port[0].g_in_vc[0].u_fifo.mem[1].dest_y ($dffe) from module vc_router (D = $18y [53:50], Q = \g_in_port[0].g_in_vc[0].u_fifo.mem [53:50]).
Adding EN signal on $driver$g_in_port[0].g_in_vc[0].u_fifo.mem[1].payload ($dffe) from module vc_router (D = $18y [49:34], Q = \g_in_port[0].g_in_vc[0].u_fifo.mem [49:34]).
Adding EN signal on $driver$g_in_port[0].g_in_vc[0].u_fifo.mem[2].mclass ($dffe) from module vc_router (D = $18y [101:100], Q = \g_in_port[0].g_in_vc[0].u_fifo.mem [101:100]).
Adding EN signal on $driver$g_in_port[0].g_in_vc[0].u_fifo.mem[2].src_x ($dffe) from module vc_router (D = $18y [99:96], Q = \g_in_port[0].g_in_vc[0].u_fifo.mem [99:96]).
Adding EN signal on $driver$g_in_port[0].g_in_vc[0].u_fifo.mem[2].src_y ($dffe) from module vc_router (D = $18y [95:92], Q = \g_in_port[0].g_in_vc[0].u_fifo.mem [95:92]).
Adding EN signal on $driver$g_in_port[0].g_in_vc[0].u_fifo.mem[2].dest_x ($dffe) from module vc_router (D = $18y [91:88], Q = \g_in_port[0].g_in_vc[0].u_fifo.mem [91:88]).
Adding EN signal on $driver$g_in_port[0].g_in_vc[0].u_fifo.mem[2].dest_y ($dffe) from module vc_router (D = $18y [87:84], Q = \g_in_port[0].g_in_vc[0].u_fifo.mem [87:84]).
Adding EN signal on $driver$g_in_port[0].g_in_vc[0].u_fifo.mem[2].payload ($dffe) from module vc_router (D = $18y [83:68], Q = \g_in_port[0].g_in_vc[0].u_fifo.mem [83:68]).
Adding EN signal on $driver$g_in_port[0].g_in_vc[0].u_fifo.mem[3].mclass ($dffe) from module vc_router (D = $18y [135:134], Q = \g_in_port[0].g_in_vc[0].u_fifo.mem [135:134]).
Adding EN signal on $driver$g_in_port[0].g_in_vc[0].u_fifo.mem[3].src_x ($dffe) from module vc_router (D = $18y [133:130], Q = \g_in_port[0].g_in_vc[0].u_fifo.mem [133:130]).
Adding EN signal on $driver$g_in_port[0].g_in_vc[0].u_fifo.mem[3].src_y ($dffe) from module vc_router (D = $18y [129:126], Q = \g_in_port[0].g_in_vc[0].u_fifo.mem [129:126]).
Adding EN signal on $driver$g_in_port[0].g_in_vc[0].u_fifo.mem[3].dest_x ($dffe) from module vc_router (D = $18y [125:122], Q = \g_in_port[0].g_in_vc[0].u_fifo.mem [125:122]).
Adding EN signal on $driver$g_in_port[0].g_in_vc[0].u_fifo.mem[3].dest_y ($dffe) from module vc_router (D = $18y [121:118], Q = \g_in_port[0].g_in_vc[0].u_fifo.mem [121:118]).
Adding EN signal on $driver$g_in_port[0].g_in_vc[0].u_fifo.mem[3].payload ($dffe) from module vc_router (D = $18y [117:102], Q = \g_in_port[0].g_in_vc[0].u_fifo.mem [117:102]).
Adding EN signal on $driver$g_in_port[0].g_in_vc[0].u_fifo.head ($adff) from module vc_router (D = $28y, Q = \g_in_port[0].g_in_vc[0].u_fifo.head).
Adding EN signal on $driver$g_in_port[0].g_in_vc[0].u_fifo.tail ($adff) from module vc_router (D = $21y, Q = \g_in_port[0].g_in_vc[0].u_fifo.tail).
Adding EN signal on $driver$g_in_port[0].g_in_vc[0].u_fifo.count ($adff) from module vc_router (D = $g_in_port[0].g_in_vc[0].u_fifo.count$36, Q = \g_in_port[0].g_in_vc[0].u_fifo.count).
Adding EN signal on $driver$g_in_port[1].g_in_vc[0].u_fifo.mem[0].mclass ($dffe) from module vc_router (D = $64y [33:32], Q = \g_in_port[1].g_in_vc[0].u_fifo.mem [33:32]).
Adding EN signal on $driver$g_in_port[1].g_in_vc[0].u_fifo.mem[0].src_x ($dffe) from module vc_router (D = $64y [31:28], Q = \g_in_port[1].g_in_vc[0].u_fifo.mem [31:28]).
Adding EN signal on $driver$g_in_port[1].g_in_vc[0].u_fifo.mem[0].src_y ($dffe) from module vc_router (D = $64y [27:24], Q = \g_in_port[1].g_in_vc[0].u_fifo.mem [27:24]).
Adding EN signal on $driver$g_in_port[1].g_in_vc[0].u_fifo.mem[0].dest_x ($dffe) from module vc_router (D = $64y [23:20], Q = \g_in_port[1].g_in_vc[0].u_fifo.mem [23:20]).
Adding EN signal on $driver$g_in_port[1].g_in_vc[0].u_fifo.mem[0].dest_y ($dffe) from module vc_router (D = $64y [19:16], Q = \g_in_port[1].g_in_vc[0].u_fifo.mem [19:16]).
Adding EN signal on $driver$g_in_port[1].g_in_vc[0].u_fifo.mem[0].payload ($dffe) from module vc_router (D = $64y [15:0], Q = \g_in_port[1].g_in_vc[0].u_fifo.mem [15:0]).
Adding EN signal on $driver$g_in_port[1].g_in_vc[0].u_fifo.mem[1].mclass ($dffe) from module vc_router (D = $64y [67:66], Q = \g_in_port[1].g_in_vc[0].u_fifo.mem [67:66]).
Adding EN signal on $driver$g_in_port[1].g_in_vc[0].u_fifo.mem[1].src_x ($dffe) from module vc_router (D = $64y [65:62], Q = \g_in_port[1].g_in_vc[0].u_fifo.mem [65:62]).
Adding EN signal on $driver$g_in_port[1].g_in_vc[0].u_fifo.mem[1].src_y ($dffe) from module vc_router (D = $64y [61:58], Q = \g_in_port[1].g_in_vc[0].u_fifo.mem [61:58]).
Adding EN signal on $driver$g_in_port[1].g_in_vc[0].u_fifo.mem[1].dest_x ($dffe) from module vc_router (D = $64y [57:54], Q = \g_in_port[1].g_in_vc[0].u_fifo.mem [57:54]).
Adding EN signal on $driver$g_in_port[1].g_in_vc[0].u_fifo.mem[1].dest_y ($dffe) from module vc_router (D = $64y [53:50], Q = \g_in_port[1].g_in_vc[0].u_fifo.mem [53:50]).
Adding EN signal on $driver$g_in_port[1].g_in_vc[0].u_fifo.mem[1].payload ($dffe) from module vc_router (D = $64y [49:34], Q = \g_in_port[1].g_in_vc[0].u_fifo.mem [49:34]).
Adding EN signal on $driver$g_in_port[1].g_in_vc[0].u_fifo.mem[2].mclass ($dffe) from module vc_router (D = $64y [101:100], Q = \g_in_port[1].g_in_vc[0].u_fifo.mem [101:100]).
Adding EN signal on $driver$g_in_port[1].g_in_vc[0].u_fifo.mem[2].src_x ($dffe) from module vc_router (D = $64y [99:96], Q = \g_in_port[1].g_in_vc[0].u_fifo.mem [99:96]).
Adding EN signal on $driver$g_in_port[1].g_in_vc[0].u_fifo.mem[2].src_y ($dffe) from module vc_router (D = $64y [95:92], Q = \g_in_port[1].g_in_vc[0].u_fifo.mem [95:92]).
Adding EN signal on $driver$g_in_port[1].g_in_vc[0].u_fifo.mem[2].dest_x ($dffe) from module vc_router (D = $64y [91:88], Q = \g_in_port[1].g_in_vc[0].u_fifo.mem [91:88]).
Adding EN signal on $driver$g_in_port[1].g_in_vc[0].u_fifo.mem[2].dest_y ($dffe) from module vc_router (D = $64y [87:84], Q = \g_in_port[1].g_in_vc[0].u_fifo.mem [87:84]).
Adding EN signal on $driver$g_in_port[1].g_in_vc[0].u_fifo.mem[2].payload ($dffe) from module vc_router (D = $64y [83:68], Q = \g_in_port[1].g_in_vc[0].u_fifo.mem [83:68]).
Adding EN signal on $driver$g_in_port[1].g_in_vc[0].u_fifo.mem[3].mclass ($dffe) from module vc_router (D = $64y [135:134], Q = \g_in_port[1].g_in_vc[0].u_fifo.mem [135:134]).
Adding EN signal on $driver$g_in_port[1].g_in_vc[0].u_fifo.mem[3].src_x ($dffe) from module vc_router (D = $64y [133:130], Q = \g_in_port[1].g_in_vc[0].u_fifo.mem [133:130]).
Adding EN signal on $driver$g_in_port[1].g_in_vc[0].u_fifo.mem[3].src_y ($dffe) from module vc_router (D = $64y [129:126], Q = \g_in_port[1].g_in_vc[0].u_fifo.mem [129:126]).
Adding EN signal on $driver$g_in_port[1].g_in_vc[0].u_fifo.mem[3].dest_x ($dffe) from module vc_router (D = $64y [125:122], Q = \g_in_port[1].g_in_vc[0].u_fifo.mem [125:122]).
Adding EN signal on $driver$g_in_port[1].g_in_vc[0].u_fifo.mem[3].dest_y ($dffe) from module vc_router (D = $64y [121:118], Q = \g_in_port[1].g_in_vc[0].u_fifo.mem [121:118]).
Adding EN signal on $driver$g_in_port[1].g_in_vc[0].u_fifo.mem[3].payload ($dffe) from module vc_router (D = $64y [117:102], Q = \g_in_port[1].g_in_vc[0].u_fifo.mem [117:102]).
Adding EN signal on $driver$g_out_arb[0].u_out_arb.ptr ($adff) from module vc_router (D = $878y, Q = \g_out_arb[0].u_out_arb.ptr).
Adding EN signal on $driver$g_in_port[1].g_in_vc[0].u_fifo.head ($adff) from module vc_router (D = $74y, Q = \g_in_port[1].g_in_vc[0].u_fifo.head).
Adding EN signal on $driver$g_in_port[1].g_in_vc[0].u_fifo.tail ($adff) from module vc_router (D = $67y, Q = \g_in_port[1].g_in_vc[0].u_fifo.tail).
Adding EN signal on $driver$g_in_port[2].g_in_vc[0].u_fifo.mem[0].mclass ($dffe) from module vc_router (D = $110y [33:32], Q = \g_in_port[2].g_in_vc[0].u_fifo.mem [33:32]).
Adding EN signal on $driver$g_in_port[2].g_in_vc[0].u_fifo.mem[0].src_x ($dffe) from module vc_router (D = $110y [31:28], Q = \g_in_port[2].g_in_vc[0].u_fifo.mem [31:28]).
Adding EN signal on $driver$g_in_port[2].g_in_vc[0].u_fifo.mem[0].src_y ($dffe) from module vc_router (D = $110y [27:24], Q = \g_in_port[2].g_in_vc[0].u_fifo.mem [27:24]).
Adding EN signal on $driver$g_in_port[2].g_in_vc[0].u_fifo.mem[0].dest_x ($dffe) from module vc_router (D = $110y [23:20], Q = \g_in_port[2].g_in_vc[0].u_fifo.mem [23:20]).
Adding EN signal on $driver$g_in_port[2].g_in_vc[0].u_fifo.mem[0].dest_y ($dffe) from module vc_router (D = $110y [19:16], Q = \g_in_port[2].g_in_vc[0].u_fifo.mem [19:16]).
Adding EN signal on $driver$g_in_port[2].g_in_vc[0].u_fifo.mem[0].payload ($dffe) from module vc_router (D = $110y [15:0], Q = \g_in_port[2].g_in_vc[0].u_fifo.mem [15:0]).
Adding EN signal on $driver$g_in_port[2].g_in_vc[0].u_fifo.mem[1].mclass ($dffe) from module vc_router (D = $110y [67:66], Q = \g_in_port[2].g_in_vc[0].u_fifo.mem [67:66]).
Adding EN signal on $driver$g_in_port[2].g_in_vc[0].u_fifo.mem[1].src_x ($dffe) from module vc_router (D = $110y [65:62], Q = \g_in_port[2].g_in_vc[0].u_fifo.mem [65:62]).
Adding EN signal on $driver$g_in_port[2].g_in_vc[0].u_fifo.mem[1].src_y ($dffe) from module vc_router (D = $110y [61:58], Q = \g_in_port[2].g_in_vc[0].u_fifo.mem [61:58]).
Adding EN signal on $driver$g_in_port[2].g_in_vc[0].u_fifo.mem[1].dest_x ($dffe) from module vc_router (D = $110y [57:54], Q = \g_in_port[2].g_in_vc[0].u_fifo.mem [57:54]).
Adding EN signal on $driver$g_in_port[2].g_in_vc[0].u_fifo.mem[1].dest_y ($dffe) from module vc_router (D = $110y [53:50], Q = \g_in_port[2].g_in_vc[0].u_fifo.mem [53:50]).
Adding EN signal on $driver$g_in_port[2].g_in_vc[0].u_fifo.mem[1].payload ($dffe) from module vc_router (D = $110y [49:34], Q = \g_in_port[2].g_in_vc[0].u_fifo.mem [49:34]).
Adding EN signal on $driver$g_in_port[2].g_in_vc[0].u_fifo.mem[2].mclass ($dffe) from module vc_router (D = $110y [101:100], Q = \g_in_port[2].g_in_vc[0].u_fifo.mem [101:100]).
Adding EN signal on $driver$g_in_port[2].g_in_vc[0].u_fifo.mem[2].src_x ($dffe) from module vc_router (D = $110y [99:96], Q = \g_in_port[2].g_in_vc[0].u_fifo.mem [99:96]).
Adding EN signal on $driver$g_in_port[2].g_in_vc[0].u_fifo.mem[2].src_y ($dffe) from module vc_router (D = $110y [95:92], Q = \g_in_port[2].g_in_vc[0].u_fifo.mem [95:92]).
Adding EN signal on $driver$g_in_port[2].g_in_vc[0].u_fifo.mem[2].dest_x ($dffe) from module vc_router (D = $110y [91:88], Q = \g_in_port[2].g_in_vc[0].u_fifo.mem [91:88]).
Adding EN signal on $driver$g_in_port[2].g_in_vc[0].u_fifo.mem[2].dest_y ($dffe) from module vc_router (D = $110y [87:84], Q = \g_in_port[2].g_in_vc[0].u_fifo.mem [87:84]).
Adding EN signal on $driver$g_in_port[2].g_in_vc[0].u_fifo.mem[2].payload ($dffe) from module vc_router (D = $110y [83:68], Q = \g_in_port[2].g_in_vc[0].u_fifo.mem [83:68]).
Adding EN signal on $driver$g_in_port[2].g_in_vc[0].u_fifo.mem[3].mclass ($dffe) from module vc_router (D = $110y [135:134], Q = \g_in_port[2].g_in_vc[0].u_fifo.mem [135:134]).
Adding EN signal on $driver$g_in_port[2].g_in_vc[0].u_fifo.mem[3].src_x ($dffe) from module vc_router (D = $110y [133:130], Q = \g_in_port[2].g_in_vc[0].u_fifo.mem [133:130]).
Adding EN signal on $driver$g_in_port[2].g_in_vc[0].u_fifo.mem[3].src_y ($dffe) from module vc_router (D = $110y [129:126], Q = \g_in_port[2].g_in_vc[0].u_fifo.mem [129:126]).
Adding EN signal on $driver$g_in_port[2].g_in_vc[0].u_fifo.mem[3].dest_x ($dffe) from module vc_router (D = $110y [125:122], Q = \g_in_port[2].g_in_vc[0].u_fifo.mem [125:122]).
Adding EN signal on $driver$g_in_port[2].g_in_vc[0].u_fifo.mem[3].dest_y ($dffe) from module vc_router (D = $110y [121:118], Q = \g_in_port[2].g_in_vc[0].u_fifo.mem [121:118]).
Adding EN signal on $driver$g_in_port[2].g_in_vc[0].u_fifo.mem[3].payload ($dffe) from module vc_router (D = $110y [117:102], Q = \g_in_port[2].g_in_vc[0].u_fifo.mem [117:102]).
Adding EN signal on $driver$g_in_port[1].g_in_vc[0].u_fifo.count ($adff) from module vc_router (D = $g_in_port[1].g_in_vc[0].u_fifo.count$82, Q = \g_in_port[1].g_in_vc[0].u_fifo.count).
Adding EN signal on $driver$g_in_port[2].g_in_vc[0].u_fifo.head ($adff) from module vc_router (D = $120y, Q = \g_in_port[2].g_in_vc[0].u_fifo.head).
Adding EN signal on $driver$g_in_port[2].g_in_vc[0].u_fifo.tail ($adff) from module vc_router (D = $113y, Q = \g_in_port[2].g_in_vc[0].u_fifo.tail).
Adding EN signal on $driver$g_in_port[3].g_in_vc[0].u_fifo.mem[0].mclass ($dffe) from module vc_router (D = $156y [33:32], Q = \g_in_port[3].g_in_vc[0].u_fifo.mem [33:32]).
Adding EN signal on $driver$g_in_port[3].g_in_vc[0].u_fifo.mem[0].src_x ($dffe) from module vc_router (D = $156y [31:28], Q = \g_in_port[3].g_in_vc[0].u_fifo.mem [31:28]).
Adding EN signal on $driver$g_in_port[3].g_in_vc[0].u_fifo.mem[0].src_y ($dffe) from module vc_router (D = $156y [27:24], Q = \g_in_port[3].g_in_vc[0].u_fifo.mem [27:24]).
Adding EN signal on $driver$g_in_port[3].g_in_vc[0].u_fifo.mem[0].dest_x ($dffe) from module vc_router (D = $156y [23:20], Q = \g_in_port[3].g_in_vc[0].u_fifo.mem [23:20]).
Adding EN signal on $driver$g_in_port[3].g_in_vc[0].u_fifo.mem[0].dest_y ($dffe) from module vc_router (D = $156y [19:16], Q = \g_in_port[3].g_in_vc[0].u_fifo.mem [19:16]).
Adding EN signal on $driver$g_in_port[3].g_in_vc[0].u_fifo.mem[0].payload ($dffe) from module vc_router (D = $156y [15:0], Q = \g_in_port[3].g_in_vc[0].u_fifo.mem [15:0]).
Adding EN signal on $driver$g_in_port[3].g_in_vc[0].u_fifo.mem[1].mclass ($dffe) from module vc_router (D = $156y [67:66], Q = \g_in_port[3].g_in_vc[0].u_fifo.mem [67:66]).
Adding EN signal on $driver$g_in_port[3].g_in_vc[0].u_fifo.mem[1].src_x ($dffe) from module vc_router (D = $156y [65:62], Q = \g_in_port[3].g_in_vc[0].u_fifo.mem [65:62]).
Adding EN signal on $driver$g_in_port[3].g_in_vc[0].u_fifo.mem[1].src_y ($dffe) from module vc_router (D = $156y [61:58], Q = \g_in_port[3].g_in_vc[0].u_fifo.mem [61:58]).
Adding EN signal on $driver$g_in_port[3].g_in_vc[0].u_fifo.mem[1].dest_x ($dffe) from module vc_router (D = $156y [57:54], Q = \g_in_port[3].g_in_vc[0].u_fifo.mem [57:54]).
Adding EN signal on $driver$g_in_port[3].g_in_vc[0].u_fifo.mem[1].dest_y ($dffe) from module vc_router (D = $156y [53:50], Q = \g_in_port[3].g_in_vc[0].u_fifo.mem [53:50]).
Adding EN signal on $driver$g_in_port[3].g_in_vc[0].u_fifo.mem[1].payload ($dffe) from module vc_router (D = $156y [49:34], Q = \g_in_port[3].g_in_vc[0].u_fifo.mem [49:34]).
Adding EN signal on $driver$g_in_port[3].g_in_vc[0].u_fifo.mem[2].mclass ($dffe) from module vc_router (D = $156y [101:100], Q = \g_in_port[3].g_in_vc[0].u_fifo.mem [101:100]).
Adding EN signal on $driver$g_in_port[3].g_in_vc[0].u_fifo.mem[2].src_x ($dffe) from module vc_router (D = $156y [99:96], Q = \g_in_port[3].g_in_vc[0].u_fifo.mem [99:96]).
Adding EN signal on $driver$g_in_port[3].g_in_vc[0].u_fifo.mem[2].src_y ($dffe) from module vc_router (D = $156y [95:92], Q = \g_in_port[3].g_in_vc[0].u_fifo.mem [95:92]).
Adding EN signal on $driver$g_in_port[3].g_in_vc[0].u_fifo.mem[2].dest_x ($dffe) from module vc_router (D = $156y [91:88], Q = \g_in_port[3].g_in_vc[0].u_fifo.mem [91:88]).
Adding EN signal on $driver$g_in_port[3].g_in_vc[0].u_fifo.mem[2].dest_y ($dffe) from module vc_router (D = $156y [87:84], Q = \g_in_port[3].g_in_vc[0].u_fifo.mem [87:84]).
Adding EN signal on $driver$g_in_port[3].g_in_vc[0].u_fifo.mem[2].payload ($dffe) from module vc_router (D = $156y [83:68], Q = \g_in_port[3].g_in_vc[0].u_fifo.mem [83:68]).
Adding EN signal on $driver$g_in_port[3].g_in_vc[0].u_fifo.mem[3].mclass ($dffe) from module vc_router (D = $156y [135:134], Q = \g_in_port[3].g_in_vc[0].u_fifo.mem [135:134]).
Adding EN signal on $driver$g_in_port[3].g_in_vc[0].u_fifo.mem[3].src_x ($dffe) from module vc_router (D = $156y [133:130], Q = \g_in_port[3].g_in_vc[0].u_fifo.mem [133:130]).
Adding EN signal on $driver$g_in_port[3].g_in_vc[0].u_fifo.mem[3].src_y ($dffe) from module vc_router (D = $156y [129:126], Q = \g_in_port[3].g_in_vc[0].u_fifo.mem [129:126]).
Adding EN signal on $driver$g_in_port[3].g_in_vc[0].u_fifo.mem[3].dest_x ($dffe) from module vc_router (D = $156y [125:122], Q = \g_in_port[3].g_in_vc[0].u_fifo.mem [125:122]).
Adding EN signal on $driver$g_in_port[3].g_in_vc[0].u_fifo.mem[3].dest_y ($dffe) from module vc_router (D = $156y [121:118], Q = \g_in_port[3].g_in_vc[0].u_fifo.mem [121:118]).
Adding EN signal on $driver$g_in_port[3].g_in_vc[0].u_fifo.mem[3].payload ($dffe) from module vc_router (D = $156y [117:102], Q = \g_in_port[3].g_in_vc[0].u_fifo.mem [117:102]).
Adding EN signal on $driver$g_in_port[2].g_in_vc[0].u_fifo.count ($adff) from module vc_router (D = $g_in_port[2].g_in_vc[0].u_fifo.count$128, Q = \g_in_port[2].g_in_vc[0].u_fifo.count).
Adding EN signal on $driver$g_in_port[3].g_in_vc[0].u_fifo.head ($adff) from module vc_router (D = $166y, Q = \g_in_port[3].g_in_vc[0].u_fifo.head).
Adding EN signal on $driver$g_in_port[3].g_in_vc[0].u_fifo.tail ($adff) from module vc_router (D = $159y, Q = \g_in_port[3].g_in_vc[0].u_fifo.tail).
Adding EN signal on $driver$g_in_port[4].g_in_vc[0].u_fifo.mem[0].mclass ($dffe) from module vc_router (D = $202y [33:32], Q = \g_in_port[4].g_in_vc[0].u_fifo.mem [33:32]).
Adding EN signal on $driver$g_in_port[4].g_in_vc[0].u_fifo.mem[0].src_x ($dffe) from module vc_router (D = $202y [31:28], Q = \g_in_port[4].g_in_vc[0].u_fifo.mem [31:28]).
Adding EN signal on $driver$g_in_port[4].g_in_vc[0].u_fifo.mem[0].src_y ($dffe) from module vc_router (D = $202y [27:24], Q = \g_in_port[4].g_in_vc[0].u_fifo.mem [27:24]).
Adding EN signal on $driver$g_in_port[4].g_in_vc[0].u_fifo.mem[0].dest_x ($dffe) from module vc_router (D = $202y [23:20], Q = \g_in_port[4].g_in_vc[0].u_fifo.mem [23:20]).
Adding EN signal on $driver$g_in_port[4].g_in_vc[0].u_fifo.mem[0].dest_y ($dffe) from module vc_router (D = $202y [19:16], Q = \g_in_port[4].g_in_vc[0].u_fifo.mem [19:16]).
Adding EN signal on $driver$g_in_port[4].g_in_vc[0].u_fifo.mem[0].payload ($dffe) from module vc_router (D = $202y [15:0], Q = \g_in_port[4].g_in_vc[0].u_fifo.mem [15:0]).
Adding EN signal on $driver$g_in_port[4].g_in_vc[0].u_fifo.mem[1].mclass ($dffe) from module vc_router (D = $202y [67:66], Q = \g_in_port[4].g_in_vc[0].u_fifo.mem [67:66]).
Adding EN signal on $driver$g_in_port[4].g_in_vc[0].u_fifo.mem[1].src_x ($dffe) from module vc_router (D = $202y [65:62], Q = \g_in_port[4].g_in_vc[0].u_fifo.mem [65:62]).
Adding EN signal on $driver$g_in_port[4].g_in_vc[0].u_fifo.mem[1].src_y ($dffe) from module vc_router (D = $202y [61:58], Q = \g_in_port[4].g_in_vc[0].u_fifo.mem [61:58]).
Adding EN signal on $driver$g_in_port[4].g_in_vc[0].u_fifo.mem[1].dest_x ($dffe) from module vc_router (D = $202y [57:54], Q = \g_in_port[4].g_in_vc[0].u_fifo.mem [57:54]).
Adding EN signal on $driver$g_in_port[4].g_in_vc[0].u_fifo.mem[1].dest_y ($dffe) from module vc_router (D = $202y [53:50], Q = \g_in_port[4].g_in_vc[0].u_fifo.mem [53:50]).
Adding EN signal on $driver$g_in_port[4].g_in_vc[0].u_fifo.mem[1].payload ($dffe) from module vc_router (D = $202y [49:34], Q = \g_in_port[4].g_in_vc[0].u_fifo.mem [49:34]).
Adding EN signal on $driver$g_in_port[4].g_in_vc[0].u_fifo.mem[2].mclass ($dffe) from module vc_router (D = $202y [101:100], Q = \g_in_port[4].g_in_vc[0].u_fifo.mem [101:100]).
Adding EN signal on $driver$g_in_port[4].g_in_vc[0].u_fifo.mem[2].src_x ($dffe) from module vc_router (D = $202y [99:96], Q = \g_in_port[4].g_in_vc[0].u_fifo.mem [99:96]).
Adding EN signal on $driver$g_in_port[4].g_in_vc[0].u_fifo.mem[2].src_y ($dffe) from module vc_router (D = $202y [95:92], Q = \g_in_port[4].g_in_vc[0].u_fifo.mem [95:92]).
Adding EN signal on $driver$g_in_port[4].g_in_vc[0].u_fifo.mem[2].dest_x ($dffe) from module vc_router (D = $202y [91:88], Q = \g_in_port[4].g_in_vc[0].u_fifo.mem [91:88]).
Adding EN signal on $driver$g_in_port[4].g_in_vc[0].u_fifo.mem[2].dest_y ($dffe) from module vc_router (D = $202y [87:84], Q = \g_in_port[4].g_in_vc[0].u_fifo.mem [87:84]).
Adding EN signal on $driver$g_in_port[4].g_in_vc[0].u_fifo.mem[2].payload ($dffe) from module vc_router (D = $202y [83:68], Q = \g_in_port[4].g_in_vc[0].u_fifo.mem [83:68]).
Adding EN signal on $driver$g_in_port[4].g_in_vc[0].u_fifo.mem[3].mclass ($dffe) from module vc_router (D = $202y [135:134], Q = \g_in_port[4].g_in_vc[0].u_fifo.mem [135:134]).
Adding EN signal on $driver$g_in_port[4].g_in_vc[0].u_fifo.mem[3].src_x ($dffe) from module vc_router (D = $202y [133:130], Q = \g_in_port[4].g_in_vc[0].u_fifo.mem [133:130]).
Adding EN signal on $driver$g_in_port[4].g_in_vc[0].u_fifo.mem[3].src_y ($dffe) from module vc_router (D = $202y [129:126], Q = \g_in_port[4].g_in_vc[0].u_fifo.mem [129:126]).
Adding EN signal on $driver$g_in_port[4].g_in_vc[0].u_fifo.mem[3].dest_x ($dffe) from module vc_router (D = $202y [125:122], Q = \g_in_port[4].g_in_vc[0].u_fifo.mem [125:122]).
Adding EN signal on $driver$g_in_port[4].g_in_vc[0].u_fifo.mem[3].dest_y ($dffe) from module vc_router (D = $202y [121:118], Q = \g_in_port[4].g_in_vc[0].u_fifo.mem [121:118]).
Adding EN signal on $driver$g_in_port[4].g_in_vc[0].u_fifo.mem[3].payload ($dffe) from module vc_router (D = $202y [117:102], Q = \g_in_port[4].g_in_vc[0].u_fifo.mem [117:102]).
Adding EN signal on $driver$g_in_port[3].g_in_vc[0].u_fifo.count ($adff) from module vc_router (D = $g_in_port[3].g_in_vc[0].u_fifo.count$174, Q = \g_in_port[3].g_in_vc[0].u_fifo.count).
Adding EN signal on $driver$g_in_port[4].g_in_vc[0].u_fifo.head ($adff) from module vc_router (D = $212y, Q = \g_in_port[4].g_in_vc[0].u_fifo.head).
Adding EN signal on $driver$g_in_port[4].g_in_vc[0].u_fifo.tail ($adff) from module vc_router (D = $205y, Q = \g_in_port[4].g_in_vc[0].u_fifo.tail).
Adding EN signal on $driver$g_in_port[4].g_in_vc[0].u_fifo.count ($adff) from module vc_router (D = $g_in_port[4].g_in_vc[0].u_fifo.count$220, Q = \g_in_port[4].g_in_vc[0].u_fifo.count).
Adding EN signal on $driver$g_out_arb[3].u_out_arb.ptr ($adff) from module vc_router (D = $1331y, Q = \g_out_arb[3].u_out_arb.ptr).
Adding EN signal on $driver$g_out_arb[1].u_out_arb.ptr ($adff) from module vc_router (D = $1029y, Q = \g_out_arb[1].u_out_arb.ptr).
Adding EN signal on $driver$credit_count[0] ($adff) from module vc_router (D = $credit_count[14:12]$269, Q = \credit_count [14:12]).
Adding EN signal on $driver$credit_count[1] ($adff) from module vc_router (D = $credit_count[11:9]$277, Q = \credit_count [11:9]).
Adding EN signal on $driver$credit_count[2] ($adff) from module vc_router (D = $credit_count[8:6]$285, Q = \credit_count [8:6]).
Adding EN signal on $driver$credit_count[3] ($adff) from module vc_router (D = $credit_count[5:3]$293, Q = \credit_count [5:3]).
Adding EN signal on $driver$credit_count[4] ($adff) from module vc_router (D = $credit_count[2:0]$301, Q = \credit_count [2:0]).
Adding EN signal on $driver$g_watchdog.g_vn[0].starve_cnt ($adff) from module vc_router (D = $g_watchdog.g_vn[0].starve_cnt$357, Q = \g_watchdog.g_vn[0].starve_cnt).
Adding EN signal on $driver$g_out_arb[4].u_out_arb.ptr ($adff) from module vc_router (D = $1482y, Q = \g_out_arb[4].u_out_arb.ptr).
Adding EN signal on $driver$g_out_arb[2].u_out_arb.ptr ($adff) from module vc_router (D = $1180y, Q = \g_out_arb[2].u_out_arb.ptr).

2.10.7. Executing OPT_CLEAN pass (remove unused cells and wires).
Finding unused cells or wires in module \vc_router..
Removed 20 unused cells and 20 unused wires.
<suppressed ~26 debug messages>

2.10.8. Executing OPT_EXPR pass (perform const folding).
Optimizing module vc_router.
<suppressed ~10 debug messages>

2.10.9. Rerunning OPT passes. (Maybe there is more to do..)

2.10.10. Executing OPT_MUXTREE pass (detect dead branches in mux trees).
Running muxtree optimizer on module \vc_router..
  Creating internal representation of mux trees.
  Evaluating internal representation of mux trees.
  Analyzing evaluation results.
Removed 0 multiplexer ports.
<suppressed ~369 debug messages>

2.10.11. Executing OPT_REDUCE pass (consolidate $*mux and $reduce_* inputs).
  Optimizing cells in module \vc_router.
Performed a total of 0 changes.

2.10.12. Executing OPT_MERGE pass (detect identical cells).
Finding identical cells in module `\vc_router'.
Computing hashes of 1007 cells of `\vc_router'.
Finding duplicate cells in `\vc_router'.
Computing hashes of 892 cells of `\vc_router'.
Finding duplicate cells in `\vc_router'.
<suppressed ~345 debug messages>
Removed a total of 115 cells.

2.10.13. Executing OPT_DFF pass (perform DFF optimizations).

2.10.14. Executing OPT_CLEAN pass (remove unused cells and wires).
Finding unused cells or wires in module \vc_router..
Removed 0 unused cells and 115 unused wires.
<suppressed ~1 debug messages>

2.10.15. Executing OPT_EXPR pass (perform const folding).
Optimizing module vc_router.

2.10.16. Rerunning OPT passes. (Maybe there is more to do..)

2.10.17. Executing OPT_MUXTREE pass (detect dead branches in mux trees).
Running muxtree optimizer on module \vc_router..
  Creating internal representation of mux trees.
  Evaluating internal representation of mux trees.
  Analyzing evaluation results.
Removed 0 multiplexer ports.
<suppressed ~369 debug messages>

2.10.18. Executing OPT_REDUCE pass (consolidate $*mux and $reduce_* inputs).
  Optimizing cells in module \vc_router.
Performed a total of 0 changes.

2.10.19. Executing OPT_MERGE pass (detect identical cells).
Finding identical cells in module `\vc_router'.
Computing hashes of 892 cells of `\vc_router'.
Finding duplicate cells in `\vc_router'.
Removed a total of 0 cells.

2.10.20. Executing OPT_DFF pass (perform DFF optimizations).

2.10.21. Executing OPT_CLEAN pass (remove unused cells and wires).
Finding unused cells or wires in module \vc_router..

2.10.22. Executing OPT_EXPR pass (perform const folding).
Optimizing module vc_router.

2.10.23. Finished fast OPT passes. (There is nothing left to do.)

2.11. Executing WREDUCE pass (reducing word size of cells).
Removed top 28 bits (of 32) from port B of cell vc_router.$848 ($mod).
Removed top 28 bits (of 32) from port B of cell vc_router.$840 ($mod).
Removed top 28 bits (of 32) from port A of cell vc_router.$833 ($mod).
Removed top 28 bits (of 32) from port B of cell vc_router.$833 ($mod).
Removed top 28 bits (of 32) from port B of cell vc_router.$1015 ($mod).
Removed top 28 bits (of 32) from port B of cell vc_router.$856 ($mod).
Removed top 28 bits (of 32) from port B of cell vc_router.$1099 ($mod).
Removed top 28 bits (of 32) from port B of cell vc_router.$1007 ($mod).
Removed top 28 bits (of 32) from port B of cell vc_router.$1115 ($mod).
Removed top 28 bits (of 32) from port B of cell vc_router.$1166 ($mod).
Removed top 28 bits (of 32) from port B of cell vc_router.$1468 ($mod).
Removed top 28 bits (of 32) from port B of cell vc_router.$999 ($mod).
Removed top 28 bits (of 32) from port B of cell vc_router.$1460 ($mod).
Removed top 28 bits (of 32) from port B of cell vc_router.$1452 ($mod).
Removed top 28 bits (of 32) from port B of cell vc_router.$1444 ($mod).
Removed top 28 bits (of 32) from port A of cell vc_router.$1437 ($mod).
Removed top 28 bits (of 32) from port B of cell vc_router.$1437 ($mod).
Removed top 28 bits (of 32) from port B of cell vc_router.$991 ($mod).
Removed top 28 bits (of 32) from port A of cell vc_router.$984 ($mod).
Removed top 28 bits (of 32) from port B of cell vc_router.$984 ($mod).
Removed top 28 bits (of 32) from port A of cell vc_router.$1092 ($mod).
Removed top 28 bits (of 32) from port B of cell vc_router.$1092 ($mod).
Removed top 28 bits (of 32) from port B of cell vc_router.$1150 ($mod).
Removed top 28 bits (of 32) from port B of cell vc_router.$1317 ($mod).
Removed top 28 bits (of 32) from port B of cell vc_router.$1309 ($mod).
Removed top 28 bits (of 32) from port B of cell vc_router.$1301 ($mod).
Removed top 28 bits (of 32) from port B of cell vc_router.$1293 ($mod).
Removed top 28 bits (of 32) from port A of cell vc_router.$1286 ($mod).
Removed top 28 bits (of 32) from port B of cell vc_router.$1286 ($mod).
Removed top 28 bits (of 32) from port B of cell vc_router.$864 ($mod).
Removed top 1 bits (of 2) from port B of cell vc_router.$20 ($add).
Removed top 1 bits (of 2) from port B of cell vc_router.$27 ($add).
Removed top 2 bits (of 3) from port B of cell vc_router.$34 ($add).
Removed top 2 bits (of 3) from port B of cell vc_router.$35 ($sub).
Removed top 1 bits (of 2) from port B of cell vc_router.$66 ($add).
Removed top 1 bits (of 2) from port B of cell vc_router.$73 ($add).
Removed top 2 bits (of 3) from port B of cell vc_router.$80 ($add).
Removed top 2 bits (of 3) from port B of cell vc_router.$81 ($sub).
Removed top 1 bits (of 2) from port B of cell vc_router.$112 ($add).
Removed top 1 bits (of 2) from port B of cell vc_router.$119 ($add).
Removed top 2 bits (of 3) from port B of cell vc_router.$126 ($add).
Removed top 2 bits (of 3) from port B of cell vc_router.$127 ($sub).
Removed top 1 bits (of 2) from port B of cell vc_router.$158 ($add).
Removed top 1 bits (of 2) from port B of cell vc_router.$165 ($add).
Removed top 2 bits (of 3) from port B of cell vc_router.$172 ($add).
Removed top 2 bits (of 3) from port B of cell vc_router.$173 ($sub).
Removed top 1 bits (of 2) from port B of cell vc_router.$204 ($add).
Removed top 1 bits (of 2) from port B of cell vc_router.$211 ($add).
Removed top 2 bits (of 3) from port B of cell vc_router.$218 ($add).
Removed top 2 bits (of 3) from port B of cell vc_router.$219 ($sub).
Removed top 28 bits (of 32) from port A of cell vc_router.$235 ($gt).
Removed top 31 bits (of 32) from port B of cell vc_router.$235 ($gt).
Removed top 28 bits (of 32) from port A of cell vc_router.$236 ($gt).
Removed top 31 bits (of 32) from port B of cell vc_router.$236 ($gt).
Removed top 28 bits (of 32) from port A of cell vc_router.$241 ($gt).
Removed top 31 bits (of 32) from port B of cell vc_router.$241 ($gt).
Removed top 28 bits (of 32) from port A of cell vc_router.$242 ($gt).
Removed top 31 bits (of 32) from port B of cell vc_router.$242 ($gt).
Removed top 28 bits (of 32) from port A of cell vc_router.$247 ($gt).
Removed top 31 bits (of 32) from port B of cell vc_router.$247 ($gt).
Removed top 28 bits (of 32) from port A of cell vc_router.$248 ($gt).
Removed top 31 bits (of 32) from port B of cell vc_router.$248 ($gt).
Removed top 28 bits (of 32) from port A of cell vc_router.$253 ($gt).
Removed top 31 bits (of 32) from port B of cell vc_router.$253 ($gt).
Removed top 28 bits (of 32) from port A of cell vc_router.$254 ($gt).
Removed top 31 bits (of 32) from port B of cell vc_router.$254 ($gt).
Removed top 28 bits (of 32) from port A of cell vc_router.$259 ($gt).
Removed top 31 bits (of 32) from port B of cell vc_router.$259 ($gt).
Removed top 28 bits (of 32) from port A of cell vc_router.$260 ($gt).
Removed top 31 bits (of 32) from port B of cell vc_router.$260 ($gt).
Removed top 2 bits (of 3) from port B of cell vc_router.$267 ($sub).
Removed top 2 bits (of 3) from port B of cell vc_router.$268 ($add).
Removed top 2 bits (of 3) from port B of cell vc_router.$275 ($sub).
Removed top 2 bits (of 3) from port B of cell vc_router.$276 ($add).
Removed top 2 bits (of 3) from port B of cell vc_router.$283 ($sub).
Removed top 2 bits (of 3) from port B of cell vc_router.$284 ($add).
Removed top 2 bits (of 3) from port B of cell vc_router.$291 ($sub).
Removed top 2 bits (of 3) from port B of cell vc_router.$292 ($add).
Removed top 2 bits (of 3) from port B of cell vc_router.$299 ($sub).
Removed top 2 bits (of 3) from port B of cell vc_router.$300 ($add).
Removed top 8 bits (of 9) from port B of cell vc_router.$351 ($add).
Removed top 2 bits (of 3) from port B of cell vc_router.$389 ($eq).
Removed top 2 bits (of 3) from port B of cell vc_router.$395 ($eq).
Removed top 2 bits (of 3) from port B of cell vc_router.$401 ($eq).
Removed top 2 bits (of 3) from port B of cell vc_router.$407 ($eq).
Removed top 2 bits (of 3) from port B of cell vc_router.$413 ($eq).
Removed top 1 bits (of 3) from port B of cell vc_router.$419 ($eq).
Removed top 1 bits (of 3) from port B of cell vc_router.$425 ($eq).
Removed top 1 bits (of 3) from port B of cell vc_router.$431 ($eq).
Removed top 1 bits (of 3) from port B of cell vc_router.$437 ($eq).
Removed top 1 bits (of 3) from port B of cell vc_router.$443 ($eq).
Removed top 1 bits (of 3) from port B of cell vc_router.$449 ($eq).
Removed top 1 bits (of 3) from port B of cell vc_router.$455 ($eq).
Removed top 1 bits (of 3) from port B of cell vc_router.$461 ($eq).
Removed top 1 bits (of 3) from port B of cell vc_router.$467 ($eq).
Removed top 1 bits (of 3) from port B of cell vc_router.$473 ($eq).
Removed top 4 bits (of 5) from port Y of cell vc_router.$791 ($shr).
Removed top 4 bits (of 5) from port Y of cell vc_router.$798 ($shr).
Removed top 4 bits (of 5) from port Y of cell vc_router.$806 ($shr).
Removed top 4 bits (of 5) from port Y of cell vc_router.$814 ($shr).
Removed top 4 bits (of 5) from port Y of cell vc_router.$822 ($shr).
Removed top 4 bits (of 5) from port A of cell vc_router.$828 ($shl).
Removed top 4 bits (of 5) from port A of cell vc_router.$834 ($shr).
Removed top 4 bits (of 5) from port Y of cell vc_router.$834 ($shr).
Removed top 28 bits (of 32) from port A of cell vc_router.$839 ($add).
Removed top 30 bits (of 32) from port B of cell vc_router.$839 ($add).
Converting cell vc_router.$839 ($add) from signed to unsigned.
Removed top 27 bits (of 32) from port Y of cell vc_router.$839 ($add).
Removed top 1 bits (of 4) from port A of cell vc_router.$839 ($add).
Removed top 1 bits (of 2) from port B of cell vc_router.$839 ($add).
Removed top 1 bits (of 5) from port Y of cell vc_router.$839 ($add).
Removed top 4 bits (of 5) from port A of cell vc_router.$841 ($shr).
Removed top 4 bits (of 5) from port Y of cell vc_router.$841 ($shr).
Removed top 28 bits (of 32) from port A of cell vc_router.$847 ($add).
Removed top 29 bits (of 32) from port B of cell vc_router.$847 ($add).
Converting cell vc_router.$847 ($add) from signed to unsigned.
Removed top 27 bits (of 32) from port Y of cell vc_router.$847 ($add).
Removed top 1 bits (of 4) from port A of cell vc_router.$847 ($add).
Removed top 1 bits (of 3) from port B of cell vc_router.$847 ($add).
Removed top 1 bits (of 5) from port Y of cell vc_router.$847 ($add).
Removed top 4 bits (of 5) from port A of cell vc_router.$849 ($shr).
Removed top 4 bits (of 5) from port Y of cell vc_router.$849 ($shr).
Removed top 28 bits (of 32) from port A of cell vc_router.$855 ($add).
Removed top 29 bits (of 32) from port B of cell vc_router.$855 ($add).
Converting cell vc_router.$855 ($add) from signed to unsigned.
Removed top 27 bits (of 32) from port Y of cell vc_router.$855 ($add).
Removed top 1 bits (of 4) from port A of cell vc_router.$855 ($add).
Removed top 1 bits (of 3) from port B of cell vc_router.$855 ($add).
Removed top 1 bits (of 5) from port Y of cell vc_router.$855 ($add).
Removed top 4 bits (of 5) from port A of cell vc_router.$857 ($shr).
Removed top 4 bits (of 5) from port Y of cell vc_router.$857 ($shr).
Removed top 28 bits (of 32) from port A of cell vc_router.$863 ($add).
Removed top 28 bits (of 32) from port B of cell vc_router.$863 ($add).
Converting cell vc_router.$863 ($add) from signed to unsigned.
Removed top 27 bits (of 32) from port Y of cell vc_router.$863 ($add).
Removed top 1 bits (of 4) from port A of cell vc_router.$863 ($add).
Removed top 1 bits (of 4) from port B of cell vc_router.$863 ($add).
Removed top 1 bits (of 5) from port Y of cell vc_router.$863 ($add).
Removed top 4 bits (of 5) from port A of cell vc_router.$865 ($shr).
Removed top 4 bits (of 5) from port Y of cell vc_router.$865 ($shr).
Removed top 4 bits (of 5) from port A of cell vc_router.$871 ($shl).
Removed top 2 bits (of 3) from port B of cell vc_router.$877 ($add).
Removed top 4 bits (of 5) from port Y of cell vc_router.$942 ($shr).
Removed top 4 bits (of 5) from port Y of cell vc_router.$949 ($shr).
Removed top 4 bits (of 5) from port Y of cell vc_router.$957 ($shr).
Removed top 4 bits (of 5) from port Y of cell vc_router.$965 ($shr).
Removed top 4 bits (of 5) from port Y of cell vc_router.$973 ($shr).
Removed top 4 bits (of 5) from port A of cell vc_router.$979 ($shl).
Removed top 4 bits (of 5) from port A of cell vc_router.$985 ($shr).
Removed top 4 bits (of 5) from port Y of cell vc_router.$985 ($shr).
Removed top 28 bits (of 32) from port A of cell vc_router.$990 ($add).
Removed top 30 bits (of 32) from port B of cell vc_router.$990 ($add).
Converting cell vc_router.$990 ($add) from signed to unsigned.
Removed top 27 bits (of 32) from port Y of cell vc_router.$990 ($add).
Removed top 1 bits (of 4) from port A of cell vc_router.$990 ($add).
Removed top 1 bits (of 2) from port B of cell vc_router.$990 ($add).
Removed top 1 bits (of 5) from port Y of cell vc_router.$990 ($add).
Removed top 4 bits (of 5) from port A of cell vc_router.$992 ($shr).
Removed top 4 bits (of 5) from port Y of cell vc_router.$992 ($shr).
Removed top 28 bits (of 32) from port A of cell vc_router.$998 ($add).
Removed top 29 bits (of 32) from port B of cell vc_router.$998 ($add).
Converting cell vc_router.$998 ($add) from signed to unsigned.
Removed top 27 bits (of 32) from port Y of cell vc_router.$998 ($add).
Removed top 1 bits (of 4) from port A of cell vc_router.$998 ($add).
Removed top 1 bits (of 3) from port B of cell vc_router.$998 ($add).
Removed top 1 bits (of 5) from port Y of cell vc_router.$998 ($add).
Removed top 4 bits (of 5) from port A of cell vc_router.$1000 ($shr).
Removed top 4 bits (of 5) from port Y of cell vc_router.$1000 ($shr).
Removed top 28 bits (of 32) from port A of cell vc_router.$1006 ($add).
Removed top 29 bits (of 32) from port B of cell vc_router.$1006 ($add).
Converting cell vc_router.$1006 ($add) from signed to unsigned.
Removed top 27 bits (of 32) from port Y of cell vc_router.$1006 ($add).
Removed top 1 bits (of 4) from port A of cell vc_router.$1006 ($add).
Removed top 1 bits (of 3) from port B of cell vc_router.$1006 ($add).
Removed top 1 bits (of 5) from port Y of cell vc_router.$1006 ($add).
Removed top 4 bits (of 5) from port A of cell vc_router.$1008 ($shr).
Removed top 4 bits (of 5) from port Y of cell vc_router.$1008 ($shr).
Removed top 28 bits (of 32) from port A of cell vc_router.$1014 ($add).
Removed top 28 bits (of 32) from port B of cell vc_router.$1014 ($add).
Converting cell vc_router.$1014 ($add) from signed to unsigned.
Removed top 27 bits (of 32) from port Y of cell vc_router.$1014 ($add).
Removed top 1 bits (of 4) from port A of cell vc_router.$1014 ($add).
Removed top 1 bits (of 4) from port B of cell vc_router.$1014 ($add).
Removed top 1 bits (of 5) from port Y of cell vc_router.$1014 ($add).
Removed top 4 bits (of 5) from port A of cell vc_router.$1016 ($shr).
Removed top 4 bits (of 5) from port Y of cell vc_router.$1016 ($shr).
Removed top 4 bits (of 5) from port A of cell vc_router.$1022 ($shl).
Removed top 2 bits (of 3) from port B of cell vc_router.$1028 ($add).
Removed top 4 bits (of 5) from port Y of cell vc_router.$1093 ($shr).
Removed top 28 bits (of 32) from port A of cell vc_router.$1098 ($add).
Removed top 30 bits (of 32) from port B of cell vc_router.$1098 ($add).
Converting cell vc_router.$1098 ($add) from signed to unsigned.
Removed top 27 bits (of 32) from port Y of cell vc_router.$1098 ($add).
Removed top 1 bits (of 4) from port A of cell vc_router.$1098 ($add).
Removed top 1 bits (of 2) from port B of cell vc_router.$1098 ($add).
Removed top 1 bits (of 5) from port Y of cell vc_router.$1098 ($add).
Removed top 4 bits (of 5) from port Y of cell vc_router.$1100 ($shr).
Removed top 28 bits (of 32) from port A of cell vc_router.$1106 ($add).
Removed top 29 bits (of 32) from port B of cell vc_router.$1106 ($add).
Converting cell vc_router.$1106 ($add) from signed to unsigned.
Removed top 27 bits (of 32) from port Y of cell vc_router.$1106 ($add).
Removed top 1 bits (of 4) from port A of cell vc_router.$1106 ($add).
Removed top 1 bits (of 3) from port B of cell vc_router.$1106 ($add).
Removed top 1 bits (of 5) from port Y of cell vc_router.$1106 ($add).
Removed top 4 bits (of 5) from port Y of cell vc_router.$1108 ($shr).
Removed top 4 bits (of 5) from port Y of cell vc_router.$1116 ($shr).
Removed top 4 bits (of 5) from port Y of cell vc_router.$1124 ($shr).
Removed top 4 bits (of 5) from port A of cell vc_router.$1130 ($shl).
Removed top 4 bits (of 5) from port A of cell vc_router.$1136 ($shr).
Removed top 4 bits (of 5) from port Y of cell vc_router.$1136 ($shr).
Removed top 4 bits (of 5) from port A of cell vc_router.$1143 ($shr).
Removed top 4 bits (of 5) from port Y of cell vc_router.$1143 ($shr).
Removed top 4 bits (of 5) from port A of cell vc_router.$1151 ($shr).
Removed top 4 bits (of 5) from port Y of cell vc_router.$1151 ($shr).
Removed top 28 bits (of 32) from port A of cell vc_router.$1157 ($add).
Removed top 29 bits (of 32) from port B of cell vc_router.$1157 ($add).
Converting cell vc_router.$1157 ($add) from signed to unsigned.
Removed top 27 bits (of 32) from port Y of cell vc_router.$1157 ($add).
Removed top 1 bits (of 4) from port A of cell vc_router.$1157 ($add).
Removed top 1 bits (of 3) from port B of cell vc_router.$1157 ($add).
Removed top 1 bits (of 5) from port Y of cell vc_router.$1157 ($add).
Removed top 4 bits (of 5) from port A of cell vc_router.$1159 ($shr).
Removed top 4 bits (of 5) from port Y of cell vc_router.$1159 ($shr).
Removed top 28 bits (of 32) from port A of cell vc_router.$1165 ($add).
Removed top 28 bits (of 32) from port B of cell vc_router.$1165 ($add).
Converting cell vc_router.$1165 ($add) from signed to unsigned.
Removed top 27 bits (of 32) from port Y of cell vc_router.$1165 ($add).
Removed top 1 bits (of 4) from port A of cell vc_router.$1165 ($add).
Removed top 1 bits (of 4) from port B of cell vc_router.$1165 ($add).
Removed top 1 bits (of 5) from port Y of cell vc_router.$1165 ($add).
Removed top 4 bits (of 5) from port A of cell vc_router.$1167 ($shr).
Removed top 4 bits (of 5) from port Y of cell vc_router.$1167 ($shr).
Removed top 4 bits (of 5) from port A of cell vc_router.$1173 ($shl).
Removed top 2 bits (of 3) from port B of cell vc_router.$1179 ($add).
Removed top 4 bits (of 5) from port Y of cell vc_router.$1244 ($shr).
Removed top 4 bits (of 5) from port Y of cell vc_router.$1251 ($shr).
Removed top 4 bits (of 5) from port Y of cell vc_router.$1259 ($shr).
Removed top 4 bits (of 5) from port Y of cell vc_router.$1267 ($shr).
Removed top 4 bits (of 5) from port Y of cell vc_router.$1275 ($shr).
Removed top 4 bits (of 5) from port A of cell vc_router.$1281 ($shl).
Removed top 4 bits (of 5) from port A of cell vc_router.$1287 ($shr).
Removed top 4 bits (of 5) from port Y of cell vc_router.$1287 ($shr).
Removed top 28 bits (of 32) from port A of cell vc_router.$1292 ($add).
Removed top 30 bits (of 32) from port B of cell vc_router.$1292 ($add).
Converting cell vc_router.$1292 ($add) from signed to unsigned.
Removed top 27 bits (of 32) from port Y of cell vc_router.$1292 ($add).
Removed top 1 bits (of 4) from port A of cell vc_router.$1292 ($add).
Removed top 1 bits (of 2) from port B of cell vc_router.$1292 ($add).
Removed top 1 bits (of 5) from port Y of cell vc_router.$1292 ($add).
Removed top 4 bits (of 5) from port A of cell vc_router.$1294 ($shr).
Removed top 4 bits (of 5) from port Y of cell vc_router.$1294 ($shr).
Removed top 28 bits (of 32) from port A of cell vc_router.$1300 ($add).
Removed top 29 bits (of 32) from port B of cell vc_router.$1300 ($add).
Converting cell vc_router.$1300 ($add) from signed to unsigned.
Removed top 27 bits (of 32) from port Y of cell vc_router.$1300 ($add).
Removed top 1 bits (of 4) from port A of cell vc_router.$1300 ($add).
Removed top 1 bits (of 3) from port B of cell vc_router.$1300 ($add).
Removed top 1 bits (of 5) from port Y of cell vc_router.$1300 ($add).
Removed top 4 bits (of 5) from port A of cell vc_router.$1302 ($shr).
Removed top 4 bits (of 5) from port Y of cell vc_router.$1302 ($shr).
Removed top 28 bits (of 32) from port A of cell vc_router.$1308 ($add).
Removed top 29 bits (of 32) from port B of cell vc_router.$1308 ($add).
Converting cell vc_router.$1308 ($add) from signed to unsigned.
Removed top 27 bits (of 32) from port Y of cell vc_router.$1308 ($add).
Removed top 1 bits (of 4) from port A of cell vc_router.$1308 ($add).
Removed top 1 bits (of 3) from port B of cell vc_router.$1308 ($add).
Removed top 1 bits (of 5) from port Y of cell vc_router.$1308 ($add).
Removed top 4 bits (of 5) from port A of cell vc_router.$1310 ($shr).
Removed top 4 bits (of 5) from port Y of cell vc_router.$1310 ($shr).
Removed top 28 bits (of 32) from port A of cell vc_router.$1316 ($add).
Removed top 28 bits (of 32) from port B of cell vc_router.$1316 ($add).
Converting cell vc_router.$1316 ($add) from signed to unsigned.
Removed top 27 bits (of 32) from port Y of cell vc_router.$1316 ($add).
Removed top 1 bits (of 4) from port A of cell vc_router.$1316 ($add).
Removed top 1 bits (of 4) from port B of cell vc_router.$1316 ($add).
Removed top 1 bits (of 5) from port Y of cell vc_router.$1316 ($add).
Removed top 4 bits (of 5) from port A of cell vc_router.$1318 ($shr).
Removed top 4 bits (of 5) from port Y of cell vc_router.$1318 ($shr).
Removed top 4 bits (of 5) from port A of cell vc_router.$1324 ($shl).
Removed top 2 bits (of 3) from port B of cell vc_router.$1330 ($add).
Removed top 4 bits (of 5) from port Y of cell vc_router.$1395 ($shr).
Removed top 4 bits (of 5) from port Y of cell vc_router.$1402 ($shr).
Removed top 4 bits (of 5) from port Y of cell vc_router.$1410 ($shr).
Removed top 4 bits (of 5) from port Y of cell vc_router.$1418 ($shr).
Removed top 4 bits (of 5) from port Y of cell vc_router.$1426 ($shr).
Removed top 4 bits (of 5) from port A of cell vc_router.$1432 ($shl).
Removed top 4 bits (of 5) from port A of cell vc_router.$1438 ($shr).
Removed top 4 bits (of 5) from port Y of cell vc_router.$1438 ($shr).
Removed top 28 bits (of 32) from port A of cell vc_router.$1443 ($add).
Removed top 30 bits (of 32) from port B of cell vc_router.$1443 ($add).
Converting cell vc_router.$1443 ($add) from signed to unsigned.
Removed top 27 bits (of 32) from port Y of cell vc_router.$1443 ($add).
Removed top 1 bits (of 4) from port A of cell vc_router.$1443 ($add).
Removed top 1 bits (of 2) from port B of cell vc_router.$1443 ($add).
Removed top 1 bits (of 5) from port Y of cell vc_router.$1443 ($add).
Removed top 4 bits (of 5) from port A of cell vc_router.$1445 ($shr).
Removed top 4 bits (of 5) from port Y of cell vc_router.$1445 ($shr).
Removed top 28 bits (of 32) from port A of cell vc_router.$1451 ($add).
Removed top 29 bits (of 32) from port B of cell vc_router.$1451 ($add).
Converting cell vc_router.$1451 ($add) from signed to unsigned.
Removed top 27 bits (of 32) from port Y of cell vc_router.$1451 ($add).
Removed top 1 bits (of 4) from port A of cell vc_router.$1451 ($add).
Removed top 1 bits (of 3) from port B of cell vc_router.$1451 ($add).
Removed top 1 bits (of 5) from port Y of cell vc_router.$1451 ($add).
Removed top 4 bits (of 5) from port A of cell vc_router.$1453 ($shr).
Removed top 4 bits (of 5) from port Y of cell vc_router.$1453 ($shr).
Removed top 28 bits (of 32) from port A of cell vc_router.$1459 ($add).
Removed top 29 bits (of 32) from port B of cell vc_router.$1459 ($add).
Converting cell vc_router.$1459 ($add) from signed to unsigned.
Removed top 27 bits (of 32) from port Y of cell vc_router.$1459 ($add).
Removed top 1 bits (of 4) from port A of cell vc_router.$1459 ($add).
Removed top 1 bits (of 3) from port B of cell vc_router.$1459 ($add).
Removed top 1 bits (of 5) from port Y of cell vc_router.$1459 ($add).
Removed top 4 bits (of 5) from port A of cell vc_router.$1461 ($shr).
Removed top 4 bits (of 5) from port Y of cell vc_router.$1461 ($shr).
Removed top 28 bits (of 32) from port A of cell vc_router.$1467 ($add).
Removed top 28 bits (of 32) from port B of cell vc_router.$1467 ($add).
Converting cell vc_router.$1467 ($add) from signed to unsigned.
Removed top 27 bits (of 32) from port Y of cell vc_router.$1467 ($add).
Removed top 1 bits (of 4) from port A of cell vc_router.$1467 ($add).
Removed top 1 bits (of 4) from port B of cell vc_router.$1467 ($add).
Removed top 1 bits (of 5) from port Y of cell vc_router.$1467 ($add).
Removed top 4 bits (of 5) from port A of cell vc_router.$1469 ($shr).
Removed top 4 bits (of 5) from port Y of cell vc_router.$1469 ($shr).
Removed top 4 bits (of 5) from port A of cell vc_router.$1475 ($shl).
Removed top 2 bits (of 3) from port B of cell vc_router.$1481 ($add).
Removed top 1 bits (of 2) from port B of cell vc_router.$procmux$531_CMP0 ($eq).
Removed top 1 bits (of 2) from port B of cell vc_router.$procmux$535_CMP0 ($eq).
Removed top 1 bits (of 2) from port B of cell vc_router.$procmux$539_CMP0 ($eq).
Removed top 1 bits (of 2) from port B of cell vc_router.$procmux$543_CMP0 ($eq).
Removed top 1 bits (of 2) from port B of cell vc_router.$procmux$547_CMP0 ($eq).
Removed top 1 bits (of 2) from port B of cell vc_router.$procmux$551_CMP0 ($eq).
Removed top 1 bits (of 2) from port B of cell vc_router.$procmux$562_CMP0 ($eq).
Removed top 1 bits (of 2) from port B of cell vc_router.$procmux$573_CMP0 ($eq).
Removed top 1 bits (of 2) from port B of cell vc_router.$procmux$584_CMP0 ($eq).
Removed top 1 bits (of 2) from port B of cell vc_router.$procmux$595_CMP0 ($eq).
Removed top 28 bits (of 32) from wire vc_router.$1416y.
Removed top 4 bits (of 5) from wire vc_router.$1410y.
Removed top 28 bits (of 32) from wire vc_router.$1408y.
Removed top 4 bits (of 5) from wire vc_router.$1159y.
Removed top 4 bits (of 5) from wire vc_router.$1244y.
Removed top 4 bits (of 5) from wire vc_router.$1151y.
Removed top 28 bits (of 32) from wire vc_router.$1265y.
Removed top 4 bits (of 5) from wire vc_router.$1143y.
Removed top 4 bits (of 5) from wire vc_router.$1402y.
Removed top 4 bits (of 5) from wire vc_router.$1136y.
Removed top 4 bits (of 5) from wire vc_router.$791y.
Removed top 28 bits (of 32) from wire vc_router.$1400y.
Removed top 4 bits (of 5) from wire vc_router.$1395y.
Removed top 28 bits (of 32) from wire vc_router.$1122y.
Removed top 4 bits (of 5) from wire vc_router.$1116y.
Removed top 28 bits (of 32) from wire vc_router.$1114y.
Removed top 4 bits (of 5) from wire vc_router.$1108y.
Removed top 28 bits (of 32) from wire vc_router.$1106y.
Removed top 4 bits (of 5) from wire vc_router.$1267y.
Removed top 4 bits (of 5) from wire vc_router.$1100y.
Removed top 28 bits (of 32) from wire vc_router.$1098y.
Removed top 4 bits (of 5) from wire vc_router.$1093y.
Removed top 28 bits (of 32) from wire vc_router.$796y.
Removed top 4 bits (of 5) from wire vc_router.$798y.
Removed top 28 bits (of 32) from wire vc_router.$804y.
Removed top 4 bits (of 5) from wire vc_router.$806y.
Removed top 28 bits (of 32) from wire vc_router.$812y.
Removed top 4 bits (of 5) from wire vc_router.$814y.
Removed top 28 bits (of 32) from wire vc_router.$820y.
Removed top 28 bits (of 32) from wire vc_router.$1273y.
Removed top 4 bits (of 5) from wire vc_router.$1445y.
Removed top 28 bits (of 32) from wire vc_router.$1249y.
Removed top 4 bits (of 5) from wire vc_router.$834y.
Removed top 4 bits (of 5) from wire vc_router.$1438y.
Removed top 4 bits (of 5) from wire vc_router.$841y.
Removed top 4 bits (of 5) from wire vc_router.$849y.
Removed top 4 bits (of 5) from wire vc_router.$857y.
Removed top 28 bits (of 32) from wire vc_router.$1014y.
Removed top 4 bits (of 5) from wire vc_router.$1008y.
Removed top 28 bits (of 32) from wire vc_router.$1006y.
Removed top 4 bits (of 5) from wire vc_router.$1000y.
Removed top 4 bits (of 5) from wire vc_router.$1287y.
Removed top 4 bits (of 5) from wire vc_router.$1461y.
Removed top 4 bits (of 5) from wire vc_router.$992y.
Removed top 4 bits (of 5) from wire vc_router.$1251y.
Removed top 4 bits (of 5) from wire vc_router.$1294y.
Removed top 4 bits (of 5) from wire vc_router.$1453y.
Removed top 28 bits (of 32) from wire vc_router.$1257y.
Removed top 4 bits (of 5) from wire vc_router.$1418y.
Removed top 4 bits (of 5) from wire vc_router.$985y.
Removed top 28 bits (of 32) from wire vc_router.$1424y.
Removed top 4 bits (of 5) from wire vc_router.$1302y.
Removed top 4 bits (of 5) from wire vc_router.$965y.
Removed top 4 bits (of 5) from wire vc_router.$1259y.
Removed top 4 bits (of 5) from wire vc_router.$957y.
Removed top 28 bits (of 32) from wire vc_router.$955y.
Removed top 4 bits (of 5) from wire vc_router.$949y.
Removed top 28 bits (of 32) from wire vc_router.$947y.
Removed top 4 bits (of 5) from wire vc_router.$942y.
Removed top 4 bits (of 5) from wire vc_router.$1310y.

2.12. Executing PEEPOPT pass (run peephole optimizers).

2.13. Executing OPT_CLEAN pass (remove unused cells and wires).
Finding unused cells or wires in module \vc_router..
Removed 0 unused cells and 70 unused wires.
<suppressed ~1 debug messages>

2.14. Executing ALUMACC pass (create $alu and $macc cells).
Extracting $alu and $macc cells in module vc_router:
  creating $macc model for $847 ($add).
  creating $macc model for $839 ($add).
  creating $macc model for $1098 ($add).
  creating $macc model for $1014 ($add).
  creating $macc model for $1106 ($add).
  creating $macc model for $1006 ($add).
  creating $macc model for $1179 ($add).
  creating $macc model for $1165 ($add).
  creating $macc model for $1157 ($add).
  creating $macc model for $877 ($add).
  creating $macc model for $1028 ($add).
  creating $macc model for $863 ($add).
  creating $macc model for $1481 ($add).
  creating $macc model for $1467 ($add).
  creating $macc model for $1459 ($add).
  creating $macc model for $1451 ($add).
  creating $macc model for $998 ($add).
  creating $macc model for $1443 ($add).
  creating $macc model for $990 ($add).
  creating $macc model for $351 ($add).
  creating $macc model for $300 ($add).
  creating $macc model for $299 ($sub).
  creating $macc model for $292 ($add).
  creating $macc model for $291 ($sub).
  creating $macc model for $284 ($add).
  creating $macc model for $283 ($sub).
  creating $macc model for $276 ($add).
  creating $macc model for $275 ($sub).
  creating $macc model for $268 ($add).
  creating $macc model for $267 ($sub).
  creating $macc model for $1330 ($add).
  creating $macc model for $219 ($sub).
  creating $macc model for $218 ($add).
  creating $macc model for $211 ($add).
  creating $macc model for $204 ($add).
  creating $macc model for $1316 ($add).
  creating $macc model for $1308 ($add).
  creating $macc model for $173 ($sub).
  creating $macc model for $172 ($add).
  creating $macc model for $165 ($add).
  creating $macc model for $158 ($add).
  creating $macc model for $1300 ($add).
  creating $macc model for $1292 ($add).
  creating $macc model for $127 ($sub).
  creating $macc model for $126 ($add).
  creating $macc model for $119 ($add).
  creating $macc model for $855 ($add).
  creating $macc model for $112 ($add).
  creating $macc model for $81 ($sub).
  creating $macc model for $80 ($add).
  creating $macc model for $73 ($add).
  creating $macc model for $66 ($add).
  creating $macc model for $35 ($sub).
  creating $macc model for $34 ($add).
  creating $macc model for $27 ($add).
  creating $macc model for $20 ($add).
  creating $alu model for $macc $20.
  creating $alu model for $macc $27.
  creating $alu model for $macc $34.
  creating $alu model for $macc $35.
  creating $alu model for $macc $66.
  creating $alu model for $macc $73.
  creating $alu model for $macc $80.
  creating $alu model for $macc $81.
  creating $alu model for $macc $112.
  creating $alu model for $macc $855.
  creating $alu model for $macc $119.
  creating $alu model for $macc $126.
  creating $alu model for $macc $127.
  creating $alu model for $macc $1292.
  creating $alu model for $macc $1300.
  creating $alu model for $macc $158.
  creating $alu model for $macc $165.
  creating $alu model for $macc $172.
  creating $alu model for $macc $173.
  creating $alu model for $macc $1308.
  creating $alu model for $macc $1316.
  creating $alu model for $macc $204.
  creating $alu model for $macc $211.
  creating $alu model for $macc $218.
  creating $alu model for $macc $219.
  creating $alu model for $macc $1330.
  creating $alu model for $macc $267.
  creating $alu model for $macc $268.
  creating $alu model for $macc $275.
  creating $alu model for $macc $276.
  creating $alu model for $macc $283.
  creating $alu model for $macc $284.
  creating $alu model for $macc $291.
  creating $alu model for $macc $292.
  creating $alu model for $macc $299.
  creating $alu model for $macc $300.
  creating $alu model for $macc $351.
  creating $alu model for $macc $990.
  creating $alu model for $macc $1443.
  creating $alu model for $macc $998.
  creating $alu model for $macc $1451.
  creating $alu model for $macc $1459.
  creating $alu model for $macc $1467.
  creating $alu model for $macc $1481.
  creating $alu model for $macc $863.
  creating $alu model for $macc $1028.
  creating $alu model for $macc $877.
  creating $alu model for $macc $1157.
  creating $alu model for $macc $1165.
  creating $alu model for $macc $1179.
  creating $alu model for $macc $1006.
  creating $alu model for $macc $1106.
  creating $alu model for $macc $1014.
  creating $alu model for $macc $1098.
  creating $alu model for $macc $839.
  creating $alu model for $macc $847.
  creating $alu model for $260 ($gt): new $alu
  creating $alu model for $259 ($gt): new $alu
  creating $alu model for $254 ($gt): new $alu
  creating $alu model for $253 ($gt): new $alu
  creating $alu model for $248 ($gt): new $alu
  creating $alu model for $247 ($gt): new $alu
  creating $alu model for $242 ($gt): new $alu
  creating $alu model for $241 ($gt): new $alu
  creating $alu model for $236 ($gt): new $alu
  creating $alu model for $235 ($gt): new $alu
  creating $alu cell for $235: $auto$alumacc.cc:576:replace_alu$1082
  creating $alu cell for $236: $auto$alumacc.cc:576:replace_alu$1093
  creating $alu cell for $241: $auto$alumacc.cc:576:replace_alu$1104
  creating $alu cell for $242: $auto$alumacc.cc:576:replace_alu$1115
  creating $alu cell for $247: $auto$alumacc.cc:576:replace_alu$1126
  creating $alu cell for $248: $auto$alumacc.cc:576:replace_alu$1137
  creating $alu cell for $253: $auto$alumacc.cc:576:replace_alu$1148
  creating $alu cell for $254: $auto$alumacc.cc:576:replace_alu$1159
  creating $alu cell for $259: $auto$alumacc.cc:576:replace_alu$1170
  creating $alu cell for $260: $auto$alumacc.cc:576:replace_alu$1181
  creating $alu cell for $847: $auto$alumacc.cc:576:replace_alu$1192
  creating $alu cell for $839: $auto$alumacc.cc:576:replace_alu$1195
  creating $alu cell for $1098: $auto$alumacc.cc:576:replace_alu$1198
  creating $alu cell for $1014: $auto$alumacc.cc:576:replace_alu$1201
  creating $alu cell for $1106: $auto$alumacc.cc:576:replace_alu$1204
  creating $alu cell for $1006: $auto$alumacc.cc:576:replace_alu$1207
  creating $alu cell for $1179: $auto$alumacc.cc:576:replace_alu$1210
  creating $alu cell for $1165: $auto$alumacc.cc:576:replace_alu$1213
  creating $alu cell for $1157: $auto$alumacc.cc:576:replace_alu$1216
  creating $alu cell for $877: $auto$alumacc.cc:576:replace_alu$1219
  creating $alu cell for $1028: $auto$alumacc.cc:576:replace_alu$1222
  creating $alu cell for $863: $auto$alumacc.cc:576:replace_alu$1225
  creating $alu cell for $1481: $auto$alumacc.cc:576:replace_alu$1228
  creating $alu cell for $1467: $auto$alumacc.cc:576:replace_alu$1231
  creating $alu cell for $1459: $auto$alumacc.cc:576:replace_alu$1234
  creating $alu cell for $1451: $auto$alumacc.cc:576:replace_alu$1237
  creating $alu cell for $998: $auto$alumacc.cc:576:replace_alu$1240
  creating $alu cell for $1443: $auto$alumacc.cc:576:replace_alu$1243
  creating $alu cell for $990: $auto$alumacc.cc:576:replace_alu$1246
  creating $alu cell for $351: $auto$alumacc.cc:576:replace_alu$1249
  creating $alu cell for $300: $auto$alumacc.cc:576:replace_alu$1252
  creating $alu cell for $299: $auto$alumacc.cc:576:replace_alu$1255
  creating $alu cell for $292: $auto$alumacc.cc:576:replace_alu$1258
  creating $alu cell for $291: $auto$alumacc.cc:576:replace_alu$1261
  creating $alu cell for $284: $auto$alumacc.cc:576:replace_alu$1264
  creating $alu cell for $283: $auto$alumacc.cc:576:replace_alu$1267
  creating $alu cell for $276: $auto$alumacc.cc:576:replace_alu$1270
  creating $alu cell for $275: $auto$alumacc.cc:576:replace_alu$1273
  creating $alu cell for $268: $auto$alumacc.cc:576:replace_alu$1276
  creating $alu cell for $267: $auto$alumacc.cc:576:replace_alu$1279
  creating $alu cell for $1330: $auto$alumacc.cc:576:replace_alu$1282
  creating $alu cell for $219: $auto$alumacc.cc:576:replace_alu$1285
  creating $alu cell for $218: $auto$alumacc.cc:576:replace_alu$1288
  creating $alu cell for $211: $auto$alumacc.cc:576:replace_alu$1291
  creating $alu cell for $204: $auto$alumacc.cc:576:replace_alu$1294
  creating $alu cell for $1316: $auto$alumacc.cc:576:replace_alu$1297
  creating $alu cell for $1308: $auto$alumacc.cc:576:replace_alu$1300
  creating $alu cell for $173: $auto$alumacc.cc:576:replace_alu$1303
  creating $alu cell for $172: $auto$alumacc.cc:576:replace_alu$1306
  creating $alu cell for $165: $auto$alumacc.cc:576:replace_alu$1309
  creating $alu cell for $158: $auto$alumacc.cc:576:replace_alu$1312
  creating $alu cell for $1300: $auto$alumacc.cc:576:replace_alu$1315
  creating $alu cell for $1292: $auto$alumacc.cc:576:replace_alu$1318
  creating $alu cell for $127: $auto$alumacc.cc:576:replace_alu$1321
  creating $alu cell for $126: $auto$alumacc.cc:576:replace_alu$1324
  creating $alu cell for $119: $auto$alumacc.cc:576:replace_alu$1327
  creating $alu cell for $855: $auto$alumacc.cc:576:replace_alu$1330
  creating $alu cell for $112: $auto$alumacc.cc:576:replace_alu$1333
  creating $alu cell for $81: $auto$alumacc.cc:576:replace_alu$1336
  creating $alu cell for $80: $auto$alumacc.cc:576:replace_alu$1339
  creating $alu cell for $73: $auto$alumacc.cc:576:replace_alu$1342
  creating $alu cell for $66: $auto$alumacc.cc:576:replace_alu$1345
  creating $alu cell for $35: $auto$alumacc.cc:576:replace_alu$1348
  creating $alu cell for $34: $auto$alumacc.cc:576:replace_alu$1351
  creating $alu cell for $27: $auto$alumacc.cc:576:replace_alu$1354
  creating $alu cell for $20: $auto$alumacc.cc:576:replace_alu$1357
  created 66 $alu and 0 $macc cells.

2.15. Executing SHARE pass (SAT-based resource sharing).

2.16. Executing OPT pass (performing simple optimizations).

2.16.1. Executing OPT_EXPR pass (perform const folding).
Optimizing module vc_router.
<suppressed ~40 debug messages>

2.16.2. Executing OPT_MERGE pass (detect identical cells).
Finding identical cells in module `\vc_router'.
Computing hashes of 922 cells of `\vc_router'.
Finding duplicate cells in `\vc_router'.
Removed a total of 0 cells.

2.16.3. Executing OPT_MUXTREE pass (detect dead branches in mux trees).
Running muxtree optimizer on module \vc_router..
  Creating internal representation of mux trees.
  Evaluating internal representation of mux trees.
  Analyzing evaluation results.
Removed 0 multiplexer ports.
<suppressed ~369 debug messages>

2.16.4. Executing OPT_REDUCE pass (consolidate $*mux and $reduce_* inputs).
  Optimizing cells in module \vc_router.
Performed a total of 0 changes.

2.16.5. Executing OPT_MERGE pass (detect identical cells).
Finding identical cells in module `\vc_router'.
Computing hashes of 922 cells of `\vc_router'.
Finding duplicate cells in `\vc_router'.
Removed a total of 0 cells.

2.16.6. Executing OPT_DFF pass (perform DFF optimizations).

2.16.7. Executing OPT_CLEAN pass (remove unused cells and wires).
Finding unused cells or wires in module \vc_router..
Removed 10 unused cells and 70 unused wires.
<suppressed ~21 debug messages>

2.16.8. Executing OPT_EXPR pass (perform const folding).
Optimizing module vc_router.

2.16.9. Rerunning OPT passes. (Maybe there is more to do..)

2.16.10. Executing OPT_MUXTREE pass (detect dead branches in mux trees).
Running muxtree optimizer on module \vc_router..
  Creating internal representation of mux trees.
  Evaluating internal representation of mux trees.
  Analyzing evaluation results.
Removed 0 multiplexer ports.
<suppressed ~369 debug messages>

2.16.11. Executing OPT_REDUCE pass (consolidate $*mux and $reduce_* inputs).
  Optimizing cells in module \vc_router.
Performed a total of 0 changes.

2.16.12. Executing OPT_MERGE pass (detect identical cells).
Finding identical cells in module `\vc_router'.
Computing hashes of 902 cells of `\vc_router'.
Finding duplicate cells in `\vc_router'.
Removed a total of 0 cells.

2.16.13. Executing OPT_DFF pass (perform DFF optimizations).

2.16.14. Executing OPT_CLEAN pass (remove unused cells and wires).
Finding unused cells or wires in module \vc_router..

2.16.15. Executing OPT_EXPR pass (perform const folding).
Optimizing module vc_router.

2.16.16. Finished fast OPT passes. (There is nothing left to do.)

2.17. Executing MEMORY pass.

2.17.1. Executing OPT_MEM pass (optimize memories).
Performed a total of 0 transformations.

2.17.2. Executing OPT_MEM_PRIORITY pass (removing unnecessary memory write priority relations).
Performed a total of 0 transformations.

2.17.3. Executing OPT_MEM_FEEDBACK pass (finding memory read-to-write feedback paths).

2.17.4. Executing MEMORY_BMUX2ROM pass (converting muxes to ROMs).

2.17.5. Executing MEMORY_DFF pass (merging $dff cells to $memrd).

2.17.6. Executing OPT_CLEAN pass (remove unused cells and wires).
Finding unused cells or wires in module \vc_router..

2.17.7. Executing MEMORY_SHARE pass (consolidating $memrd/$memwr cells).

2.17.8. Executing OPT_MEM_WIDEN pass (optimize memories where all ports are wide).
Performed a total of 0 transformations.

2.17.9. Executing OPT_CLEAN pass (remove unused cells and wires).
Finding unused cells or wires in module \vc_router..

2.17.10. Executing MEMORY_COLLECT pass (generating $mem cells).

2.18. Executing OPT_CLEAN pass (remove unused cells and wires).
Finding unused cells or wires in module \vc_router..

2.19. Executing OPT pass (performing simple optimizations).

2.19.1. Executing OPT_EXPR pass (perform const folding).
Optimizing module vc_router.
<suppressed ~99 debug messages>

2.19.2. Executing OPT_MERGE pass (detect identical cells).
Finding identical cells in module `\vc_router'.
Computing hashes of 870 cells of `\vc_router'.
Finding duplicate cells in `\vc_router'.
Removed a total of 0 cells.

2.19.3. Executing OPT_DFF pass (perform DFF optimizations).

2.19.4. Executing OPT_CLEAN pass (remove unused cells and wires).
Finding unused cells or wires in module \vc_router..
Removed 0 unused cells and 12 unused wires.
<suppressed ~1 debug messages>

2.19.5. Finished fast OPT passes.

2.20. Executing MEMORY_MAP pass (converting memories to logic and flip-flops).

2.21. Executing OPT pass (performing simple optimizations).

2.21.1. Executing OPT_EXPR pass (perform const folding).
Optimizing module vc_router.

2.21.2. Executing OPT_MERGE pass (detect identical cells).
Finding identical cells in module `\vc_router'.
Computing hashes of 870 cells of `\vc_router'.
Finding duplicate cells in `\vc_router'.
Removed a total of 0 cells.

2.21.3. Executing OPT_MUXTREE pass (detect dead branches in mux trees).
Running muxtree optimizer on module \vc_router..
  Creating internal representation of mux trees.
  Evaluating internal representation of mux trees.
  Analyzing evaluation results.
Removed 0 multiplexer ports.
<suppressed ~215 debug messages>

2.21.4. Executing OPT_REDUCE pass (consolidate $*mux and $reduce_* inputs).
  Optimizing cells in module \vc_router.
    Consolidated identical input bits for $mux cell $261:
      Old ports: A=3'001, B=3'100, Y=$261y
      New ports: A=2'01, B=2'10, Y={ $261y [2] $261y [0] }
      New connections: $261y [1] = 1'0
    Consolidated identical input bits for $mux cell $255:
      Old ports: A=3'001, B=3'100, Y=$255y
      New ports: A=2'01, B=2'10, Y={ $255y [2] $255y [0] }
      New connections: $255y [1] = 1'0
    Consolidated identical input bits for $mux cell $249:
      Old ports: A=3'001, B=3'100, Y=$249y
      New ports: A=2'01, B=2'10, Y={ $249y [2] $249y [0] }
      New connections: $249y [1] = 1'0
    Consolidated identical input bits for $mux cell $243:
      Old ports: A=3'001, B=3'100, Y=$243y
      New ports: A=2'01, B=2'10, Y={ $243y [2] $243y [0] }
      New connections: $243y [1] = 1'0
    Consolidated identical input bits for $mux cell $237:
      Old ports: A=3'001, B=3'100, Y=$237y
      New ports: A=2'01, B=2'10, Y={ $237y [2] $237y [0] }
      New connections: $237y [1] = 1'0
    Consolidated identical input bits for $demux cell $201:
      Old ports: A=34'1111111111111111111111111111111111, Y=$201y
      New ports: A=1'1, Y={ $201y [102] $201y [68] $201y [34] $201y [0] }
      New connections: { $201y [135] $201y [101] $201y [67] $201y [33] $201y [134] $201y [100] $201y [66] $201y [32] $201y [133] $201y [99] $201y [65] $201y [31] $201y [132] $201y [98] $201y [64] $201y [30] $201y [131] $201y [97] $201y [63] $201y [29] $201y [130] $201y [96] $201y [62] $201y [28] $201y [129] $201y [95] $201y [61] $201y [27] $201y [128] $201y [94] $201y [60] $201y [26] $201y [127] $201y [93] $201y [59] $201y [25] $201y [126] $201y [92] $201y [58] $201y [24] $201y [125] $201y [91] $201y [57] $201y [23] $201y [124] $201y [90] $201y [56] $201y [22] $201y [123] $201y [89] $201y [55] $201y [21] $201y [122] $201y [88] $201y [54] $201y [20] $201y [121] $201y [87] $201y [53] $201y [19] $201y [120] $201y [86] $201y [52] $201y [18] $201y [119] $201y [85] $201y [51] $201y [17] $201y [118] $201y [84] $201y [50] $201y [16] $201y [117] $201y [83] $201y [49] $201y [15] $201y [116] $201y [82] $201y [48] $201y [14] $201y [115] $201y [81] $201y [47] $201y [13] $201y [114] $201y [80] $201y [46] $201y [12] $201y [113] $201y [79] $201y [45] $201y [11] $201y [112] $201y [78] $201y [44] $201y [10] $201y [111] $201y [77] $201y [43] $201y [9] $201y [110] $201y [76] $201y [42] $201y [8] $201y [109] $201y [75] $201y [41] $201y [7] $201y [108] $201y [74] $201y [40] $201y [6] $201y [107] $201y [73] $201y [39] $201y [5] $201y [106] $201y [72] $201y [38] $201y [4] $201y [105] $201y [71] $201y [37] $201y [3] $201y [104] $201y [70] $201y [36] $201y [2] $201y [103] $201y [69] $201y [35] $201y [1] } = { $201y [102] $201y [68] $201y [34] $201y [0] $201y [102] $201y [68] $201y [34] $201y [0] $201y [102] $201y [68] $201y [34] $201y [0] $201y [102] $201y [68] $201y [34] $201y [0] $201y [102] $201y [68] $201y [34] $201y [0] $201y [102] $201y [68] $201y [34] $201y [0] $201y [102] $201y [68] $201y [34] $201y [0] $201y [102] $201y [68] $201y [34] $201y [0] $201y [102] $201y [68] $201y [34] $201y [0] $201y [102] $201y [68] $201y [34] $201y [0] $201y [102] $201y [68] $201y [34] $201y [0] $201y [102] $201y [68] $201y [34] $201y [0] $201y [102] $201y [68] $201y [34] $201y [0] $201y [102] $201y [68] $201y [34] $201y [0] $201y [102] $201y [68] $201y [34] $201y [0] $201y [102] $201y [68] $201y [34] $201y [0] $201y [102] $201y [68] $201y [34] $201y [0] $201y [102] $201y [68] $201y [34] $201y [0] $201y [102] $201y [68] $201y [34] $201y [0] $201y [102] $201y [68] $201y [34] $201y [0] $201y [102] $201y [68] $201y [34] $201y [0] $201y [102] $201y [68] $201y [34] $201y [0] $201y [102] $201y [68] $201y [34] $201y [0] $201y [102] $201y [68] $201y [34] $201y [0] $201y [102] $201y [68] $201y [34] $201y [0] $201y [102] $201y [68] $201y [34] $201y [0] $201y [102] $201y [68] $201y [34] $201y [0] $201y [102] $201y [68] $201y [34] $201y [0] $201y [102] $201y [68] $201y [34] $201y [0] $201y [102] $201y [68] $201y [34] $201y [0] $201y [102] $201y [68] $201y [34] $201y [0] $201y [102] $201y [68] $201y [34] $201y [0] $201y [102] $201y [68] $201y [34] $201y [0] }
    Consolidated identical input bits for $demux cell $155:
      Old ports: A=34'1111111111111111111111111111111111, Y=$155y
      New ports: A=1'1, Y={ $155y [102] $155y [68] $155y [34] $155y [0] }
      New connections: { $155y [135] $155y [101] $155y [67] $155y [33] $155y [134] $155y [100] $155y [66] $155y [32] $155y [133] $155y [99] $155y [65] $155y [31] $155y [132] $155y [98] $155y [64] $155y [30] $155y [131] $155y [97] $155y [63] $155y [29] $155y [130] $155y [96] $155y [62] $155y [28] $155y [129] $155y [95] $155y [61] $155y [27] $155y [128] $155y [94] $155y [60] $155y [26] $155y [127] $155y [93] $155y [59] $155y [25] $155y [126] $155y [92] $155y [58] $155y [24] $155y [125] $155y [91] $155y [57] $155y [23] $155y [124] $155y [90] $155y [56] $155y [22] $155y [123] $155y [89] $155y [55] $155y [21] $155y [122] $155y [88] $155y [54] $155y [20] $155y [121] $155y [87] $155y [53] $155y [19] $155y [120] $155y [86] $155y [52] $155y [18] $155y [119] $155y [85] $155y [51] $155y [17] $155y [118] $155y [84] $155y [50] $155y [16] $155y [117] $155y [83] $155y [49] $155y [15] $155y [116] $155y [82] $155y [48] $155y [14] $155y [115] $155y [81] $155y [47] $155y [13] $155y [114] $155y [80] $155y [46] $155y [12] $155y [113] $155y [79] $155y [45] $155y [11] $155y [112] $155y [78] $155y [44] $155y [10] $155y [111] $155y [77] $155y [43] $155y [9] $155y [110] $155y [76] $155y [42] $155y [8] $155y [109] $155y [75] $155y [41] $155y [7] $155y [108] $155y [74] $155y [40] $155y [6] $155y [107] $155y [73] $155y [39] $155y [5] $155y [106] $155y [72] $155y [38] $155y [4] $155y [105] $155y [71] $155y [37] $155y [3] $155y [104] $155y [70] $155y [36] $155y [2] $155y [103] $155y [69] $155y [35] $155y [1] } = { $155y [102] $155y [68] $155y [34] $155y [0] $155y [102] $155y [68] $155y [34] $155y [0] $155y [102] $155y [68] $155y [34] $155y [0] $155y [102] $155y [68] $155y [34] $155y [0] $155y [102] $155y [68] $155y [34] $155y [0] $155y [102] $155y [68] $155y [34] $155y [0] $155y [102] $155y [68] $155y [34] $155y [0] $155y [102] $155y [68] $155y [34] $155y [0] $155y [102] $155y [68] $155y [34] $155y [0] $155y [102] $155y [68] $155y [34] $155y [0] $155y [102] $155y [68] $155y [34] $155y [0] $155y [102] $155y [68] $155y [34] $155y [0] $155y [102] $155y [68] $155y [34] $155y [0] $155y [102] $155y [68] $155y [34] $155y [0] $155y [102] $155y [68] $155y [34] $155y [0] $155y [102] $155y [68] $155y [34] $155y [0] $155y [102] $155y [68] $155y [34] $155y [0] $155y [102] $155y [68] $155y [34] $155y [0] $155y [102] $155y [68] $155y [34] $155y [0] $155y [102] $155y [68] $155y [34] $155y [0] $155y [102] $155y [68] $155y [34] $155y [0] $155y [102] $155y [68] $155y [34] $155y [0] $155y [102] $155y [68] $155y [34] $155y [0] $155y [102] $155y [68] $155y [34] $155y [0] $155y [102] $155y [68] $155y [34] $155y [0] $155y [102] $155y [68] $155y [34] $155y [0] $155y [102] $155y [68] $155y [34] $155y [0] $155y [102] $155y [68] $155y [34] $155y [0] $155y [102] $155y [68] $155y [34] $155y [0] $155y [102] $155y [68] $155y [34] $155y [0] $155y [102] $155y [68] $155y [34] $155y [0] $155y [102] $155y [68] $155y [34] $155y [0] $155y [102] $155y [68] $155y [34] $155y [0] }
    Consolidated identical input bits for $demux cell $109:
      Old ports: A=34'1111111111111111111111111111111111, Y=$109y
      New ports: A=1'1, Y={ $109y [102] $109y [68] $109y [34] $109y [0] }
      New connections: { $109y [135] $109y [101] $109y [67] $109y [33] $109y [134] $109y [100] $109y [66] $109y [32] $109y [133] $109y [99] $109y [65] $109y [31] $109y [132] $109y [98] $109y [64] $109y [30] $109y [131] $109y [97] $109y [63] $109y [29] $109y [130] $109y [96] $109y [62] $109y [28] $109y [129] $109y [95] $109y [61] $109y [27] $109y [128] $109y [94] $109y [60] $109y [26] $109y [127] $109y [93] $109y [59] $109y [25] $109y [126] $109y [92] $109y [58] $109y [24] $109y [125] $109y [91] $109y [57] $109y [23] $109y [124] $109y [90] $109y [56] $109y [22] $109y [123] $109y [89] $109y [55] $109y [21] $109y [122] $109y [88] $109y [54] $109y [20] $109y [121] $109y [87] $109y [53] $109y [19] $109y [120] $109y [86] $109y [52] $109y [18] $109y [119] $109y [85] $109y [51] $109y [17] $109y [118] $109y [84] $109y [50] $109y [16] $109y [117] $109y [83] $109y [49] $109y [15] $109y [116] $109y [82] $109y [48] $109y [14] $109y [115] $109y [81] $109y [47] $109y [13] $109y [114] $109y [80] $109y [46] $109y [12] $109y [113] $109y [79] $109y [45] $109y [11] $109y [112] $109y [78] $109y [44] $109y [10] $109y [111] $109y [77] $109y [43] $109y [9] $109y [110] $109y [76] $109y [42] $109y [8] $109y [109] $109y [75] $109y [41] $109y [7] $109y [108] $109y [74] $109y [40] $109y [6] $109y [107] $109y [73] $109y [39] $109y [5] $109y [106] $109y [72] $109y [38] $109y [4] $109y [105] $109y [71] $109y [37] $109y [3] $109y [104] $109y [70] $109y [36] $109y [2] $109y [103] $109y [69] $109y [35] $109y [1] } = { $109y [102] $109y [68] $109y [34] $109y [0] $109y [102] $109y [68] $109y [34] $109y [0] $109y [102] $109y [68] $109y [34] $109y [0] $109y [102] $109y [68] $109y [34] $109y [0] $109y [102] $109y [68] $109y [34] $109y [0] $109y [102] $109y [68] $109y [34] $109y [0] $109y [102] $109y [68] $109y [34] $109y [0] $109y [102] $109y [68] $109y [34] $109y [0] $109y [102] $109y [68] $109y [34] $109y [0] $109y [102] $109y [68] $109y [34] $109y [0] $109y [102] $109y [68] $109y [34] $109y [0] $109y [102] $109y [68] $109y [34] $109y [0] $109y [102] $109y [68] $109y [34] $109y [0] $109y [102] $109y [68] $109y [34] $109y [0] $109y [102] $109y [68] $109y [34] $109y [0] $109y [102] $109y [68] $109y [34] $109y [0] $109y [102] $109y [68] $109y [34] $109y [0] $109y [102] $109y [68] $109y [34] $109y [0] $109y [102] $109y [68] $109y [34] $109y [0] $109y [102] $109y [68] $109y [34] $109y [0] $109y [102] $109y [68] $109y [34] $109y [0] $109y [102] $109y [68] $109y [34] $109y [0] $109y [102] $109y [68] $109y [34] $109y [0] $109y [102] $109y [68] $109y [34] $109y [0] $109y [102] $109y [68] $109y [34] $109y [0] $109y [102] $109y [68] $109y [34] $109y [0] $109y [102] $109y [68] $109y [34] $109y [0] $109y [102] $109y [68] $109y [34] $109y [0] $109y [102] $109y [68] $109y [34] $109y [0] $109y [102] $109y [68] $109y [34] $109y [0] $109y [102] $109y [68] $109y [34] $109y [0] $109y [102] $109y [68] $109y [34] $109y [0] $109y [102] $109y [68] $109y [34] $109y [0] }
    Consolidated identical input bits for $demux cell $63:
      Old ports: A=34'1111111111111111111111111111111111, Y=$63y
      New ports: A=1'1, Y={ $63y [102] $63y [68] $63y [34] $63y [0] }
      New connections: { $63y [135] $63y [101] $63y [67] $63y [33] $63y [134] $63y [100] $63y [66] $63y [32] $63y [133] $63y [99] $63y [65] $63y [31] $63y [132] $63y [98] $63y [64] $63y [30] $63y [131] $63y [97] $63y [63] $63y [29] $63y [130] $63y [96] $63y [62] $63y [28] $63y [129] $63y [95] $63y [61] $63y [27] $63y [128] $63y [94] $63y [60] $63y [26] $63y [127] $63y [93] $63y [59] $63y [25] $63y [126] $63y [92] $63y [58] $63y [24] $63y [125] $63y [91] $63y [57] $63y [23] $63y [124] $63y [90] $63y [56] $63y [22] $63y [123] $63y [89] $63y [55] $63y [21] $63y [122] $63y [88] $63y [54] $63y [20] $63y [121] $63y [87] $63y [53] $63y [19] $63y [120] $63y [86] $63y [52] $63y [18] $63y [119] $63y [85] $63y [51] $63y [17] $63y [118] $63y [84] $63y [50] $63y [16] $63y [117] $63y [83] $63y [49] $63y [15] $63y [116] $63y [82] $63y [48] $63y [14] $63y [115] $63y [81] $63y [47] $63y [13] $63y [114] $63y [80] $63y [46] $63y [12] $63y [113] $63y [79] $63y [45] $63y [11] $63y [112] $63y [78] $63y [44] $63y [10] $63y [111] $63y [77] $63y [43] $63y [9] $63y [110] $63y [76] $63y [42] $63y [8] $63y [109] $63y [75] $63y [41] $63y [7] $63y [108] $63y [74] $63y [40] $63y [6] $63y [107] $63y [73] $63y [39] $63y [5] $63y [106] $63y [72] $63y [38] $63y [4] $63y [105] $63y [71] $63y [37] $63y [3] $63y [104] $63y [70] $63y [36] $63y [2] $63y [103] $63y [69] $63y [35] $63y [1] } = { $63y [102] $63y [68] $63y [34] $63y [0] $63y [102] $63y [68] $63y [34] $63y [0] $63y [102] $63y [68] $63y [34] $63y [0] $63y [102] $63y [68] $63y [34] $63y [0] $63y [102] $63y [68] $63y [34] $63y [0] $63y [102] $63y [68] $63y [34] $63y [0] $63y [102] $63y [68] $63y [34] $63y [0] $63y [102] $63y [68] $63y [34] $63y [0] $63y [102] $63y [68] $63y [34] $63y [0] $63y [102] $63y [68] $63y [34] $63y [0] $63y [102] $63y [68] $63y [34] $63y [0] $63y [102] $63y [68] $63y [34] $63y [0] $63y [102] $63y [68] $63y [34] $63y [0] $63y [102] $63y [68] $63y [34] $63y [0] $63y [102] $63y [68] $63y [34] $63y [0] $63y [102] $63y [68] $63y [34] $63y [0] $63y [102] $63y [68] $63y [34] $63y [0] $63y [102] $63y [68] $63y [34] $63y [0] $63y [102] $63y [68] $63y [34] $63y [0] $63y [102] $63y [68] $63y [34] $63y [0] $63y [102] $63y [68] $63y [34] $63y [0] $63y [102] $63y [68] $63y [34] $63y [0] $63y [102] $63y [68] $63y [34] $63y [0] $63y [102] $63y [68] $63y [34] $63y [0] $63y [102] $63y [68] $63y [34] $63y [0] $63y [102] $63y [68] $63y [34] $63y [0] $63y [102] $63y [68] $63y [34] $63y [0] $63y [102] $63y [68] $63y [34] $63y [0] $63y [102] $63y [68] $63y [34] $63y [0] $63y [102] $63y [68] $63y [34] $63y [0] $63y [102] $63y [68] $63y [34] $63y [0] $63y [102] $63y [68] $63y [34] $63y [0] $63y [102] $63y [68] $63y [34] $63y [0] }
    Consolidated identical input bits for $demux cell $17:
      Old ports: A=34'1111111111111111111111111111111111, Y=$17y
      New ports: A=1'1, Y={ $17y [102] $17y [68] $17y [34] $17y [0] }
      New connections: { $17y [135] $17y [101] $17y [67] $17y [33] $17y [134] $17y [100] $17y [66] $17y [32] $17y [133] $17y [99] $17y [65] $17y [31] $17y [132] $17y [98] $17y [64] $17y [30] $17y [131] $17y [97] $17y [63] $17y [29] $17y [130] $17y [96] $17y [62] $17y [28] $17y [129] $17y [95] $17y [61] $17y [27] $17y [128] $17y [94] $17y [60] $17y [26] $17y [127] $17y [93] $17y [59] $17y [25] $17y [126] $17y [92] $17y [58] $17y [24] $17y [125] $17y [91] $17y [57] $17y [23] $17y [124] $17y [90] $17y [56] $17y [22] $17y [123] $17y [89] $17y [55] $17y [21] $17y [122] $17y [88] $17y [54] $17y [20] $17y [121] $17y [87] $17y [53] $17y [19] $17y [120] $17y [86] $17y [52] $17y [18] $17y [119] $17y [85] $17y [51] $17y [17] $17y [118] $17y [84] $17y [50] $17y [16] $17y [117] $17y [83] $17y [49] $17y [15] $17y [116] $17y [82] $17y [48] $17y [14] $17y [115] $17y [81] $17y [47] $17y [13] $17y [114] $17y [80] $17y [46] $17y [12] $17y [113] $17y [79] $17y [45] $17y [11] $17y [112] $17y [78] $17y [44] $17y [10] $17y [111] $17y [77] $17y [43] $17y [9] $17y [110] $17y [76] $17y [42] $17y [8] $17y [109] $17y [75] $17y [41] $17y [7] $17y [108] $17y [74] $17y [40] $17y [6] $17y [107] $17y [73] $17y [39] $17y [5] $17y [106] $17y [72] $17y [38] $17y [4] $17y [105] $17y [71] $17y [37] $17y [3] $17y [104] $17y [70] $17y [36] $17y [2] $17y [103] $17y [69] $17y [35] $17y [1] } = { $17y [102] $17y [68] $17y [34] $17y [0] $17y [102] $17y [68] $17y [34] $17y [0] $17y [102] $17y [68] $17y [34] $17y [0] $17y [102] $17y [68] $17y [34] $17y [0] $17y [102] $17y [68] $17y [34] $17y [0] $17y [102] $17y [68] $17y [34] $17y [0] $17y [102] $17y [68] $17y [34] $17y [0] $17y [102] $17y [68] $17y [34] $17y [0] $17y [102] $17y [68] $17y [34] $17y [0] $17y [102] $17y [68] $17y [34] $17y [0] $17y [102] $17y [68] $17y [34] $17y [0] $17y [102] $17y [68] $17y [34] $17y [0] $17y [102] $17y [68] $17y [34] $17y [0] $17y [102] $17y [68] $17y [34] $17y [0] $17y [102] $17y [68] $17y [34] $17y [0] $17y [102] $17y [68] $17y [34] $17y [0] $17y [102] $17y [68] $17y [34] $17y [0] $17y [102] $17y [68] $17y [34] $17y [0] $17y [102] $17y [68] $17y [34] $17y [0] $17y [102] $17y [68] $17y [34] $17y [0] $17y [102] $17y [68] $17y [34] $17y [0] $17y [102] $17y [68] $17y [34] $17y [0] $17y [102] $17y [68] $17y [34] $17y [0] $17y [102] $17y [68] $17y [34] $17y [0] $17y [102] $17y [68] $17y [34] $17y [0] $17y [102] $17y [68] $17y [34] $17y [0] $17y [102] $17y [68] $17y [34] $17y [0] $17y [102] $17y [68] $17y [34] $17y [0] $17y [102] $17y [68] $17y [34] $17y [0] $17y [102] $17y [68] $17y [34] $17y [0] $17y [102] $17y [68] $17y [34] $17y [0] $17y [102] $17y [68] $17y [34] $17y [0] $17y [102] $17y [68] $17y [34] $17y [0] }
  Optimizing cells in module \vc_router.
Performed a total of 10 changes.

2.21.5. Executing OPT_MERGE pass (detect identical cells).
Finding identical cells in module `\vc_router'.
Computing hashes of 870 cells of `\vc_router'.
Finding duplicate cells in `\vc_router'.
Removed a total of 0 cells.

2.21.6. Executing OPT_SHARE pass.
    Found cells that share an operand and can be merged by moving the $mux $procmux$561 in front of them:
        $auto$alumacc.cc:576:replace_alu$1303
        $auto$alumacc.cc:576:replace_alu$1306

    Found cells that share an operand and can be merged by moving the $mux $procmux$530 in front of them:
        $auto$alumacc.cc:576:replace_alu$1252
        $auto$alumacc.cc:576:replace_alu$1255

    Found cells that share an operand and can be merged by moving the $mux $procmux$572 in front of them:
        $auto$alumacc.cc:576:replace_alu$1321
        $auto$alumacc.cc:576:replace_alu$1324

    Found cells that share an operand and can be merged by moving the $mux $procmux$550 in front of them:
        $auto$alumacc.cc:576:replace_alu$1285
        $auto$alumacc.cc:576:replace_alu$1288

    Found cells that share an operand and can be merged by moving the $mux $procmux$583 in front of them:
        $auto$alumacc.cc:576:replace_alu$1336
        $auto$alumacc.cc:576:replace_alu$1339

    Found cells that share an operand and can be merged by moving the $mux $procmux$542 in front of them:
        $auto$alumacc.cc:576:replace_alu$1270
        $auto$alumacc.cc:576:replace_alu$1273

    Found cells that share an operand and can be merged by moving the $mux $procmux$534 in front of them:
        $auto$alumacc.cc:576:replace_alu$1258
        $auto$alumacc.cc:576:replace_alu$1261

    Found cells that share an operand and can be merged by moving the $mux $procmux$538 in front of them:
        $auto$alumacc.cc:576:replace_alu$1264
        $auto$alumacc.cc:576:replace_alu$1267

    Found cells that share an operand and can be merged by moving the $mux $procmux$594 in front of them:
        $auto$alumacc.cc:576:replace_alu$1348
        $auto$alumacc.cc:576:replace_alu$1351

    Found cells that share an operand and can be merged by moving the $mux $procmux$546 in front of them:
        $auto$alumacc.cc:576:replace_alu$1276
        $auto$alumacc.cc:576:replace_alu$1279

2.21.7. Executing OPT_DFF pass (perform DFF optimizations).

2.21.8. Executing OPT_CLEAN pass (remove unused cells and wires).
Finding unused cells or wires in module \vc_router..
Removed 0 unused cells and 60 unused wires.
<suppressed ~1 debug messages>

2.21.9. Executing OPT_EXPR pass (perform const folding).
Optimizing module vc_router.
<suppressed ~20 debug messages>

2.21.10. Rerunning OPT passes. (Maybe there is more to do..)

2.21.11. Executing OPT_MUXTREE pass (detect dead branches in mux trees).
Running muxtree optimizer on module \vc_router..
  Creating internal representation of mux trees.
  Evaluating internal representation of mux trees.
  Analyzing evaluation results.
Removed 0 multiplexer ports.
<suppressed ~215 debug messages>

2.21.12. Executing OPT_REDUCE pass (consolidate $*mux and $reduce_* inputs).
  Optimizing cells in module \vc_router.
    Consolidated identical input bits for $mux cell $auto$opt_share.cc:244:merge_operators$1390:
      Old ports: A=3'111, B=3'001, Y=$auto$rtlil.cc:3369:Mux$1391
      New ports: A=1'1, B=1'0, Y=$auto$rtlil.cc:3369:Mux$1391 [1]
      New connections: { $auto$rtlil.cc:3369:Mux$1391 [2] $auto$rtlil.cc:3369:Mux$1391 [0] } = { $auto$rtlil.cc:3369:Mux$1391 [1] 1'1 }
    Consolidated identical input bits for $mux cell $auto$opt_share.cc:244:merge_operators$1425:
      Old ports: A=3'111, B=3'001, Y=$auto$rtlil.cc:3369:Mux$1426
      New ports: A=1'1, B=1'0, Y=$auto$rtlil.cc:3369:Mux$1426 [1]
      New connections: { $auto$rtlil.cc:3369:Mux$1426 [2] $auto$rtlil.cc:3369:Mux$1426 [0] } = { $auto$rtlil.cc:3369:Mux$1426 [1] 1'1 }
    Consolidated identical input bits for $mux cell $auto$opt_share.cc:244:merge_operators$1432:
      Old ports: A=3'111, B=3'001, Y=$auto$rtlil.cc:3369:Mux$1433
      New ports: A=1'1, B=1'0, Y=$auto$rtlil.cc:3369:Mux$1433 [1]
      New connections: { $auto$rtlil.cc:3369:Mux$1433 [2] $auto$rtlil.cc:3369:Mux$1433 [0] } = { $auto$rtlil.cc:3369:Mux$1433 [1] 1'1 }
    Consolidated identical input bits for $mux cell $auto$opt_share.cc:244:merge_operators$1418:
      Old ports: A=3'111, B=3'001, Y=$auto$rtlil.cc:3369:Mux$1419
      New ports: A=1'1, B=1'0, Y=$auto$rtlil.cc:3369:Mux$1419 [1]
      New connections: { $auto$rtlil.cc:3369:Mux$1419 [2] $auto$rtlil.cc:3369:Mux$1419 [0] } = { $auto$rtlil.cc:3369:Mux$1419 [1] 1'1 }
    Consolidated identical input bits for $mux cell $auto$opt_share.cc:244:merge_operators$1446:
      Old ports: A=3'111, B=3'001, Y=$auto$rtlil.cc:3369:Mux$1447
      New ports: A=1'1, B=1'0, Y=$auto$rtlil.cc:3369:Mux$1447 [1]
      New connections: { $auto$rtlil.cc:3369:Mux$1447 [2] $auto$rtlil.cc:3369:Mux$1447 [0] } = { $auto$rtlil.cc:3369:Mux$1447 [1] 1'1 }
    Consolidated identical input bits for $mux cell $auto$opt_share.cc:244:merge_operators$1404:
      Old ports: A=3'111, B=3'001, Y=$auto$rtlil.cc:3369:Mux$1405
      New ports: A=1'1, B=1'0, Y=$auto$rtlil.cc:3369:Mux$1405 [1]
      New connections: { $auto$rtlil.cc:3369:Mux$1405 [2] $auto$rtlil.cc:3369:Mux$1405 [0] } = { $auto$rtlil.cc:3369:Mux$1405 [1] 1'1 }
    Consolidated identical input bits for $mux cell $auto$opt_share.cc:244:merge_operators$1383:
      Old ports: A=3'111, B=3'001, Y=$auto$rtlil.cc:3369:Mux$1384
      New ports: A=1'1, B=1'0, Y=$auto$rtlil.cc:3369:Mux$1384 [1]
      New connections: { $auto$rtlil.cc:3369:Mux$1384 [2] $auto$rtlil.cc:3369:Mux$1384 [0] } = { $auto$rtlil.cc:3369:Mux$1384 [1] 1'1 }
    Consolidated identical input bits for $mux cell $auto$opt_share.cc:244:merge_operators$1397:
      Old ports: A=3'111, B=3'001, Y=$auto$rtlil.cc:3369:Mux$1398
      New ports: A=1'1, B=1'0, Y=$auto$rtlil.cc:3369:Mux$1398 [1]
      New connections: { $auto$rtlil.cc:3369:Mux$1398 [2] $auto$rtlil.cc:3369:Mux$1398 [0] } = { $auto$rtlil.cc:3369:Mux$1398 [1] 1'1 }
    Consolidated identical input bits for $mux cell $auto$opt_share.cc:244:merge_operators$1411:
      Old ports: A=3'111, B=3'001, Y=$auto$rtlil.cc:3369:Mux$1412
      New ports: A=1'1, B=1'0, Y=$auto$rtlil.cc:3369:Mux$1412 [1]
      New connections: { $auto$rtlil.cc:3369:Mux$1412 [2] $auto$rtlil.cc:3369:Mux$1412 [0] } = { $auto$rtlil.cc:3369:Mux$1412 [1] 1'1 }
    Consolidated identical input bits for $mux cell $auto$opt_share.cc:244:merge_operators$1439:
      Old ports: A=3'111, B=3'001, Y=$auto$rtlil.cc:3369:Mux$1440
      New ports: A=1'1, B=1'0, Y=$auto$rtlil.cc:3369:Mux$1440 [1]
      New connections: { $auto$rtlil.cc:3369:Mux$1440 [2] $auto$rtlil.cc:3369:Mux$1440 [0] } = { $auto$rtlil.cc:3369:Mux$1440 [1] 1'1 }
  Optimizing cells in module \vc_router.
Performed a total of 10 changes.

2.21.13. Executing OPT_MERGE pass (detect identical cells).
Finding identical cells in module `\vc_router'.
Computing hashes of 860 cells of `\vc_router'.
Finding duplicate cells in `\vc_router'.
Removed a total of 0 cells.

2.21.14. Executing OPT_SHARE pass.

2.21.15. Executing OPT_DFF pass (perform DFF optimizations).

2.21.16. Executing OPT_CLEAN pass (remove unused cells and wires).
Finding unused cells or wires in module \vc_router..
Removed 0 unused cells and 20 unused wires.
<suppressed ~1 debug messages>

2.21.17. Executing OPT_EXPR pass (perform const folding).
Optimizing module vc_router.
<suppressed ~10 debug messages>

2.21.18. Rerunning OPT passes. (Maybe there is more to do..)

2.21.19. Executing OPT_MUXTREE pass (detect dead branches in mux trees).
Running muxtree optimizer on module \vc_router..
  Creating internal representation of mux trees.
  Evaluating internal representation of mux trees.
  Analyzing evaluation results.
Removed 0 multiplexer ports.
<suppressed ~195 debug messages>

2.21.20. Executing OPT_REDUCE pass (consolidate $*mux and $reduce_* inputs).
  Optimizing cells in module \vc_router.
Performed a total of 0 changes.

2.21.21. Executing OPT_MERGE pass (detect identical cells).
Finding identical cells in module `\vc_router'.
Computing hashes of 860 cells of `\vc_router'.
Finding duplicate cells in `\vc_router'.
Removed a total of 0 cells.

2.21.22. Executing OPT_SHARE pass.

2.21.23. Executing OPT_DFF pass (perform DFF optimizations).

2.21.24. Executing OPT_CLEAN pass (remove unused cells and wires).
Finding unused cells or wires in module \vc_router..

2.21.25. Executing OPT_EXPR pass (perform const folding).
Optimizing module vc_router.

2.21.26. Finished fast OPT passes. (There is nothing left to do.)

2.22. Executing TECHMAP pass (map to technology primitives).

2.22.1. Executing Verilog-2005 frontend: C:\oss-cad-suite\bin\../share/yosys/techmap.v
Parsing Verilog input from `C:\oss-cad-suite\bin\../share/yosys/techmap.v' to AST representation.
Generating RTLIL representation for module `\_90_simplemap_bool_ops'.
Generating RTLIL representation for module `\_90_simplemap_reduce_ops'.
Generating RTLIL representation for module `\_90_simplemap_logic_ops'.
Generating RTLIL representation for module `\_90_simplemap_compare_ops'.
Generating RTLIL representation for module `\_90_simplemap_various'.
Generating RTLIL representation for module `\_90_simplemap_registers'.
Generating RTLIL representation for module `\_90_shift_ops_shr_shl_sshl_sshr'.
Generating RTLIL representation for module `\_90_shift_shiftx'.
Generating RTLIL representation for module `\_90_fa'.
Generating RTLIL representation for module `\_90_lcu_brent_kung'.
Generating RTLIL representation for module `\_90_alu'.
Generating RTLIL representation for module `\_90_macc'.
Generating RTLIL representation for module `\_90_alumacc'.
Generating RTLIL representation for module `$__div_mod_u'.
Generating RTLIL representation for module `$__div_mod_trunc'.
Generating RTLIL representation for module `\_90_div'.
Generating RTLIL representation for module `\_90_mod'.
Generating RTLIL representation for module `$__div_mod_floor'.
Generating RTLIL representation for module `\_90_divfloor'.
Generating RTLIL representation for module `\_90_modfloor'.
Generating RTLIL representation for module `\_90_pow'.
Generating RTLIL representation for module `\_90_demux'.
Generating RTLIL representation for module `\_90_lut'.
Generating RTLIL representation for module `$connect'.
Generating RTLIL representation for module `$input_port'.
Successfully finished Verilog frontend.

2.22.2. Continuing TECHMAP pass.
Using extmapper simplemap for cells of type $not.
Using template $paramod$175e67c02b86e96b1288b9dc100122520d7240d8\_90_alu for cells of type $alu.
Using template $paramod$78e969f2586efcf3a5b0b0440bcca0db83d5cca2\_90_alu for cells of type $alu.
Using template $paramod$aebc44f5eedf4f1603d7564e4920ac508059c773\_90_alu for cells of type $alu.
Using template $paramod$bfceb922395790c0ce92e9f9b5b428d4fc72cc30\_90_alu for cells of type $alu.
Using template $paramod$b3c20b05d9b1fc2c940ef2f6c917486aead042e8\_90_alu for cells of type $alu.
Using template $paramod$1d1e68f77481583066c6d429218f48ea9d5739b3\_90_alu for cells of type $alu.
Using template $paramod$3ef7d3dd227da7627a99c5e5a6a4deb817573e39\_90_alu for cells of type $alu.
Using template $paramod$53700bbee849b2010ad0b60a61ccd204a10e24ca\_90_alu for cells of type $alu.
Using extmapper simplemap for cells of type $reduce_and.
Using extmapper simplemap for cells of type $adffe.
Using extmapper simplemap for cells of type $ne.
Using extmapper simplemap for cells of type $reduce_bool.
Using extmapper simplemap for cells of type $dffe.
Using extmapper simplemap for cells of type $logic_not.
Using extmapper simplemap for cells of type $logic_and.
Using extmapper simplemap for cells of type $eq.
Using extmapper simplemap for cells of type $bmux.
Using template $paramod$c5c783b17ab1d780abfad8cfe6563a0a7b47a3b0\_90_demux for cells of type $demux.
Using extmapper simplemap for cells of type $bwmux.
Using extmapper simplemap for cells of type $mux.
Using extmapper simplemap for cells of type $logic_or.
Using extmapper simplemap for cells of type $reduce_or.
Using extmapper simplemap for cells of type $adff.
Using extmapper simplemap for cells of type $and.
Using template $paramod$7c57415a5d1548582d39eb6a40b41d1dc66f74cd\_90_mod for cells of type $mod.
Using template $paramod$constmap:b85b8cd6196b4575e394900cd7f1373696da9104$paramod$e9e501d68e3475b3fffd8e03f42233a800cd29cd\_90_shift_ops_shr_shl_sshl_sshr for cells of type $shr.
Using template $paramod$ce8b85216d50143a9829d5f1451c5186f340c36e\_90_mod for cells of type $mod.
Using template $paramod$constmap:df6f2666b7bf24f0bb5af3c5a09c564d7821ce7d$paramod$f4c43f49f680b818979e2c468a541ad5c59d3377\_90_shift_ops_shr_shl_sshl_sshr for cells of type $shl.
Using template $paramod$constmap:aa637e78ebe51d11a63bda36bf584a6ca9d7a828$paramod$764bc4271ffac3a8e6473e868f8e1fbed43bdf24\_90_shift_ops_shr_shl_sshl_sshr for cells of type $shr.
Using extmapper simplemap for cells of type $or.
Using extmapper simplemap for cells of type $xor.
Using template $paramod$ce8b85216d50143a9829d5f1451c5186f340c36e$__div_mod_trunc for cells of type $__div_mod_trunc.
Using extmapper simplemap for cells of type $pos.
Using template $paramod\_90_fa\WIDTH=32'00000000000000000000000000000011 for cells of type $fa.
Using template $paramod\_90_lcu_brent_kung\WIDTH=32'00000000000000000000000000000011 for cells of type $lcu.
Using template $paramod\_90_fa\WIDTH=32'00000000000000000000000000000010 for cells of type $fa.
Using template $paramod\_90_lcu_brent_kung\WIDTH=32'00000000000000000000000000000010 for cells of type $lcu.
Using template $paramod$7c57415a5d1548582d39eb6a40b41d1dc66f74cd$__div_mod_trunc for cells of type $__div_mod_trunc.
Using template $paramod\_90_fa\WIDTH=32'00000000000000000000000000000100 for cells of type $fa.
Using template $paramod\_90_lcu_brent_kung\WIDTH=32'00000000000000000000000000000100 for cells of type $lcu.
Using template $paramod$5d1d2614b24accd0f9d06c4779fd9ef771faf494\_90_demux for cells of type $demux.
Using template $paramod\_90_fa\WIDTH=32'00000000000000000000000000001001 for cells of type $fa.
Using template $paramod\_90_lcu_brent_kung\WIDTH=32'00000000000000000000000000001001 for cells of type $lcu.
Running "alumacc" on wrapper $extern:wrap:$neg:Y_WIDTH=32:A_WIDTH=32:A_SIGNED=0:394426c56d1a028ba8fdd5469b163e04011def47.
Using template $extern:wrap:$neg:Y_WIDTH=32:A_WIDTH=32:A_SIGNED=0:394426c56d1a028ba8fdd5469b163e04011def47 for cells of type $extern:wrap:$neg:Y_WIDTH=32:A_WIDTH=32:A_SIGNED=0:394426c56d1a028ba8fdd5469b163e04011def47.
Using template $paramod$__div_mod_u\WIDTH=32'00000000000000000000000000100000 for cells of type $__div_mod_u.
Using template $paramod$c6baa65225090ac0a120feab1b920965244aa496\_90_alu for cells of type $alu.
Running "alumacc" on wrapper $extern:wrap:$sub:Y_WIDTH=32:B_WIDTH=32:A_WIDTH=32:B_SIGNED=0:A_SIGNED=0:394426c56d1a028ba8fdd5469b163e04011def47.
Using template $extern:wrap:$sub:Y_WIDTH=32:B_WIDTH=32:A_WIDTH=32:B_SIGNED=0:A_SIGNED=0:394426c56d1a028ba8fdd5469b163e04011def47 for cells of type $extern:wrap:$sub:Y_WIDTH=32:B_WIDTH=32:A_WIDTH=32:B_SIGNED=0:A_SIGNED=0:394426c56d1a028ba8fdd5469b163e04011def47.
Running "alumacc" on wrapper $extern:wrap:$ge:Y_WIDTH=1:B_WIDTH=32:A_WIDTH=32:B_SIGNED=0:A_SIGNED=0:394426c56d1a028ba8fdd5469b163e04011def47.
Using template $extern:wrap:$ge:Y_WIDTH=1:B_WIDTH=32:A_WIDTH=32:B_SIGNED=0:A_SIGNED=0:394426c56d1a028ba8fdd5469b163e04011def47 for cells of type $extern:wrap:$ge:Y_WIDTH=1:B_WIDTH=32:A_WIDTH=32:B_SIGNED=0:A_SIGNED=0:394426c56d1a028ba8fdd5469b163e04011def47.
Running "alumacc" on wrapper $extern:wrap:$sub:Y_WIDTH=33:B_WIDTH=33:A_WIDTH=32:B_SIGNED=0:A_SIGNED=0:394426c56d1a028ba8fdd5469b163e04011def47.
Using template $extern:wrap:$sub:Y_WIDTH=33:B_WIDTH=33:A_WIDTH=32:B_SIGNED=0:A_SIGNED=0:394426c56d1a028ba8fdd5469b163e04011def47 for cells of type $extern:wrap:$sub:Y_WIDTH=33:B_WIDTH=33:A_WIDTH=32:B_SIGNED=0:A_SIGNED=0:394426c56d1a028ba8fdd5469b163e04011def47.
Running "alumacc" on wrapper $extern:wrap:$ge:Y_WIDTH=1:B_WIDTH=33:A_WIDTH=32:B_SIGNED=0:A_SIGNED=0:394426c56d1a028ba8fdd5469b163e04011def47.
Using template $extern:wrap:$ge:Y_WIDTH=1:B_WIDTH=33:A_WIDTH=32:B_SIGNED=0:A_SIGNED=0:394426c56d1a028ba8fdd5469b163e04011def47 for cells of type $extern:wrap:$ge:Y_WIDTH=1:B_WIDTH=33:A_WIDTH=32:B_SIGNED=0:A_SIGNED=0:394426c56d1a028ba8fdd5469b163e04011def47.
Running "alumacc" on wrapper $extern:wrap:$sub:Y_WIDTH=34:B_WIDTH=34:A_WIDTH=32:B_SIGNED=0:A_SIGNED=0:394426c56d1a028ba8fdd5469b163e04011def47.
Using template $extern:wrap:$sub:Y_WIDTH=34:B_WIDTH=34:A_WIDTH=32:B_SIGNED=0:A_SIGNED=0:394426c56d1a028ba8fdd5469b163e04011def47 for cells of type $extern:wrap:$sub:Y_WIDTH=34:B_WIDTH=34:A_WIDTH=32:B_SIGNED=0:A_SIGNED=0:394426c56d1a028ba8fdd5469b163e04011def47.
Running "alumacc" on wrapper $extern:wrap:$ge:Y_WIDTH=1:B_WIDTH=34:A_WIDTH=32:B_SIGNED=0:A_SIGNED=0:394426c56d1a028ba8fdd5469b163e04011def47.
Using template $extern:wrap:$ge:Y_WIDTH=1:B_WIDTH=34:A_WIDTH=32:B_SIGNED=0:A_SIGNED=0:394426c56d1a028ba8fdd5469b163e04011def47 for cells of type $extern:wrap:$ge:Y_WIDTH=1:B_WIDTH=34:A_WIDTH=32:B_SIGNED=0:A_SIGNED=0:394426c56d1a028ba8fdd5469b163e04011def47.
Running "alumacc" on wrapper $extern:wrap:$sub:Y_WIDTH=35:B_WIDTH=35:A_WIDTH=32:B_SIGNED=0:A_SIGNED=0:394426c56d1a028ba8fdd5469b163e04011def47.
Using template $extern:wrap:$sub:Y_WIDTH=35:B_WIDTH=35:A_WIDTH=32:B_SIGNED=0:A_SIGNED=0:394426c56d1a028ba8fdd5469b163e04011def47 for cells of type $extern:wrap:$sub:Y_WIDTH=35:B_WIDTH=35:A_WIDTH=32:B_SIGNED=0:A_SIGNED=0:394426c56d1a028ba8fdd5469b163e04011def47.
Running "alumacc" on wrapper $extern:wrap:$ge:Y_WIDTH=1:B_WIDTH=35:A_WIDTH=32:B_SIGNED=0:A_SIGNED=0:394426c56d1a028ba8fdd5469b163e04011def47.
Using template $extern:wrap:$ge:Y_WIDTH=1:B_WIDTH=35:A_WIDTH=32:B_SIGNED=0:A_SIGNED=0:394426c56d1a028ba8fdd5469b163e04011def47 for cells of type $extern:wrap:$ge:Y_WIDTH=1:B_WIDTH=35:A_WIDTH=32:B_SIGNED=0:A_SIGNED=0:394426c56d1a028ba8fdd5469b163e04011def47.
Running "alumacc" on wrapper $extern:wrap:$sub:Y_WIDTH=36:B_WIDTH=36:A_WIDTH=32:B_SIGNED=0:A_SIGNED=0:394426c56d1a028ba8fdd5469b163e04011def47.
Using template $extern:wrap:$sub:Y_WIDTH=36:B_WIDTH=36:A_WIDTH=32:B_SIGNED=0:A_SIGNED=0:394426c56d1a028ba8fdd5469b163e04011def47 for cells of type $extern:wrap:$sub:Y_WIDTH=36:B_WIDTH=36:A_WIDTH=32:B_SIGNED=0:A_SIGNED=0:394426c56d1a028ba8fdd5469b163e04011def47.
Running "alumacc" on wrapper $extern:wrap:$ge:Y_WIDTH=1:B_WIDTH=36:A_WIDTH=32:B_SIGNED=0:A_SIGNED=0:394426c56d1a028ba8fdd5469b163e04011def47.
Using template $extern:wrap:$ge:Y_WIDTH=1:B_WIDTH=36:A_WIDTH=32:B_SIGNED=0:A_SIGNED=0:394426c56d1a028ba8fdd5469b163e04011def47 for cells of type $extern:wrap:$ge:Y_WIDTH=1:B_WIDTH=36:A_WIDTH=32:B_SIGNED=0:A_SIGNED=0:394426c56d1a028ba8fdd5469b163e04011def47.
Running "alumacc" on wrapper $extern:wrap:$sub:Y_WIDTH=37:B_WIDTH=37:A_WIDTH=32:B_SIGNED=0:A_SIGNED=0:394426c56d1a028ba8fdd5469b163e04011def47.
Using template $extern:wrap:$sub:Y_WIDTH=37:B_WIDTH=37:A_WIDTH=32:B_SIGNED=0:A_SIGNED=0:394426c56d1a028ba8fdd5469b163e04011def47 for cells of type $extern:wrap:$sub:Y_WIDTH=37:B_WIDTH=37:A_WIDTH=32:B_SIGNED=0:A_SIGNED=0:394426c56d1a028ba8fdd5469b163e04011def47.
Running "alumacc" on wrapper $extern:wrap:$ge:Y_WIDTH=1:B_WIDTH=37:A_WIDTH=32:B_SIGNED=0:A_SIGNED=0:394426c56d1a028ba8fdd5469b163e04011def47.
Using template $extern:wrap:$ge:Y_WIDTH=1:B_WIDTH=37:A_WIDTH=32:B_SIGNED=0:A_SIGNED=0:394426c56d1a028ba8fdd5469b163e04011def47 for cells of type $extern:wrap:$ge:Y_WIDTH=1:B_WIDTH=37:A_WIDTH=32:B_SIGNED=0:A_SIGNED=0:394426c56d1a028ba8fdd5469b163e04011def47.
Running "alumacc" on wrapper $extern:wrap:$sub:Y_WIDTH=38:B_WIDTH=38:A_WIDTH=32:B_SIGNED=0:A_SIGNED=0:394426c56d1a028ba8fdd5469b163e04011def47.
Using template $extern:wrap:$sub:Y_WIDTH=38:B_WIDTH=38:A_WIDTH=32:B_SIGNED=0:A_SIGNED=0:394426c56d1a028ba8fdd5469b163e04011def47 for cells of type $extern:wrap:$sub:Y_WIDTH=38:B_WIDTH=38:A_WIDTH=32:B_SIGNED=0:A_SIGNED=0:394426c56d1a028ba8fdd5469b163e04011def47.
Running "alumacc" on wrapper $extern:wrap:$ge:Y_WIDTH=1:B_WIDTH=38:A_WIDTH=32:B_SIGNED=0:A_SIGNED=0:394426c56d1a028ba8fdd5469b163e04011def47.
Using template $extern:wrap:$ge:Y_WIDTH=1:B_WIDTH=38:A_WIDTH=32:B_SIGNED=0:A_SIGNED=0:394426c56d1a028ba8fdd5469b163e04011def47 for cells of type $extern:wrap:$ge:Y_WIDTH=1:B_WIDTH=38:A_WIDTH=32:B_SIGNED=0:A_SIGNED=0:394426c56d1a028ba8fdd5469b163e04011def47.
Running "alumacc" on wrapper $extern:wrap:$sub:Y_WIDTH=39:B_WIDTH=39:A_WIDTH=32:B_SIGNED=0:A_SIGNED=0:394426c56d1a028ba8fdd5469b163e04011def47.
Using template $extern:wrap:$sub:Y_WIDTH=39:B_WIDTH=39:A_WIDTH=32:B_SIGNED=0:A_SIGNED=0:394426c56d1a028ba8fdd5469b163e04011def47 for cells of type $extern:wrap:$sub:Y_WIDTH=39:B_WIDTH=39:A_WIDTH=32:B_SIGNED=0:A_SIGNED=0:394426c56d1a028ba8fdd5469b163e04011def47.
Running "alumacc" on wrapper $extern:wrap:$ge:Y_WIDTH=1:B_WIDTH=39:A_WIDTH=32:B_SIGNED=0:A_SIGNED=0:394426c56d1a028ba8fdd5469b163e04011def47.
Using template $extern:wrap:$ge:Y_WIDTH=1:B_WIDTH=39:A_WIDTH=32:B_SIGNED=0:A_SIGNED=0:394426c56d1a028ba8fdd5469b163e04011def47 for cells of type $extern:wrap:$ge:Y_WIDTH=1:B_WIDTH=39:A_WIDTH=32:B_SIGNED=0:A_SIGNED=0:394426c56d1a028ba8fdd5469b163e04011def47.
Running "alumacc" on wrapper $extern:wrap:$sub:Y_WIDTH=40:B_WIDTH=40:A_WIDTH=32:B_SIGNED=0:A_SIGNED=0:394426c56d1a028ba8fdd5469b163e04011def47.
Using template $extern:wrap:$sub:Y_WIDTH=40:B_WIDTH=40:A_WIDTH=32:B_SIGNED=0:A_SIGNED=0:394426c56d1a028ba8fdd5469b163e04011def47 for cells of type $extern:wrap:$sub:Y_WIDTH=40:B_WIDTH=40:A_WIDTH=32:B_SIGNED=0:A_SIGNED=0:394426c56d1a028ba8fdd5469b163e04011def47.
Running "alumacc" on wrapper $extern:wrap:$ge:Y_WIDTH=1:B_WIDTH=40:A_WIDTH=32:B_SIGNED=0:A_SIGNED=0:394426c56d1a028ba8fdd5469b163e04011def47.
Using template $extern:wrap:$ge:Y_WIDTH=1:B_WIDTH=40:A_WIDTH=32:B_SIGNED=0:A_SIGNED=0:394426c56d1a028ba8fdd5469b163e04011def47 for cells of type $extern:wrap:$ge:Y_WIDTH=1:B_WIDTH=40:A_WIDTH=32:B_SIGNED=0:A_SIGNED=0:394426c56d1a028ba8fdd5469b163e04011def47.
Running "alumacc" on wrapper $extern:wrap:$sub:Y_WIDTH=41:B_WIDTH=41:A_WIDTH=32:B_SIGNED=0:A_SIGNED=0:394426c56d1a028ba8fdd5469b163e04011def47.
Using template $extern:wrap:$sub:Y_WIDTH=41:B_WIDTH=41:A_WIDTH=32:B_SIGNED=0:A_SIGNED=0:394426c56d1a028ba8fdd5469b163e04011def47 for cells of type $extern:wrap:$sub:Y_WIDTH=41:B_WIDTH=41:A_WIDTH=32:B_SIGNED=0:A_SIGNED=0:394426c56d1a028ba8fdd5469b163e04011def47.
Running "alumacc" on wrapper $extern:wrap:$ge:Y_WIDTH=1:B_WIDTH=41:A_WIDTH=32:B_SIGNED=0:A_SIGNED=0:394426c56d1a028ba8fdd5469b163e04011def47.
Using template $extern:wrap:$ge:Y_WIDTH=1:B_WIDTH=41:A_WIDTH=32:B_SIGNED=0:A_SIGNED=0:394426c56d1a028ba8fdd5469b163e04011def47 for cells of type $extern:wrap:$ge:Y_WIDTH=1:B_WIDTH=41:A_WIDTH=32:B_SIGNED=0:A_SIGNED=0:394426c56d1a028ba8fdd5469b163e04011def47.
Running "alumacc" on wrapper $extern:wrap:$sub:Y_WIDTH=42:B_WIDTH=42:A_WIDTH=32:B_SIGNED=0:A_SIGNED=0:394426c56d1a028ba8fdd5469b163e04011def47.
Using template $extern:wrap:$sub:Y_WIDTH=42:B_WIDTH=42:A_WIDTH=32:B_SIGNED=0:A_SIGNED=0:394426c56d1a028ba8fdd5469b163e04011def47 for cells of type $extern:wrap:$sub:Y_WIDTH=42:B_WIDTH=42:A_WIDTH=32:B_SIGNED=0:A_SIGNED=0:394426c56d1a028ba8fdd5469b163e04011def47.
Running "alumacc" on wrapper $extern:wrap:$ge:Y_WIDTH=1:B_WIDTH=42:A_WIDTH=32:B_SIGNED=0:A_SIGNED=0:394426c56d1a028ba8fdd5469b163e04011def47.
Using template $extern:wrap:$ge:Y_WIDTH=1:B_WIDTH=42:A_WIDTH=32:B_SIGNED=0:A_SIGNED=0:394426c56d1a028ba8fdd5469b163e04011def47 for cells of type $extern:wrap:$ge:Y_WIDTH=1:B_WIDTH=42:A_WIDTH=32:B_SIGNED=0:A_SIGNED=0:394426c56d1a028ba8fdd5469b163e04011def47.
Running "alumacc" on wrapper $extern:wrap:$sub:Y_WIDTH=43:B_WIDTH=43:A_WIDTH=32:B_SIGNED=0:A_SIGNED=0:394426c56d1a028ba8fdd5469b163e04011def47.
Using template $extern:wrap:$sub:Y_WIDTH=43:B_WIDTH=43:A_WIDTH=32:B_SIGNED=0:A_SIGNED=0:394426c56d1a028ba8fdd5469b163e04011def47 for cells of type $extern:wrap:$sub:Y_WIDTH=43:B_WIDTH=43:A_WIDTH=32:B_SIGNED=0:A_SIGNED=0:394426c56d1a028ba8fdd5469b163e04011def47.
Running "alumacc" on wrapper $extern:wrap:$ge:Y_WIDTH=1:B_WIDTH=43:A_WIDTH=32:B_SIGNED=0:A_SIGNED=0:394426c56d1a028ba8fdd5469b163e04011def47.
Using template $extern:wrap:$ge:Y_WIDTH=1:B_WIDTH=43:A_WIDTH=32:B_SIGNED=0:A_SIGNED=0:394426c56d1a028ba8fdd5469b163e04011def47 for cells of type $extern:wrap:$ge:Y_WIDTH=1:B_WIDTH=43:A_WIDTH=32:B_SIGNED=0:A_SIGNED=0:394426c56d1a028ba8fdd5469b163e04011def47.
Running "alumacc" on wrapper $extern:wrap:$sub:Y_WIDTH=44:B_WIDTH=44:A_WIDTH=32:B_SIGNED=0:A_SIGNED=0:394426c56d1a028ba8fdd5469b163e04011def47.
Using template $extern:wrap:$sub:Y_WIDTH=44:B_WIDTH=44:A_WIDTH=32:B_SIGNED=0:A_SIGNED=0:394426c56d1a028ba8fdd5469b163e04011def47 for cells of type $extern:wrap:$sub:Y_WIDTH=44:B_WIDTH=44:A_WIDTH=32:B_SIGNED=0:A_SIGNED=0:394426c56d1a028ba8fdd5469b163e04011def47.
Running "alumacc" on wrapper $extern:wrap:$ge:Y_WIDTH=1:B_WIDTH=44:A_WIDTH=32:B_SIGNED=0:A_SIGNED=0:394426c56d1a028ba8fdd5469b163e04011def47.
Using template $extern:wrap:$ge:Y_WIDTH=1:B_WIDTH=44:A_WIDTH=32:B_SIGNED=0:A_SIGNED=0:394426c56d1a028ba8fdd5469b163e04011def47 for cells of type $extern:wrap:$ge:Y_WIDTH=1:B_WIDTH=44:A_WIDTH=32:B_SIGNED=0:A_SIGNED=0:394426c56d1a028ba8fdd5469b163e04011def47.
Running "alumacc" on wrapper $extern:wrap:$sub:Y_WIDTH=45:B_WIDTH=45:A_WIDTH=32:B_SIGNED=0:A_SIGNED=0:394426c56d1a028ba8fdd5469b163e04011def47.
Using template $extern:wrap:$sub:Y_WIDTH=45:B_WIDTH=45:A_WIDTH=32:B_SIGNED=0:A_SIGNED=0:394426c56d1a028ba8fdd5469b163e04011def47 for cells of type $extern:wrap:$sub:Y_WIDTH=45:B_WIDTH=45:A_WIDTH=32:B_SIGNED=0:A_SIGNED=0:394426c56d1a028ba8fdd5469b163e04011def47.
Running "alumacc" on wrapper $extern:wrap:$ge:Y_WIDTH=1:B_WIDTH=45:A_WIDTH=32:B_SIGNED=0:A_SIGNED=0:394426c56d1a028ba8fdd5469b163e04011def47.
Using template $extern:wrap:$ge:Y_WIDTH=1:B_WIDTH=45:A_WIDTH=32:B_SIGNED=0:A_SIGNED=0:394426c56d1a028ba8fdd5469b163e04011def47 for cells of type $extern:wrap:$ge:Y_WIDTH=1:B_WIDTH=45:A_WIDTH=32:B_SIGNED=0:A_SIGNED=0:394426c56d1a028ba8fdd5469b163e04011def47.
Running "alumacc" on wrapper $extern:wrap:$sub:Y_WIDTH=46:B_WIDTH=46:A_WIDTH=32:B_SIGNED=0:A_SIGNED=0:394426c56d1a028ba8fdd5469b163e04011def47.
Using template $extern:wrap:$sub:Y_WIDTH=46:B_WIDTH=46:A_WIDTH=32:B_SIGNED=0:A_SIGNED=0:394426c56d1a028ba8fdd5469b163e04011def47 for cells of type $extern:wrap:$sub:Y_WIDTH=46:B_WIDTH=46:A_WIDTH=32:B_SIGNED=0:A_SIGNED=0:394426c56d1a028ba8fdd5469b163e04011def47.
Running "alumacc" on wrapper $extern:wrap:$ge:Y_WIDTH=1:B_WIDTH=46:A_WIDTH=32:B_SIGNED=0:A_SIGNED=0:394426c56d1a028ba8fdd5469b163e04011def47.
Using template $extern:wrap:$ge:Y_WIDTH=1:B_WIDTH=46:A_WIDTH=32:B_SIGNED=0:A_SIGNED=0:394426c56d1a028ba8fdd5469b163e04011def47 for cells of type $extern:wrap:$ge:Y_WIDTH=1:B_WIDTH=46:A_WIDTH=32:B_SIGNED=0:A_SIGNED=0:394426c56d1a028ba8fdd5469b163e04011def47.
Running "alumacc" on wrapper $extern:wrap:$sub:Y_WIDTH=47:B_WIDTH=47:A_WIDTH=32:B_SIGNED=0:A_SIGNED=0:394426c56d1a028ba8fdd5469b163e04011def47.
Using template $extern:wrap:$sub:Y_WIDTH=47:B_WIDTH=47:A_WIDTH=32:B_SIGNED=0:A_SIGNED=0:394426c56d1a028ba8fdd5469b163e04011def47 for cells of type $extern:wrap:$sub:Y_WIDTH=47:B_WIDTH=47:A_WIDTH=32:B_SIGNED=0:A_SIGNED=0:394426c56d1a028ba8fdd5469b163e04011def47.
Running "alumacc" on wrapper $extern:wrap:$ge:Y_WIDTH=1:B_WIDTH=47:A_WIDTH=32:B_SIGNED=0:A_SIGNED=0:394426c56d1a028ba8fdd5469b163e04011def47.
Using template $extern:wrap:$ge:Y_WIDTH=1:B_WIDTH=47:A_WIDTH=32:B_SIGNED=0:A_SIGNED=0:394426c56d1a028ba8fdd5469b163e04011def47 for cells of type $extern:wrap:$ge:Y_WIDTH=1:B_WIDTH=47:A_WIDTH=32:B_SIGNED=0:A_SIGNED=0:394426c56d1a028ba8fdd5469b163e04011def47.
Running "alumacc" on wrapper $extern:wrap:$sub:Y_WIDTH=48:B_WIDTH=48:A_WIDTH=32:B_SIGNED=0:A_SIGNED=0:394426c56d1a028ba8fdd5469b163e04011def47.
Using template $extern:wrap:$sub:Y_WIDTH=48:B_WIDTH=48:A_WIDTH=32:B_SIGNED=0:A_SIGNED=0:394426c56d1a028ba8fdd5469b163e04011def47 for cells of type $extern:wrap:$sub:Y_WIDTH=48:B_WIDTH=48:A_WIDTH=32:B_SIGNED=0:A_SIGNED=0:394426c56d1a028ba8fdd5469b163e04011def47.
Running "alumacc" on wrapper $extern:wrap:$ge:Y_WIDTH=1:B_WIDTH=48:A_WIDTH=32:B_SIGNED=0:A_SIGNED=0:394426c56d1a028ba8fdd5469b163e04011def47.
Using template $extern:wrap:$ge:Y_WIDTH=1:B_WIDTH=48:A_WIDTH=32:B_SIGNED=0:A_SIGNED=0:394426c56d1a028ba8fdd5469b163e04011def47 for cells of type $extern:wrap:$ge:Y_WIDTH=1:B_WIDTH=48:A_WIDTH=32:B_SIGNED=0:A_SIGNED=0:394426c56d1a028ba8fdd5469b163e04011def47.
Running "alumacc" on wrapper $extern:wrap:$sub:Y_WIDTH=49:B_WIDTH=49:A_WIDTH=32:B_SIGNED=0:A_SIGNED=0:394426c56d1a028ba8fdd5469b163e04011def47.
Using template $extern:wrap:$sub:Y_WIDTH=49:B_WIDTH=49:A_WIDTH=32:B_SIGNED=0:A_SIGNED=0:394426c56d1a028ba8fdd5469b163e04011def47 for cells of type $extern:wrap:$sub:Y_WIDTH=49:B_WIDTH=49:A_WIDTH=32:B_SIGNED=0:A_SIGNED=0:394426c56d1a028ba8fdd5469b163e04011def47.
Running "alumacc" on wrapper $extern:wrap:$ge:Y_WIDTH=1:B_WIDTH=49:A_WIDTH=32:B_SIGNED=0:A_SIGNED=0:394426c56d1a028ba8fdd5469b163e04011def47.
Using template $extern:wrap:$ge:Y_WIDTH=1:B_WIDTH=49:A_WIDTH=32:B_SIGNED=0:A_SIGNED=0:394426c56d1a028ba8fdd5469b163e04011def47 for cells of type $extern:wrap:$ge:Y_WIDTH=1:B_WIDTH=49:A_WIDTH=32:B_SIGNED=0:A_SIGNED=0:394426c56d1a028ba8fdd5469b163e04011def47.
Running "alumacc" on wrapper $extern:wrap:$sub:Y_WIDTH=50:B_WIDTH=50:A_WIDTH=32:B_SIGNED=0:A_SIGNED=0:394426c56d1a028ba8fdd5469b163e04011def47.
Using template $extern:wrap:$sub:Y_WIDTH=50:B_WIDTH=50:A_WIDTH=32:B_SIGNED=0:A_SIGNED=0:394426c56d1a028ba8fdd5469b163e04011def47 for cells of type $extern:wrap:$sub:Y_WIDTH=50:B_WIDTH=50:A_WIDTH=32:B_SIGNED=0:A_SIGNED=0:394426c56d1a028ba8fdd5469b163e04011def47.
Running "alumacc" on wrapper $extern:wrap:$ge:Y_WIDTH=1:B_WIDTH=50:A_WIDTH=32:B_SIGNED=0:A_SIGNED=0:394426c56d1a028ba8fdd5469b163e04011def47.
Using template $extern:wrap:$ge:Y_WIDTH=1:B_WIDTH=50:A_WIDTH=32:B_SIGNED=0:A_SIGNED=0:394426c56d1a028ba8fdd5469b163e04011def47 for cells of type $extern:wrap:$ge:Y_WIDTH=1:B_WIDTH=50:A_WIDTH=32:B_SIGNED=0:A_SIGNED=0:394426c56d1a028ba8fdd5469b163e04011def47.
Running "alumacc" on wrapper $extern:wrap:$sub:Y_WIDTH=51:B_WIDTH=51:A_WIDTH=32:B_SIGNED=0:A_SIGNED=0:394426c56d1a028ba8fdd5469b163e04011def47.
Using template $extern:wrap:$sub:Y_WIDTH=51:B_WIDTH=51:A_WIDTH=32:B_SIGNED=0:A_SIGNED=0:394426c56d1a028ba8fdd5469b163e04011def47 for cells of type $extern:wrap:$sub:Y_WIDTH=51:B_WIDTH=51:A_WIDTH=32:B_SIGNED=0:A_SIGNED=0:394426c56d1a028ba8fdd5469b163e04011def47.
Running "alumacc" on wrapper $extern:wrap:$ge:Y_WIDTH=1:B_WIDTH=51:A_WIDTH=32:B_SIGNED=0:A_SIGNED=0:394426c56d1a028ba8fdd5469b163e04011def47.
Using template $extern:wrap:$ge:Y_WIDTH=1:B_WIDTH=51:A_WIDTH=32:B_SIGNED=0:A_SIGNED=0:394426c56d1a028ba8fdd5469b163e04011def47 for cells of type $extern:wrap:$ge:Y_WIDTH=1:B_WIDTH=51:A_WIDTH=32:B_SIGNED=0:A_SIGNED=0:394426c56d1a028ba8fdd5469b163e04011def47.
Running "alumacc" on wrapper $extern:wrap:$sub:Y_WIDTH=52:B_WIDTH=52:A_WIDTH=32:B_SIGNED=0:A_SIGNED=0:394426c56d1a028ba8fdd5469b163e04011def47.
Using template $extern:wrap:$sub:Y_WIDTH=52:B_WIDTH=52:A_WIDTH=32:B_SIGNED=0:A_SIGNED=0:394426c56d1a028ba8fdd5469b163e04011def47 for cells of type $extern:wrap:$sub:Y_WIDTH=52:B_WIDTH=52:A_WIDTH=32:B_SIGNED=0:A_SIGNED=0:394426c56d1a028ba8fdd5469b163e04011def47.
Running "alumacc" on wrapper $extern:wrap:$ge:Y_WIDTH=1:B_WIDTH=52:A_WIDTH=32:B_SIGNED=0:A_SIGNED=0:394426c56d1a028ba8fdd5469b163e04011def47.
Using template $extern:wrap:$ge:Y_WIDTH=1:B_WIDTH=52:A_WIDTH=32:B_SIGNED=0:A_SIGNED=0:394426c56d1a028ba8fdd5469b163e04011def47 for cells of type $extern:wrap:$ge:Y_WIDTH=1:B_WIDTH=52:A_WIDTH=32:B_SIGNED=0:A_SIGNED=0:394426c56d1a028ba8fdd5469b163e04011def47.
Running "alumacc" on wrapper $extern:wrap:$sub:Y_WIDTH=53:B_WIDTH=53:A_WIDTH=32:B_SIGNED=0:A_SIGNED=0:394426c56d1a028ba8fdd5469b163e04011def47.
Using template $extern:wrap:$sub:Y_WIDTH=53:B_WIDTH=53:A_WIDTH=32:B_SIGNED=0:A_SIGNED=0:394426c56d1a028ba8fdd5469b163e04011def47 for cells of type $extern:wrap:$sub:Y_WIDTH=53:B_WIDTH=53:A_WIDTH=32:B_SIGNED=0:A_SIGNED=0:394426c56d1a028ba8fdd5469b163e04011def47.
Running "alumacc" on wrapper $extern:wrap:$ge:Y_WIDTH=1:B_WIDTH=53:A_WIDTH=32:B_SIGNED=0:A_SIGNED=0:394426c56d1a028ba8fdd5469b163e04011def47.
Using template $extern:wrap:$ge:Y_WIDTH=1:B_WIDTH=53:A_WIDTH=32:B_SIGNED=0:A_SIGNED=0:394426c56d1a028ba8fdd5469b163e04011def47 for cells of type $extern:wrap:$ge:Y_WIDTH=1:B_WIDTH=53:A_WIDTH=32:B_SIGNED=0:A_SIGNED=0:394426c56d1a028ba8fdd5469b163e04011def47.
Running "alumacc" on wrapper $extern:wrap:$sub:Y_WIDTH=54:B_WIDTH=54:A_WIDTH=32:B_SIGNED=0:A_SIGNED=0:394426c56d1a028ba8fdd5469b163e04011def47.
Using template $extern:wrap:$sub:Y_WIDTH=54:B_WIDTH=54:A_WIDTH=32:B_SIGNED=0:A_SIGNED=0:394426c56d1a028ba8fdd5469b163e04011def47 for cells of type $extern:wrap:$sub:Y_WIDTH=54:B_WIDTH=54:A_WIDTH=32:B_SIGNED=0:A_SIGNED=0:394426c56d1a028ba8fdd5469b163e04011def47.
Running "alumacc" on wrapper $extern:wrap:$ge:Y_WIDTH=1:B_WIDTH=54:A_WIDTH=32:B_SIGNED=0:A_SIGNED=0:394426c56d1a028ba8fdd5469b163e04011def47.
Using template $extern:wrap:$ge:Y_WIDTH=1:B_WIDTH=54:A_WIDTH=32:B_SIGNED=0:A_SIGNED=0:394426c56d1a028ba8fdd5469b163e04011def47 for cells of type $extern:wrap:$ge:Y_WIDTH=1:B_WIDTH=54:A_WIDTH=32:B_SIGNED=0:A_SIGNED=0:394426c56d1a028ba8fdd5469b163e04011def47.
Running "alumacc" on wrapper $extern:wrap:$sub:Y_WIDTH=55:B_WIDTH=55:A_WIDTH=32:B_SIGNED=0:A_SIGNED=0:394426c56d1a028ba8fdd5469b163e04011def47.
Using template $extern:wrap:$sub:Y_WIDTH=55:B_WIDTH=55:A_WIDTH=32:B_SIGNED=0:A_SIGNED=0:394426c56d1a028ba8fdd5469b163e04011def47 for cells of type $extern:wrap:$sub:Y_WIDTH=55:B_WIDTH=55:A_WIDTH=32:B_SIGNED=0:A_SIGNED=0:394426c56d1a028ba8fdd5469b163e04011def47.
Running "alumacc" on wrapper $extern:wrap:$ge:Y_WIDTH=1:B_WIDTH=55:A_WIDTH=32:B_SIGNED=0:A_SIGNED=0:394426c56d1a028ba8fdd5469b163e04011def47.
Using template $extern:wrap:$ge:Y_WIDTH=1:B_WIDTH=55:A_WIDTH=32:B_SIGNED=0:A_SIGNED=0:394426c56d1a028ba8fdd5469b163e04011def47 for cells of type $extern:wrap:$ge:Y_WIDTH=1:B_WIDTH=55:A_WIDTH=32:B_SIGNED=0:A_SIGNED=0:394426c56d1a028ba8fdd5469b163e04011def47.
Running "alumacc" on wrapper $extern:wrap:$sub:Y_WIDTH=56:B_WIDTH=56:A_WIDTH=32:B_SIGNED=0:A_SIGNED=0:394426c56d1a028ba8fdd5469b163e04011def47.
Using template $extern:wrap:$sub:Y_WIDTH=56:B_WIDTH=56:A_WIDTH=32:B_SIGNED=0:A_SIGNED=0:394426c56d1a028ba8fdd5469b163e04011def47 for cells of type $extern:wrap:$sub:Y_WIDTH=56:B_WIDTH=56:A_WIDTH=32:B_SIGNED=0:A_SIGNED=0:394426c56d1a028ba8fdd5469b163e04011def47.
Running "alumacc" on wrapper $extern:wrap:$ge:Y_WIDTH=1:B_WIDTH=56:A_WIDTH=32:B_SIGNED=0:A_SIGNED=0:394426c56d1a028ba8fdd5469b163e04011def47.
Using template $extern:wrap:$ge:Y_WIDTH=1:B_WIDTH=56:A_WIDTH=32:B_SIGNED=0:A_SIGNED=0:394426c56d1a028ba8fdd5469b163e04011def47 for cells of type $extern:wrap:$ge:Y_WIDTH=1:B_WIDTH=56:A_WIDTH=32:B_SIGNED=0:A_SIGNED=0:394426c56d1a028ba8fdd5469b163e04011def47.
Running "alumacc" on wrapper $extern:wrap:$sub:Y_WIDTH=57:B_WIDTH=57:A_WIDTH=32:B_SIGNED=0:A_SIGNED=0:394426c56d1a028ba8fdd5469b163e04011def47.
Using template $extern:wrap:$sub:Y_WIDTH=57:B_WIDTH=57:A_WIDTH=32:B_SIGNED=0:A_SIGNED=0:394426c56d1a028ba8fdd5469b163e04011def47 for cells of type $extern:wrap:$sub:Y_WIDTH=57:B_WIDTH=57:A_WIDTH=32:B_SIGNED=0:A_SIGNED=0:394426c56d1a028ba8fdd5469b163e04011def47.
Running "alumacc" on wrapper $extern:wrap:$ge:Y_WIDTH=1:B_WIDTH=57:A_WIDTH=32:B_SIGNED=0:A_SIGNED=0:394426c56d1a028ba8fdd5469b163e04011def47.
Using template $extern:wrap:$ge:Y_WIDTH=1:B_WIDTH=57:A_WIDTH=32:B_SIGNED=0:A_SIGNED=0:394426c56d1a028ba8fdd5469b163e04011def47 for cells of type $extern:wrap:$ge:Y_WIDTH=1:B_WIDTH=57:A_WIDTH=32:B_SIGNED=0:A_SIGNED=0:394426c56d1a028ba8fdd5469b163e04011def47.
Running "alumacc" on wrapper $extern:wrap:$sub:Y_WIDTH=58:B_WIDTH=58:A_WIDTH=32:B_SIGNED=0:A_SIGNED=0:394426c56d1a028ba8fdd5469b163e04011def47.
Using template $extern:wrap:$sub:Y_WIDTH=58:B_WIDTH=58:A_WIDTH=32:B_SIGNED=0:A_SIGNED=0:394426c56d1a028ba8fdd5469b163e04011def47 for cells of type $extern:wrap:$sub:Y_WIDTH=58:B_WIDTH=58:A_WIDTH=32:B_SIGNED=0:A_SIGNED=0:394426c56d1a028ba8fdd5469b163e04011def47.
Running "alumacc" on wrapper $extern:wrap:$ge:Y_WIDTH=1:B_WIDTH=58:A_WIDTH=32:B_SIGNED=0:A_SIGNED=0:394426c56d1a028ba8fdd5469b163e04011def47.
Using template $extern:wrap:$ge:Y_WIDTH=1:B_WIDTH=58:A_WIDTH=32:B_SIGNED=0:A_SIGNED=0:394426c56d1a028ba8fdd5469b163e04011def47 for cells of type $extern:wrap:$ge:Y_WIDTH=1:B_WIDTH=58:A_WIDTH=32:B_SIGNED=0:A_SIGNED=0:394426c56d1a028ba8fdd5469b163e04011def47.
Running "alumacc" on wrapper $extern:wrap:$sub:Y_WIDTH=59:B_WIDTH=59:A_WIDTH=32:B_SIGNED=0:A_SIGNED=0:394426c56d1a028ba8fdd5469b163e04011def47.
Using template $extern:wrap:$sub:Y_WIDTH=59:B_WIDTH=59:A_WIDTH=32:B_SIGNED=0:A_SIGNED=0:394426c56d1a028ba8fdd5469b163e04011def47 for cells of type $extern:wrap:$sub:Y_WIDTH=59:B_WIDTH=59:A_WIDTH=32:B_SIGNED=0:A_SIGNED=0:394426c56d1a028ba8fdd5469b163e04011def47.
Running "alumacc" on wrapper $extern:wrap:$ge:Y_WIDTH=1:B_WIDTH=59:A_WIDTH=32:B_SIGNED=0:A_SIGNED=0:394426c56d1a028ba8fdd5469b163e04011def47.
Using template $extern:wrap:$ge:Y_WIDTH=1:B_WIDTH=59:A_WIDTH=32:B_SIGNED=0:A_SIGNED=0:394426c56d1a028ba8fdd5469b163e04011def47 for cells of type $extern:wrap:$ge:Y_WIDTH=1:B_WIDTH=59:A_WIDTH=32:B_SIGNED=0:A_SIGNED=0:394426c56d1a028ba8fdd5469b163e04011def47.
Running "alumacc" on wrapper $extern:wrap:$sub:Y_WIDTH=60:B_WIDTH=60:A_WIDTH=32:B_SIGNED=0:A_SIGNED=0:394426c56d1a028ba8fdd5469b163e04011def47.
Using template $extern:wrap:$sub:Y_WIDTH=60:B_WIDTH=60:A_WIDTH=32:B_SIGNED=0:A_SIGNED=0:394426c56d1a028ba8fdd5469b163e04011def47 for cells of type $extern:wrap:$sub:Y_WIDTH=60:B_WIDTH=60:A_WIDTH=32:B_SIGNED=0:A_SIGNED=0:394426c56d1a028ba8fdd5469b163e04011def47.
Running "alumacc" on wrapper $extern:wrap:$ge:Y_WIDTH=1:B_WIDTH=60:A_WIDTH=32:B_SIGNED=0:A_SIGNED=0:394426c56d1a028ba8fdd5469b163e04011def47.
Using template $extern:wrap:$ge:Y_WIDTH=1:B_WIDTH=60:A_WIDTH=32:B_SIGNED=0:A_SIGNED=0:394426c56d1a028ba8fdd5469b163e04011def47 for cells of type $extern:wrap:$ge:Y_WIDTH=1:B_WIDTH=60:A_WIDTH=32:B_SIGNED=0:A_SIGNED=0:394426c56d1a028ba8fdd5469b163e04011def47.
Running "alumacc" on wrapper $extern:wrap:$sub:Y_WIDTH=61:B_WIDTH=61:A_WIDTH=32:B_SIGNED=0:A_SIGNED=0:394426c56d1a028ba8fdd5469b163e04011def47.
Using template $extern:wrap:$sub:Y_WIDTH=61:B_WIDTH=61:A_WIDTH=32:B_SIGNED=0:A_SIGNED=0:394426c56d1a028ba8fdd5469b163e04011def47 for cells of type $extern:wrap:$sub:Y_WIDTH=61:B_WIDTH=61:A_WIDTH=32:B_SIGNED=0:A_SIGNED=0:394426c56d1a028ba8fdd5469b163e04011def47.
Running "alumacc" on wrapper $extern:wrap:$ge:Y_WIDTH=1:B_WIDTH=61:A_WIDTH=32:B_SIGNED=0:A_SIGNED=0:394426c56d1a028ba8fdd5469b163e04011def47.
Using template $extern:wrap:$ge:Y_WIDTH=1:B_WIDTH=61:A_WIDTH=32:B_SIGNED=0:A_SIGNED=0:394426c56d1a028ba8fdd5469b163e04011def47 for cells of type $extern:wrap:$ge:Y_WIDTH=1:B_WIDTH=61:A_WIDTH=32:B_SIGNED=0:A_SIGNED=0:394426c56d1a028ba8fdd5469b163e04011def47.
Running "alumacc" on wrapper $extern:wrap:$sub:Y_WIDTH=62:B_WIDTH=62:A_WIDTH=32:B_SIGNED=0:A_SIGNED=0:394426c56d1a028ba8fdd5469b163e04011def47.
Using template $extern:wrap:$sub:Y_WIDTH=62:B_WIDTH=62:A_WIDTH=32:B_SIGNED=0:A_SIGNED=0:394426c56d1a028ba8fdd5469b163e04011def47 for cells of type $extern:wrap:$sub:Y_WIDTH=62:B_WIDTH=62:A_WIDTH=32:B_SIGNED=0:A_SIGNED=0:394426c56d1a028ba8fdd5469b163e04011def47.
Running "alumacc" on wrapper $extern:wrap:$ge:Y_WIDTH=1:B_WIDTH=62:A_WIDTH=32:B_SIGNED=0:A_SIGNED=0:394426c56d1a028ba8fdd5469b163e04011def47.
Using template $extern:wrap:$ge:Y_WIDTH=1:B_WIDTH=62:A_WIDTH=32:B_SIGNED=0:A_SIGNED=0:394426c56d1a028ba8fdd5469b163e04011def47 for cells of type $extern:wrap:$ge:Y_WIDTH=1:B_WIDTH=62:A_WIDTH=32:B_SIGNED=0:A_SIGNED=0:394426c56d1a028ba8fdd5469b163e04011def47.
Running "alumacc" on wrapper $extern:wrap:$sub:Y_WIDTH=63:B_WIDTH=63:A_WIDTH=32:B_SIGNED=0:A_SIGNED=0:394426c56d1a028ba8fdd5469b163e04011def47.
Using template $extern:wrap:$sub:Y_WIDTH=63:B_WIDTH=63:A_WIDTH=32:B_SIGNED=0:A_SIGNED=0:394426c56d1a028ba8fdd5469b163e04011def47 for cells of type $extern:wrap:$sub:Y_WIDTH=63:B_WIDTH=63:A_WIDTH=32:B_SIGNED=0:A_SIGNED=0:394426c56d1a028ba8fdd5469b163e04011def47.
Running "alumacc" on wrapper $extern:wrap:$ge:Y_WIDTH=1:B_WIDTH=63:A_WIDTH=32:B_SIGNED=0:A_SIGNED=0:394426c56d1a028ba8fdd5469b163e04011def47.
Using template $extern:wrap:$ge:Y_WIDTH=1:B_WIDTH=63:A_WIDTH=32:B_SIGNED=0:A_SIGNED=0:394426c56d1a028ba8fdd5469b163e04011def47 for cells of type $extern:wrap:$ge:Y_WIDTH=1:B_WIDTH=63:A_WIDTH=32:B_SIGNED=0:A_SIGNED=0:394426c56d1a028ba8fdd5469b163e04011def47.
Using template $paramod\_90_fa\WIDTH=32'00000000000000000000000000100000 for cells of type $fa.
Using template $paramod\_90_lcu_brent_kung\WIDTH=32'00000000000000000000000000100000 for cells of type $lcu.
Using template $paramod$fbc7873bff55778c0b3173955b7e4bce1d9d6834\_90_alu for cells of type $alu.
Using template $paramod$789c344356a154d2afc7b832b41d1067dbc946ba\_90_alu for cells of type $alu.
Using template $paramod$e39069e3f4ee35c1eea86993bd74689959babaab\_90_alu for cells of type $alu.
Using template $paramod$d7aca3dc44b07ff19908fb1a3b606577588c15f1\_90_alu for cells of type $alu.
Using template $paramod$f9e3a3c4b84f99cb56fad07743ec44ad55b11c8b\_90_alu for cells of type $alu.
Using template $paramod$dd5ba471f7dcf35707f23b88cfd15b9582f97277\_90_alu for cells of type $alu.
Using template $paramod$b7531bc0616f8d4cdd8159edd2237c9ddbb2ce01\_90_alu for cells of type $alu.
Using template $paramod$ff8ba121d2f8e85b775c9f35ef677a1a276e7e1b\_90_alu for cells of type $alu.
Using template $paramod$9a66d4bebbc4fab84566caffef9f094a1a467389\_90_alu for cells of type $alu.
Using template $paramod$57bc309a5d8a948cec8981d26d896ee1cbf54d58\_90_alu for cells of type $alu.
Using template $paramod$f94cfdb8ad389f4fc4515bcb65bccd7e2d189e95\_90_alu for cells of type $alu.
Using template $paramod$2a25669ccd39fe7c0fbfb2a4d17416fc78667f00\_90_alu for cells of type $alu.
Using template $paramod$d9397dfdf5f7cf5715aebc9527845402880218a0\_90_alu for cells of type $alu.
Using template $paramod$acc477ace2583cc2ee0cf651c72a385d2bbbe9f1\_90_alu for cells of type $alu.
Using template $paramod$415abdcadc251df4f0f033b62b8f3296b8461b4e\_90_alu for cells of type $alu.
Using template $paramod$6573c1c269218f299badf6e04ca86aa37fdb352c\_90_alu for cells of type $alu.
Using template $paramod$6a21b72c9c0b32e81b169c7e08a4d8b9c462448f\_90_alu for cells of type $alu.
Using template $paramod$324e0706ebb77f1915b22f4a136962ec3fd1d7ff\_90_alu for cells of type $alu.
Using template $paramod$461fc931d630cb01bec1fea87f37fbcc53f6f6a4\_90_alu for cells of type $alu.
Using template $paramod$fe074227b1c5fbaa1ea56076182c29dbcf3a782a\_90_alu for cells of type $alu.
Using template $paramod$85502450775e62e9c6a2fe29020b3433d4335647\_90_alu for cells of type $alu.
Using template $paramod$e32c921f95fe0e2350204f4ecefc9e296355521b\_90_alu for cells of type $alu.
Using template $paramod$05d913fba320393c7e943e625bef3af776153b60\_90_alu for cells of type $alu.
Using template $paramod$8e07e2c0a3efc148d2f3714f3901076678774ed1\_90_alu for cells of type $alu.
Using template $paramod$5b7e592b3c2951af6800b7fd597f66a79b72b91c\_90_alu for cells of type $alu.
Using template $paramod$90182783100594e2dd636a282c4723cfc9adaedd\_90_alu for cells of type $alu.
Using template $paramod$851c5c9b30913ea2deae68e3ca9e9c4e649723bc\_90_alu for cells of type $alu.
Using template $paramod$1445aacdb5f2a1ef9fedf1373097ffa45438211d\_90_alu for cells of type $alu.
Using template $paramod$7add42b712fe5bbbba521e93062103d6bf78a453\_90_alu for cells of type $alu.
Using template $paramod$b6f86f6a0c43c26b22ee55f51e05d5951f0e6562\_90_alu for cells of type $alu.
Using template $paramod$044fdceace8c449ec99f900b42120ac005ff4065\_90_alu for cells of type $alu.
Using template $paramod$b6b58933bcf3c8b9e3e5de18c2637bd0e12c7c47\_90_alu for cells of type $alu.
Using template $paramod\_90_fa\WIDTH=32'00000000000000000000000000100001 for cells of type $fa.
Using template $paramod\_90_lcu_brent_kung\WIDTH=32'00000000000000000000000000100001 for cells of type $lcu.
Using template $paramod\_90_fa\WIDTH=32'00000000000000000000000000100010 for cells of type $fa.
Using template $paramod\_90_lcu_brent_kung\WIDTH=32'00000000000000000000000000100010 for cells of type $lcu.
Using template $paramod\_90_fa\WIDTH=32'00000000000000000000000000100011 for cells of type $fa.
Using template $paramod\_90_lcu_brent_kung\WIDTH=32'00000000000000000000000000100011 for cells of type $lcu.
Using template $paramod\_90_fa\WIDTH=32'00000000000000000000000000100100 for cells of type $fa.
Using template $paramod\_90_lcu_brent_kung\WIDTH=32'00000000000000000000000000100100 for cells of type $lcu.
Using template $paramod\_90_fa\WIDTH=32'00000000000000000000000000100101 for cells of type $fa.
Using template $paramod\_90_lcu_brent_kung\WIDTH=32'00000000000000000000000000100101 for cells of type $lcu.
Using template $paramod\_90_fa\WIDTH=32'00000000000000000000000000100110 for cells of type $fa.
Using template $paramod\_90_lcu_brent_kung\WIDTH=32'00000000000000000000000000100110 for cells of type $lcu.
Using template $paramod\_90_fa\WIDTH=32'00000000000000000000000000100111 for cells of type $fa.
Using template $paramod\_90_lcu_brent_kung\WIDTH=32'00000000000000000000000000100111 for cells of type $lcu.
Using template $paramod\_90_fa\WIDTH=32'00000000000000000000000000101000 for cells of type $fa.
Using template $paramod\_90_lcu_brent_kung\WIDTH=32'00000000000000000000000000101000 for cells of type $lcu.
Using template $paramod\_90_fa\WIDTH=32'00000000000000000000000000101001 for cells of type $fa.
Using template $paramod\_90_lcu_brent_kung\WIDTH=32'00000000000000000000000000101001 for cells of type $lcu.
Using template $paramod\_90_fa\WIDTH=32'00000000000000000000000000101010 for cells of type $fa.
Using template $paramod\_90_lcu_brent_kung\WIDTH=32'00000000000000000000000000101010 for cells of type $lcu.
Using template $paramod\_90_fa\WIDTH=32'00000000000000000000000000101011 for cells of type $fa.
Using template $paramod\_90_lcu_brent_kung\WIDTH=32'00000000000000000000000000101011 for cells of type $lcu.
Using template $paramod\_90_fa\WIDTH=32'00000000000000000000000000101100 for cells of type $fa.
Using template $paramod\_90_lcu_brent_kung\WIDTH=32'00000000000000000000000000101100 for cells of type $lcu.
Using template $paramod\_90_fa\WIDTH=32'00000000000000000000000000101101 for cells of type $fa.
Using template $paramod\_90_lcu_brent_kung\WIDTH=32'00000000000000000000000000101101 for cells of type $lcu.
Using template $paramod\_90_fa\WIDTH=32'00000000000000000000000000101110 for cells of type $fa.
Using template $paramod\_90_lcu_brent_kung\WIDTH=32'00000000000000000000000000101110 for cells of type $lcu.
Using template $paramod\_90_fa\WIDTH=32'00000000000000000000000000101111 for cells of type $fa.
Using template $paramod\_90_lcu_brent_kung\WIDTH=32'00000000000000000000000000101111 for cells of type $lcu.
Using template $paramod\_90_fa\WIDTH=32'00000000000000000000000000110000 for cells of type $fa.
Using template $paramod\_90_lcu_brent_kung\WIDTH=32'00000000000000000000000000110000 for cells of type $lcu.
Using template $paramod\_90_fa\WIDTH=32'00000000000000000000000000110001 for cells of type $fa.
Using template $paramod\_90_lcu_brent_kung\WIDTH=32'00000000000000000000000000110001 for cells of type $lcu.
Using template $paramod\_90_fa\WIDTH=32'00000000000000000000000000110010 for cells of type $fa.
Using template $paramod\_90_lcu_brent_kung\WIDTH=32'00000000000000000000000000110010 for cells of type $lcu.
Using template $paramod\_90_fa\WIDTH=32'00000000000000000000000000110011 for cells of type $fa.
Using template $paramod\_90_lcu_brent_kung\WIDTH=32'00000000000000000000000000110011 for cells of type $lcu.
Using template $paramod\_90_fa\WIDTH=32'00000000000000000000000000110100 for cells of type $fa.
Using template $paramod\_90_lcu_brent_kung\WIDTH=32'00000000000000000000000000110100 for cells of type $lcu.
Using template $paramod\_90_fa\WIDTH=32'00000000000000000000000000110101 for cells of type $fa.
Using template $paramod\_90_lcu_brent_kung\WIDTH=32'00000000000000000000000000110101 for cells of type $lcu.
Using template $paramod\_90_fa\WIDTH=32'00000000000000000000000000110110 for cells of type $fa.
Using template $paramod\_90_lcu_brent_kung\WIDTH=32'00000000000000000000000000110110 for cells of type $lcu.
Using template $paramod\_90_fa\WIDTH=32'00000000000000000000000000110111 for cells of type $fa.
Using template $paramod\_90_lcu_brent_kung\WIDTH=32'00000000000000000000000000110111 for cells of type $lcu.
Using template $paramod\_90_fa\WIDTH=32'00000000000000000000000000111000 for cells of type $fa.
Using template $paramod\_90_lcu_brent_kung\WIDTH=32'00000000000000000000000000111000 for cells of type $lcu.
Using template $paramod\_90_fa\WIDTH=32'00000000000000000000000000111001 for cells of type $fa.
Using template $paramod\_90_lcu_brent_kung\WIDTH=32'00000000000000000000000000111001 for cells of type $lcu.
Using template $paramod\_90_fa\WIDTH=32'00000000000000000000000000111010 for cells of type $fa.
Using template $paramod\_90_lcu_brent_kung\WIDTH=32'00000000000000000000000000111010 for cells of type $lcu.
Using template $paramod\_90_fa\WIDTH=32'00000000000000000000000000111011 for cells of type $fa.
Using template $paramod\_90_lcu_brent_kung\WIDTH=32'00000000000000000000000000111011 for cells of type $lcu.
Using template $paramod\_90_fa\WIDTH=32'00000000000000000000000000111100 for cells of type $fa.
Using template $paramod\_90_lcu_brent_kung\WIDTH=32'00000000000000000000000000111100 for cells of type $lcu.
Using template $paramod\_90_fa\WIDTH=32'00000000000000000000000000111101 for cells of type $fa.
Using template $paramod\_90_lcu_brent_kung\WIDTH=32'00000000000000000000000000111101 for cells of type $lcu.
Using template $paramod\_90_fa\WIDTH=32'00000000000000000000000000111110 for cells of type $fa.
Using template $paramod\_90_lcu_brent_kung\WIDTH=32'00000000000000000000000000111110 for cells of type $lcu.
Using template $paramod\_90_fa\WIDTH=32'00000000000000000000000000111111 for cells of type $fa.
Using template $paramod\_90_lcu_brent_kung\WIDTH=32'00000000000000000000000000111111 for cells of type $lcu.
No more expansions possible.
<suppressed ~392002 debug messages>

2.23. Executing OPT pass (performing simple optimizations).

2.23.1. Executing OPT_EXPR pass (perform const folding).
Optimizing module vc_router.
<suppressed ~1130285 debug messages>

2.23.2. Executing OPT_MERGE pass (detect identical cells).
Finding identical cells in module `\vc_router'.
Computing hashes of 48788 cells of `\vc_router'.
Finding duplicate cells in `\vc_router'.
Computing hashes of 24639 cells of `\vc_router'.
Finding duplicate cells in `\vc_router'.
Computing hashes of 20274 cells of `\vc_router'.
Finding duplicate cells in `\vc_router'.
Computing hashes of 17254 cells of `\vc_router'.
Finding duplicate cells in `\vc_router'.
Computing hashes of 15199 cells of `\vc_router'.
Finding duplicate cells in `\vc_router'.
Computing hashes of 13759 cells of `\vc_router'.
Finding duplicate cells in `\vc_router'.
Computing hashes of 13449 cells of `\vc_router'.
Finding duplicate cells in `\vc_router'.
Computing hashes of 13209 cells of `\vc_router'.
Finding duplicate cells in `\vc_router'.
Computing hashes of 12989 cells of `\vc_router'.
Finding duplicate cells in `\vc_router'.
Computing hashes of 12829 cells of `\vc_router'.
Finding duplicate cells in `\vc_router'.
Computing hashes of 12569 cells of `\vc_router'.
Finding duplicate cells in `\vc_router'.
Computing hashes of 12409 cells of `\vc_router'.
Finding duplicate cells in `\vc_router'.
Computing hashes of 12129 cells of `\vc_router'.
Finding duplicate cells in `\vc_router'.
Computing hashes of 11989 cells of `\vc_router'.
Finding duplicate cells in `\vc_router'.
Computing hashes of 11769 cells of `\vc_router'.
Finding duplicate cells in `\vc_router'.
Computing hashes of 11689 cells of `\vc_router'.
Finding duplicate cells in `\vc_router'.
Computing hashes of 11589 cells of `\vc_router'.
Finding duplicate cells in `\vc_router'.
Computing hashes of 11569 cells of `\vc_router'.
Finding duplicate cells in `\vc_router'.
Computing hashes of 11549 cells of `\vc_router'.
Finding duplicate cells in `\vc_router'.
<suppressed ~111717 debug messages>
Removed a total of 37239 cells.

2.23.3. Executing OPT_DFF pass (perform DFF optimizations).
Adding EN signal on $auto$ff.cc:337:slice$2435 ($_DFFE_PP_) from module vc_router (D = \in_data [33], Q = \g_in_port[0].g_in_vc[0].u_fifo.mem [33]).
Adding EN signal on $auto$ff.cc:337:slice$2433 ($_DFFE_PP_) from module vc_router (D = \in_data [31], Q = \g_in_port[0].g_in_vc[0].u_fifo.mem [31]).
Adding EN signal on $auto$ff.cc:337:slice$2429 ($_DFFE_PP_) from module vc_router (D = \in_data [27], Q = \g_in_port[0].g_in_vc[0].u_fifo.mem [27]).
Adding EN signal on $auto$ff.cc:337:slice$2425 ($_DFFE_PP_) from module vc_router (D = \in_data [23], Q = \g_in_port[0].g_in_vc[0].u_fifo.mem [23]).
Adding EN signal on $auto$ff.cc:337:slice$2421 ($_DFFE_PP_) from module vc_router (D = \in_data [19], Q = \g_in_port[0].g_in_vc[0].u_fifo.mem [19]).
Adding EN signal on $auto$ff.cc:337:slice$2417 ($_DFFE_PP_) from module vc_router (D = \in_data [15], Q = \g_in_port[0].g_in_vc[0].u_fifo.mem [15]).
Adding EN signal on $auto$ff.cc:337:slice$2401 ($_DFFE_PP_) from module vc_router (D = \in_data [33], Q = \g_in_port[0].g_in_vc[0].u_fifo.mem [67]).
Adding EN signal on $auto$ff.cc:337:slice$2399 ($_DFFE_PP_) from module vc_router (D = \in_data [31], Q = \g_in_port[0].g_in_vc[0].u_fifo.mem [65]).
Adding EN signal on $auto$ff.cc:337:slice$2395 ($_DFFE_PP_) from module vc_router (D = \in_data [27], Q = \g_in_port[0].g_in_vc[0].u_fifo.mem [61]).
Adding EN signal on $auto$ff.cc:337:slice$2391 ($_DFFE_PP_) from module vc_router (D = \in_data [23], Q = \g_in_port[0].g_in_vc[0].u_fifo.mem [57]).
Adding EN signal on $auto$ff.cc:337:slice$2387 ($_DFFE_PP_) from module vc_router (D = \in_data [19], Q = \g_in_port[0].g_in_vc[0].u_fifo.mem [53]).
Adding EN signal on $auto$ff.cc:337:slice$2383 ($_DFFE_PP_) from module vc_router (D = \in_data [15], Q = \g_in_port[0].g_in_vc[0].u_fifo.mem [49]).
Adding EN signal on $auto$ff.cc:337:slice$2367 ($_DFFE_PP_) from module vc_router (D = \in_data [33], Q = \g_in_port[0].g_in_vc[0].u_fifo.mem [101]).
Adding EN signal on $auto$ff.cc:337:slice$2365 ($_DFFE_PP_) from module vc_router (D = \in_data [31], Q = \g_in_port[0].g_in_vc[0].u_fifo.mem [99]).
Adding EN signal on $auto$ff.cc:337:slice$2361 ($_DFFE_PP_) from module vc_router (D = \in_data [27], Q = \g_in_port[0].g_in_vc[0].u_fifo.mem [95]).
Adding EN signal on $auto$ff.cc:337:slice$2357 ($_DFFE_PP_) from module vc_router (D = \in_data [23], Q = \g_in_port[0].g_in_vc[0].u_fifo.mem [91]).
Adding EN signal on $auto$ff.cc:337:slice$2353 ($_DFFE_PP_) from module vc_router (D = \in_data [19], Q = \g_in_port[0].g_in_vc[0].u_fifo.mem [87]).
Adding EN signal on $auto$ff.cc:337:slice$2349 ($_DFFE_PP_) from module vc_router (D = \in_data [15], Q = \g_in_port[0].g_in_vc[0].u_fifo.mem [83]).
Adding EN signal on $auto$ff.cc:337:slice$2333 ($_DFFE_PP_) from module vc_router (D = \in_data [33], Q = \g_in_port[0].g_in_vc[0].u_fifo.mem [135]).
Adding EN signal on $auto$ff.cc:337:slice$2331 ($_DFFE_PP_) from module vc_router (D = \in_data [31], Q = \g_in_port[0].g_in_vc[0].u_fifo.mem [133]).
Adding EN signal on $auto$ff.cc:337:slice$2327 ($_DFFE_PP_) from module vc_router (D = \in_data [27], Q = \g_in_port[0].g_in_vc[0].u_fifo.mem [129]).
Adding EN signal on $auto$ff.cc:337:slice$2323 ($_DFFE_PP_) from module vc_router (D = \in_data [23], Q = \g_in_port[0].g_in_vc[0].u_fifo.mem [125]).
Adding EN signal on $auto$ff.cc:337:slice$2319 ($_DFFE_PP_) from module vc_router (D = \in_data [19], Q = \g_in_port[0].g_in_vc[0].u_fifo.mem [121]).
Adding EN signal on $auto$ff.cc:337:slice$2315 ($_DFFE_PP_) from module vc_router (D = \in_data [15], Q = \g_in_port[0].g_in_vc[0].u_fifo.mem [117]).
Adding EN signal on $auto$ff.cc:337:slice$2288 ($_DFFE_PP_) from module vc_router (D = \in_data [67], Q = \g_in_port[1].g_in_vc[0].u_fifo.mem [33]).
Adding EN signal on $auto$ff.cc:337:slice$2286 ($_DFFE_PP_) from module vc_router (D = \in_data [65], Q = \g_in_port[1].g_in_vc[0].u_fifo.mem [31]).
Adding EN signal on $auto$ff.cc:337:slice$2282 ($_DFFE_PP_) from module vc_router (D = \in_data [61], Q = \g_in_port[1].g_in_vc[0].u_fifo.mem [27]).
Adding EN signal on $auto$ff.cc:337:slice$2278 ($_DFFE_PP_) from module vc_router (D = \in_data [57], Q = \g_in_port[1].g_in_vc[0].u_fifo.mem [23]).
Adding EN signal on $auto$ff.cc:337:slice$2274 ($_DFFE_PP_) from module vc_router (D = \in_data [53], Q = \g_in_port[1].g_in_vc[0].u_fifo.mem [19]).
Adding EN signal on $auto$ff.cc:337:slice$2270 ($_DFFE_PP_) from module vc_router (D = \in_data [49], Q = \g_in_port[1].g_in_vc[0].u_fifo.mem [15]).
Adding EN signal on $auto$ff.cc:337:slice$2254 ($_DFFE_PP_) from module vc_router (D = \in_data [67], Q = \g_in_port[1].g_in_vc[0].u_fifo.mem [67]).
Adding EN signal on $auto$ff.cc:337:slice$2252 ($_DFFE_PP_) from module vc_router (D = \in_data [65], Q = \g_in_port[1].g_in_vc[0].u_fifo.mem [65]).
Adding EN signal on $auto$ff.cc:337:slice$2248 ($_DFFE_PP_) from module vc_router (D = \in_data [61], Q = \g_in_port[1].g_in_vc[0].u_fifo.mem [61]).
Adding EN signal on $auto$ff.cc:337:slice$2244 ($_DFFE_PP_) from module vc_router (D = \in_data [57], Q = \g_in_port[1].g_in_vc[0].u_fifo.mem [57]).
Adding EN signal on $auto$ff.cc:337:slice$2240 ($_DFFE_PP_) from module vc_router (D = \in_data [53], Q = \g_in_port[1].g_in_vc[0].u_fifo.mem [53]).
Adding EN signal on $auto$ff.cc:337:slice$2236 ($_DFFE_PP_) from module vc_router (D = \in_data [49], Q = \g_in_port[1].g_in_vc[0].u_fifo.mem [49]).
Adding EN signal on $auto$ff.cc:337:slice$2220 ($_DFFE_PP_) from module vc_router (D = \in_data [67], Q = \g_in_port[1].g_in_vc[0].u_fifo.mem [101]).
Adding EN signal on $auto$ff.cc:337:slice$2218 ($_DFFE_PP_) from module vc_router (D = \in_data [65], Q = \g_in_port[1].g_in_vc[0].u_fifo.mem [99]).
Adding EN signal on $auto$ff.cc:337:slice$2214 ($_DFFE_PP_) from module vc_router (D = \in_data [61], Q = \g_in_port[1].g_in_vc[0].u_fifo.mem [95]).
Adding EN signal on $auto$ff.cc:337:slice$2210 ($_DFFE_PP_) from module vc_router (D = \in_data [57], Q = \g_in_port[1].g_in_vc[0].u_fifo.mem [91]).
Adding EN signal on $auto$ff.cc:337:slice$2206 ($_DFFE_PP_) from module vc_router (D = \in_data [53], Q = \g_in_port[1].g_in_vc[0].u_fifo.mem [87]).
Adding EN signal on $auto$ff.cc:337:slice$2202 ($_DFFE_PP_) from module vc_router (D = \in_data [49], Q = \g_in_port[1].g_in_vc[0].u_fifo.mem [83]).
Adding EN signal on $auto$ff.cc:337:slice$2186 ($_DFFE_PP_) from module vc_router (D = \in_data [67], Q = \g_in_port[1].g_in_vc[0].u_fifo.mem [135]).
Adding EN signal on $auto$ff.cc:337:slice$2184 ($_DFFE_PP_) from module vc_router (D = \in_data [65], Q = \g_in_port[1].g_in_vc[0].u_fifo.mem [133]).
Adding EN signal on $auto$ff.cc:337:slice$2180 ($_DFFE_PP_) from module vc_router (D = \in_data [61], Q = \g_in_port[1].g_in_vc[0].u_fifo.mem [129]).
Adding EN signal on $auto$ff.cc:337:slice$2176 ($_DFFE_PP_) from module vc_router (D = \in_data [57], Q = \g_in_port[1].g_in_vc[0].u_fifo.mem [125]).
Adding EN signal on $auto$ff.cc:337:slice$2172 ($_DFFE_PP_) from module vc_router (D = \in_data [53], Q = \g_in_port[1].g_in_vc[0].u_fifo.mem [121]).
Adding EN signal on $auto$ff.cc:337:slice$2168 ($_DFFE_PP_) from module vc_router (D = \in_data [49], Q = \g_in_port[1].g_in_vc[0].u_fifo.mem [117]).
Adding EN signal on $auto$ff.cc:337:slice$2143 ($_DFFE_PP_) from module vc_router (D = \in_data [101], Q = \g_in_port[2].g_in_vc[0].u_fifo.mem [33]).
Adding EN signal on $auto$ff.cc:337:slice$2141 ($_DFFE_PP_) from module vc_router (D = \in_data [99], Q = \g_in_port[2].g_in_vc[0].u_fifo.mem [31]).
Adding EN signal on $auto$ff.cc:337:slice$2137 ($_DFFE_PP_) from module vc_router (D = \in_data [95], Q = \g_in_port[2].g_in_vc[0].u_fifo.mem [27]).
Adding EN signal on $auto$ff.cc:337:slice$2133 ($_DFFE_PP_) from module vc_router (D = \in_data [91], Q = \g_in_port[2].g_in_vc[0].u_fifo.mem [23]).
Adding EN signal on $auto$ff.cc:337:slice$2129 ($_DFFE_PP_) from module vc_router (D = \in_data [87], Q = \g_in_port[2].g_in_vc[0].u_fifo.mem [19]).
Adding EN signal on $auto$ff.cc:337:slice$2125 ($_DFFE_PP_) from module vc_router (D = \in_data [83], Q = \g_in_port[2].g_in_vc[0].u_fifo.mem [15]).
Adding EN signal on $auto$ff.cc:337:slice$2109 ($_DFFE_PP_) from module vc_router (D = \in_data [101], Q = \g_in_port[2].g_in_vc[0].u_fifo.mem [67]).
Adding EN signal on $auto$ff.cc:337:slice$2107 ($_DFFE_PP_) from module vc_router (D = \in_data [99], Q = \g_in_port[2].g_in_vc[0].u_fifo.mem [65]).
Adding EN signal on $auto$ff.cc:337:slice$2103 ($_DFFE_PP_) from module vc_router (D = \in_data [95], Q = \g_in_port[2].g_in_vc[0].u_fifo.mem [61]).
Adding EN signal on $auto$ff.cc:337:slice$2099 ($_DFFE_PP_) from module vc_router (D = \in_data [91], Q = \g_in_port[2].g_in_vc[0].u_fifo.mem [57]).
Adding EN signal on $auto$ff.cc:337:slice$2095 ($_DFFE_PP_) from module vc_router (D = \in_data [87], Q = \g_in_port[2].g_in_vc[0].u_fifo.mem [53]).
Adding EN signal on $auto$ff.cc:337:slice$2091 ($_DFFE_PP_) from module vc_router (D = \in_data [83], Q = \g_in_port[2].g_in_vc[0].u_fifo.mem [49]).
Adding EN signal on $auto$ff.cc:337:slice$2075 ($_DFFE_PP_) from module vc_router (D = \in_data [101], Q = \g_in_port[2].g_in_vc[0].u_fifo.mem [101]).
Adding EN signal on $auto$ff.cc:337:slice$2073 ($_DFFE_PP_) from module vc_router (D = \in_data [99], Q = \g_in_port[2].g_in_vc[0].u_fifo.mem [99]).
Adding EN signal on $auto$ff.cc:337:slice$2069 ($_DFFE_PP_) from module vc_router (D = \in_data [95], Q = \g_in_port[2].g_in_vc[0].u_fifo.mem [95]).
Adding EN signal on $auto$ff.cc:337:slice$2065 ($_DFFE_PP_) from module vc_router (D = \in_data [91], Q = \g_in_port[2].g_in_vc[0].u_fifo.mem [91]).
Adding EN signal on $auto$ff.cc:337:slice$2061 ($_DFFE_PP_) from module vc_router (D = \in_data [87], Q = \g_in_port[2].g_in_vc[0].u_fifo.mem [87]).
Adding EN signal on $auto$ff.cc:337:slice$2057 ($_DFFE_PP_) from module vc_router (D = \in_data [83], Q = \g_in_port[2].g_in_vc[0].u_fifo.mem [83]).
Adding EN signal on $auto$ff.cc:337:slice$2041 ($_DFFE_PP_) from module vc_router (D = \in_data [101], Q = \g_in_port[2].g_in_vc[0].u_fifo.mem [135]).
Adding EN signal on $auto$ff.cc:337:slice$2039 ($_DFFE_PP_) from module vc_router (D = \in_data [99], Q = \g_in_port[2].g_in_vc[0].u_fifo.mem [133]).
Adding EN signal on $auto$ff.cc:337:slice$2035 ($_DFFE_PP_) from module vc_router (D = \in_data [95], Q = \g_in_port[2].g_in_vc[0].u_fifo.mem [129]).
Adding EN signal on $auto$ff.cc:337:slice$2031 ($_DFFE_PP_) from module vc_router (D = \in_data [91], Q = \g_in_port[2].g_in_vc[0].u_fifo.mem [125]).
Adding EN signal on $auto$ff.cc:337:slice$2027 ($_DFFE_PP_) from module vc_router (D = \in_data [87], Q = \g_in_port[2].g_in_vc[0].u_fifo.mem [121]).
Adding EN signal on $auto$ff.cc:337:slice$2023 ($_DFFE_PP_) from module vc_router (D = \in_data [83], Q = \g_in_port[2].g_in_vc[0].u_fifo.mem [117]).
Adding EN signal on $auto$ff.cc:337:slice$1996 ($_DFFE_PP_) from module vc_router (D = \in_data [135], Q = \g_in_port[3].g_in_vc[0].u_fifo.mem [33]).
Adding EN signal on $auto$ff.cc:337:slice$1994 ($_DFFE_PP_) from module vc_router (D = \in_data [133], Q = \g_in_port[3].g_in_vc[0].u_fifo.mem [31]).
Adding EN signal on $auto$ff.cc:337:slice$1990 ($_DFFE_PP_) from module vc_router (D = \in_data [129], Q = \g_in_port[3].g_in_vc[0].u_fifo.mem [27]).
Adding EN signal on $auto$ff.cc:337:slice$1986 ($_DFFE_PP_) from module vc_router (D = \in_data [125], Q = \g_in_port[3].g_in_vc[0].u_fifo.mem [23]).
Adding EN signal on $auto$ff.cc:337:slice$1982 ($_DFFE_PP_) from module vc_router (D = \in_data [121], Q = \g_in_port[3].g_in_vc[0].u_fifo.mem [19]).
Adding EN signal on $auto$ff.cc:337:slice$1978 ($_DFFE_PP_) from module vc_router (D = \in_data [117], Q = \g_in_port[3].g_in_vc[0].u_fifo.mem [15]).
Adding EN signal on $auto$ff.cc:337:slice$1962 ($_DFFE_PP_) from module vc_router (D = \in_data [135], Q = \g_in_port[3].g_in_vc[0].u_fifo.mem [67]).
Adding EN signal on $auto$ff.cc:337:slice$1960 ($_DFFE_PP_) from module vc_router (D = \in_data [133], Q = \g_in_port[3].g_in_vc[0].u_fifo.mem [65]).
Adding EN signal on $auto$ff.cc:337:slice$1956 ($_DFFE_PP_) from module vc_router (D = \in_data [129], Q = \g_in_port[3].g_in_vc[0].u_fifo.mem [61]).
Adding EN signal on $auto$ff.cc:337:slice$1952 ($_DFFE_PP_) from module vc_router (D = \in_data [125], Q = \g_in_port[3].g_in_vc[0].u_fifo.mem [57]).
Adding EN signal on $auto$ff.cc:337:slice$1948 ($_DFFE_PP_) from module vc_router (D = \in_data [121], Q = \g_in_port[3].g_in_vc[0].u_fifo.mem [53]).
Adding EN signal on $auto$ff.cc:337:slice$1944 ($_DFFE_PP_) from module vc_router (D = \in_data [117], Q = \g_in_port[3].g_in_vc[0].u_fifo.mem [49]).
Adding EN signal on $auto$ff.cc:337:slice$1928 ($_DFFE_PP_) from module vc_router (D = \in_data [135], Q = \g_in_port[3].g_in_vc[0].u_fifo.mem [101]).
Adding EN signal on $auto$ff.cc:337:slice$1926 ($_DFFE_PP_) from module vc_router (D = \in_data [133], Q = \g_in_port[3].g_in_vc[0].u_fifo.mem [99]).
Adding EN signal on $auto$ff.cc:337:slice$1922 ($_DFFE_PP_) from module vc_router (D = \in_data [129], Q = \g_in_port[3].g_in_vc[0].u_fifo.mem [95]).
Adding EN signal on $auto$ff.cc:337:slice$1918 ($_DFFE_PP_) from module vc_router (D = \in_data [125], Q = \g_in_port[3].g_in_vc[0].u_fifo.mem [91]).
Adding EN signal on $auto$ff.cc:337:slice$1914 ($_DFFE_PP_) from module vc_router (D = \in_data [121], Q = \g_in_port[3].g_in_vc[0].u_fifo.mem [87]).
Adding EN signal on $auto$ff.cc:337:slice$1910 ($_DFFE_PP_) from module vc_router (D = \in_data [117], Q = \g_in_port[3].g_in_vc[0].u_fifo.mem [83]).
Adding EN signal on $auto$ff.cc:337:slice$1894 ($_DFFE_PP_) from module vc_router (D = \in_data [135], Q = \g_in_port[3].g_in_vc[0].u_fifo.mem [135]).
Adding EN signal on $auto$ff.cc:337:slice$1892 ($_DFFE_PP_) from module vc_router (D = \in_data [133], Q = \g_in_port[3].g_in_vc[0].u_fifo.mem [133]).
Adding EN signal on $auto$ff.cc:337:slice$1888 ($_DFFE_PP_) from module vc_router (D = \in_data [129], Q = \g_in_port[3].g_in_vc[0].u_fifo.mem [129]).
Adding EN signal on $auto$ff.cc:337:slice$1884 ($_DFFE_PP_) from module vc_router (D = \in_data [125], Q = \g_in_port[3].g_in_vc[0].u_fifo.mem [125]).
Adding EN signal on $auto$ff.cc:337:slice$1880 ($_DFFE_PP_) from module vc_router (D = \in_data [121], Q = \g_in_port[3].g_in_vc[0].u_fifo.mem [121]).
Adding EN signal on $auto$ff.cc:337:slice$1876 ($_DFFE_PP_) from module vc_router (D = \in_data [117], Q = \g_in_port[3].g_in_vc[0].u_fifo.mem [117]).
Adding EN signal on $auto$ff.cc:337:slice$1849 ($_DFFE_PP_) from module vc_router (D = \in_data [169], Q = \g_in_port[4].g_in_vc[0].u_fifo.mem [33]).
Adding EN signal on $auto$ff.cc:337:slice$1847 ($_DFFE_PP_) from module vc_router (D = 1'0, Q = \g_in_port[4].g_in_vc[0].u_fifo.mem [31]).
Adding EN signal on $auto$ff.cc:337:slice$1843 ($_DFFE_PP_) from module vc_router (D = 1'0, Q = \g_in_port[4].g_in_vc[0].u_fifo.mem [27]).
Adding EN signal on $auto$ff.cc:337:slice$1839 ($_DFFE_PP_) from module vc_router (D = \in_data [159], Q = \g_in_port[4].g_in_vc[0].u_fifo.mem [23]).
Adding EN signal on $auto$ff.cc:337:slice$1835 ($_DFFE_PP_) from module vc_router (D = \in_data [155], Q = \g_in_port[4].g_in_vc[0].u_fifo.mem [19]).
Adding EN signal on $auto$ff.cc:337:slice$1831 ($_DFFE_PP_) from module vc_router (D = \in_data [151], Q = \g_in_port[4].g_in_vc[0].u_fifo.mem [15]).
Adding EN signal on $auto$ff.cc:337:slice$1815 ($_DFFE_PP_) from module vc_router (D = \in_data [169], Q = \g_in_port[4].g_in_vc[0].u_fifo.mem [67]).
Adding EN signal on $auto$ff.cc:337:slice$1813 ($_DFFE_PP_) from module vc_router (D = 1'0, Q = \g_in_port[4].g_in_vc[0].u_fifo.mem [65]).
Adding EN signal on $auto$ff.cc:337:slice$1809 ($_DFFE_PP_) from module vc_router (D = 1'0, Q = \g_in_port[4].g_in_vc[0].u_fifo.mem [61]).
Adding EN signal on $auto$ff.cc:337:slice$1805 ($_DFFE_PP_) from module vc_router (D = \in_data [159], Q = \g_in_port[4].g_in_vc[0].u_fifo.mem [57]).
Adding EN signal on $auto$ff.cc:337:slice$1801 ($_DFFE_PP_) from module vc_router (D = \in_data [155], Q = \g_in_port[4].g_in_vc[0].u_fifo.mem [53]).
Adding EN signal on $auto$ff.cc:337:slice$1797 ($_DFFE_PP_) from module vc_router (D = \in_data [151], Q = \g_in_port[4].g_in_vc[0].u_fifo.mem [49]).
Adding EN signal on $auto$ff.cc:337:slice$1779 ($_DFFE_PP_) from module vc_router (D = \in_data [169], Q = \g_in_port[4].g_in_vc[0].u_fifo.mem [101]).
Adding EN signal on $auto$ff.cc:337:slice$1777 ($_DFFE_PP_) from module vc_router (D = 1'0, Q = \g_in_port[4].g_in_vc[0].u_fifo.mem [99]).
Adding EN signal on $auto$ff.cc:337:slice$1773 ($_DFFE_PP_) from module vc_router (D = 1'0, Q = \g_in_port[4].g_in_vc[0].u_fifo.mem [95]).
Adding EN signal on $auto$ff.cc:337:slice$1769 ($_DFFE_PP_) from module vc_router (D = \in_data [159], Q = \g_in_port[4].g_in_vc[0].u_fifo.mem [91]).
Adding EN signal on $auto$ff.cc:337:slice$1765 ($_DFFE_PP_) from module vc_router (D = \in_data [155], Q = \g_in_port[4].g_in_vc[0].u_fifo.mem [87]).
Adding EN signal on $auto$ff.cc:337:slice$1761 ($_DFFE_PP_) from module vc_router (D = \in_data [151], Q = \g_in_port[4].g_in_vc[0].u_fifo.mem [83]).
Adding EN signal on $auto$ff.cc:337:slice$1745 ($_DFFE_PP_) from module vc_router (D = \in_data [169], Q = \g_in_port[4].g_in_vc[0].u_fifo.mem [135]).
Adding EN signal on $auto$ff.cc:337:slice$1743 ($_DFFE_PP_) from module vc_router (D = 1'0, Q = \g_in_port[4].g_in_vc[0].u_fifo.mem [133]).
Adding EN signal on $auto$ff.cc:337:slice$1739 ($_DFFE_PP_) from module vc_router (D = 1'0, Q = \g_in_port[4].g_in_vc[0].u_fifo.mem [129]).
Adding EN signal on $auto$ff.cc:337:slice$1735 ($_DFFE_PP_) from module vc_router (D = \in_data [159], Q = \g_in_port[4].g_in_vc[0].u_fifo.mem [125]).
Adding EN signal on $auto$ff.cc:337:slice$1731 ($_DFFE_PP_) from module vc_router (D = \in_data [155], Q = \g_in_port[4].g_in_vc[0].u_fifo.mem [121]).
Adding EN signal on $auto$ff.cc:337:slice$1727 ($_DFFE_PP_) from module vc_router (D = \in_data [151], Q = \g_in_port[4].g_in_vc[0].u_fifo.mem [117]).
Adding EN signal on $auto$ff.cc:337:slice$1712 ($_DFFE_PP_) from module vc_router (D = \in_data [136], Q = \g_in_port[4].g_in_vc[0].u_fifo.mem [102]).
Adding EN signal on $auto$ff.cc:337:slice$1713 ($_DFFE_PP_) from module vc_router (D = \in_data [137], Q = \g_in_port[4].g_in_vc[0].u_fifo.mem [103]).
Adding EN signal on $auto$ff.cc:337:slice$1714 ($_DFFE_PP_) from module vc_router (D = \in_data [138], Q = \g_in_port[4].g_in_vc[0].u_fifo.mem [104]).
Adding EN signal on $auto$ff.cc:337:slice$1715 ($_DFFE_PP_) from module vc_router (D = \in_data [139], Q = \g_in_port[4].g_in_vc[0].u_fifo.mem [105]).
Adding EN signal on $auto$ff.cc:337:slice$1716 ($_DFFE_PP_) from module vc_router (D = \in_data [140], Q = \g_in_port[4].g_in_vc[0].u_fifo.mem [106]).
Adding EN signal on $auto$ff.cc:337:slice$1717 ($_DFFE_PP_) from module vc_router (D = \in_data [141], Q = \g_in_port[4].g_in_vc[0].u_fifo.mem [107]).
Adding EN signal on $auto$ff.cc:337:slice$1718 ($_DFFE_PP_) from module vc_router (D = \in_data [142], Q = \g_in_port[4].g_in_vc[0].u_fifo.mem [108]).
Adding EN signal on $auto$ff.cc:337:slice$1719 ($_DFFE_PP_) from module vc_router (D = \in_data [143], Q = \g_in_port[4].g_in_vc[0].u_fifo.mem [109]).
Adding EN signal on $auto$ff.cc:337:slice$1720 ($_DFFE_PP_) from module vc_router (D = \in_data [144], Q = \g_in_port[4].g_in_vc[0].u_fifo.mem [110]).
Adding EN signal on $auto$ff.cc:337:slice$1721 ($_DFFE_PP_) from module vc_router (D = \in_data [145], Q = \g_in_port[4].g_in_vc[0].u_fifo.mem [111]).
Adding EN signal on $auto$ff.cc:337:slice$1722 ($_DFFE_PP_) from module vc_router (D = \in_data [146], Q = \g_in_port[4].g_in_vc[0].u_fifo.mem [112]).
Adding EN signal on $auto$ff.cc:337:slice$1723 ($_DFFE_PP_) from module vc_router (D = \in_data [147], Q = \g_in_port[4].g_in_vc[0].u_fifo.mem [113]).
Adding EN signal on $auto$ff.cc:337:slice$1724 ($_DFFE_PP_) from module vc_router (D = \in_data [148], Q = \g_in_port[4].g_in_vc[0].u_fifo.mem [114]).
Adding EN signal on $auto$ff.cc:337:slice$1725 ($_DFFE_PP_) from module vc_router (D = \in_data [149], Q = \g_in_port[4].g_in_vc[0].u_fifo.mem [115]).
Adding EN signal on $auto$ff.cc:337:slice$1726 ($_DFFE_PP_) from module vc_router (D = \in_data [150], Q = \g_in_port[4].g_in_vc[0].u_fifo.mem [116]).
Adding EN signal on $auto$ff.cc:337:slice$1728 ($_DFFE_PP_) from module vc_router (D = \in_data [152], Q = \g_in_port[4].g_in_vc[0].u_fifo.mem [118]).
Adding EN signal on $auto$ff.cc:337:slice$1729 ($_DFFE_PP_) from module vc_router (D = \in_data [153], Q = \g_in_port[4].g_in_vc[0].u_fifo.mem [119]).
Adding EN signal on $auto$ff.cc:337:slice$1730 ($_DFFE_PP_) from module vc_router (D = \in_data [154], Q = \g_in_port[4].g_in_vc[0].u_fifo.mem [120]).
Adding EN signal on $auto$ff.cc:337:slice$1732 ($_DFFE_PP_) from module vc_router (D = \in_data [156], Q = \g_in_port[4].g_in_vc[0].u_fifo.mem [122]).
Adding EN signal on $auto$ff.cc:337:slice$1733 ($_DFFE_PP_) from module vc_router (D = \in_data [157], Q = \g_in_port[4].g_in_vc[0].u_fifo.mem [123]).
Adding EN signal on $auto$ff.cc:337:slice$1734 ($_DFFE_PP_) from module vc_router (D = \in_data [158], Q = \g_in_port[4].g_in_vc[0].u_fifo.mem [124]).
Adding EN signal on $auto$ff.cc:337:slice$1736 ($_DFFE_PP_) from module vc_router (D = 1'0, Q = \g_in_port[4].g_in_vc[0].u_fifo.mem [126]).
Adding EN signal on $auto$ff.cc:337:slice$1737 ($_DFFE_PP_) from module vc_router (D = 1'0, Q = \g_in_port[4].g_in_vc[0].u_fifo.mem [127]).
Adding EN signal on $auto$ff.cc:337:slice$1738 ($_DFFE_PP_) from module vc_router (D = 1'0, Q = \g_in_port[4].g_in_vc[0].u_fifo.mem [128]).
Adding EN signal on $auto$ff.cc:337:slice$1740 ($_DFFE_PP_) from module vc_router (D = 1'0, Q = \g_in_port[4].g_in_vc[0].u_fifo.mem [130]).
Adding EN signal on $auto$ff.cc:337:slice$1741 ($_DFFE_PP_) from module vc_router (D = 1'0, Q = \g_in_port[4].g_in_vc[0].u_fifo.mem [131]).
Adding EN signal on $auto$ff.cc:337:slice$1742 ($_DFFE_PP_) from module vc_router (D = 1'0, Q = \g_in_port[4].g_in_vc[0].u_fifo.mem [132]).
Adding EN signal on $auto$ff.cc:337:slice$1744 ($_DFFE_PP_) from module vc_router (D = \in_data [168], Q = \g_in_port[4].g_in_vc[0].u_fifo.mem [134]).
Adding EN signal on $auto$ff.cc:337:slice$1746 ($_DFFE_PP_) from module vc_router (D = \in_data [136], Q = \g_in_port[4].g_in_vc[0].u_fifo.mem [68]).
Adding EN signal on $auto$ff.cc:337:slice$1747 ($_DFFE_PP_) from module vc_router (D = \in_data [137], Q = \g_in_port[4].g_in_vc[0].u_fifo.mem [69]).
Adding EN signal on $auto$ff.cc:337:slice$1748 ($_DFFE_PP_) from module vc_router (D = \in_data [138], Q = \g_in_port[4].g_in_vc[0].u_fifo.mem [70]).
Adding EN signal on $auto$ff.cc:337:slice$1749 ($_DFFE_PP_) from module vc_router (D = \in_data [139], Q = \g_in_port[4].g_in_vc[0].u_fifo.mem [71]).
Adding EN signal on $auto$ff.cc:337:slice$1750 ($_DFFE_PP_) from module vc_router (D = \in_data [140], Q = \g_in_port[4].g_in_vc[0].u_fifo.mem [72]).
Adding EN signal on $auto$ff.cc:337:slice$1751 ($_DFFE_PP_) from module vc_router (D = \in_data [141], Q = \g_in_port[4].g_in_vc[0].u_fifo.mem [73]).
Adding EN signal on $auto$ff.cc:337:slice$1752 ($_DFFE_PP_) from module vc_router (D = \in_data [142], Q = \g_in_port[4].g_in_vc[0].u_fifo.mem [74]).
Adding EN signal on $auto$ff.cc:337:slice$1753 ($_DFFE_PP_) from module vc_router (D = \in_data [143], Q = \g_in_port[4].g_in_vc[0].u_fifo.mem [75]).
Adding EN signal on $auto$ff.cc:337:slice$1754 ($_DFFE_PP_) from module vc_router (D = \in_data [144], Q = \g_in_port[4].g_in_vc[0].u_fifo.mem [76]).
Adding EN signal on $auto$ff.cc:337:slice$1755 ($_DFFE_PP_) from module vc_router (D = \in_data [145], Q = \g_in_port[4].g_in_vc[0].u_fifo.mem [77]).
Adding EN signal on $auto$ff.cc:337:slice$1756 ($_DFFE_PP_) from module vc_router (D = \in_data [146], Q = \g_in_port[4].g_in_vc[0].u_fifo.mem [78]).
Adding EN signal on $auto$ff.cc:337:slice$1757 ($_DFFE_PP_) from module vc_router (D = \in_data [147], Q = \g_in_port[4].g_in_vc[0].u_fifo.mem [79]).
Adding EN signal on $auto$ff.cc:337:slice$1758 ($_DFFE_PP_) from module vc_router (D = \in_data [148], Q = \g_in_port[4].g_in_vc[0].u_fifo.mem [80]).
Adding EN signal on $auto$ff.cc:337:slice$1759 ($_DFFE_PP_) from module vc_router (D = \in_data [149], Q = \g_in_port[4].g_in_vc[0].u_fifo.mem [81]).
Adding EN signal on $auto$ff.cc:337:slice$1760 ($_DFFE_PP_) from module vc_router (D = \in_data [150], Q = \g_in_port[4].g_in_vc[0].u_fifo.mem [82]).
Adding EN signal on $auto$ff.cc:337:slice$1762 ($_DFFE_PP_) from module vc_router (D = \in_data [152], Q = \g_in_port[4].g_in_vc[0].u_fifo.mem [84]).
Adding EN signal on $auto$ff.cc:337:slice$1763 ($_DFFE_PP_) from module vc_router (D = \in_data [153], Q = \g_in_port[4].g_in_vc[0].u_fifo.mem [85]).
Adding EN signal on $auto$ff.cc:337:slice$1764 ($_DFFE_PP_) from module vc_router (D = \in_data [154], Q = \g_in_port[4].g_in_vc[0].u_fifo.mem [86]).
Adding EN signal on $auto$ff.cc:337:slice$1766 ($_DFFE_PP_) from module vc_router (D = \in_data [156], Q = \g_in_port[4].g_in_vc[0].u_fifo.mem [88]).
Adding EN signal on $auto$ff.cc:337:slice$1767 ($_DFFE_PP_) from module vc_router (D = \in_data [157], Q = \g_in_port[4].g_in_vc[0].u_fifo.mem [89]).
Adding EN signal on $auto$ff.cc:337:slice$1768 ($_DFFE_PP_) from module vc_router (D = \in_data [158], Q = \g_in_port[4].g_in_vc[0].u_fifo.mem [90]).
Adding EN signal on $auto$ff.cc:337:slice$1770 ($_DFFE_PP_) from module vc_router (D = 1'0, Q = \g_in_port[4].g_in_vc[0].u_fifo.mem [92]).
Adding EN signal on $auto$ff.cc:337:slice$1771 ($_DFFE_PP_) from module vc_router (D = 1'0, Q = \g_in_port[4].g_in_vc[0].u_fifo.mem [93]).
Adding EN signal on $auto$ff.cc:337:slice$1772 ($_DFFE_PP_) from module vc_router (D = 1'0, Q = \g_in_port[4].g_in_vc[0].u_fifo.mem [94]).
Adding EN signal on $auto$ff.cc:337:slice$1774 ($_DFFE_PP_) from module vc_router (D = 1'0, Q = \g_in_port[4].g_in_vc[0].u_fifo.mem [96]).
Adding EN signal on $auto$ff.cc:337:slice$1775 ($_DFFE_PP_) from module vc_router (D = 1'0, Q = \g_in_port[4].g_in_vc[0].u_fifo.mem [97]).
Adding EN signal on $auto$ff.cc:337:slice$1776 ($_DFFE_PP_) from module vc_router (D = 1'0, Q = \g_in_port[4].g_in_vc[0].u_fifo.mem [98]).
Adding EN signal on $auto$ff.cc:337:slice$1778 ($_DFFE_PP_) from module vc_router (D = \in_data [168], Q = \g_in_port[4].g_in_vc[0].u_fifo.mem [100]).
Adding EN signal on $auto$ff.cc:337:slice$1782 ($_DFFE_PP_) from module vc_router (D = \in_data [136], Q = \g_in_port[4].g_in_vc[0].u_fifo.mem [34]).
Adding EN signal on $auto$ff.cc:337:slice$1783 ($_DFFE_PP_) from module vc_router (D = \in_data [137], Q = \g_in_port[4].g_in_vc[0].u_fifo.mem [35]).
Adding EN signal on $auto$ff.cc:337:slice$1784 ($_DFFE_PP_) from module vc_router (D = \in_data [138], Q = \g_in_port[4].g_in_vc[0].u_fifo.mem [36]).
Adding EN signal on $auto$ff.cc:337:slice$1785 ($_DFFE_PP_) from module vc_router (D = \in_data [139], Q = \g_in_port[4].g_in_vc[0].u_fifo.mem [37]).
Adding EN signal on $auto$ff.cc:337:slice$1786 ($_DFFE_PP_) from module vc_router (D = \in_data [140], Q = \g_in_port[4].g_in_vc[0].u_fifo.mem [38]).
Adding EN signal on $auto$ff.cc:337:slice$1787 ($_DFFE_PP_) from module vc_router (D = \in_data [141], Q = \g_in_port[4].g_in_vc[0].u_fifo.mem [39]).
Adding EN signal on $auto$ff.cc:337:slice$1788 ($_DFFE_PP_) from module vc_router (D = \in_data [142], Q = \g_in_port[4].g_in_vc[0].u_fifo.mem [40]).
Adding EN signal on $auto$ff.cc:337:slice$1789 ($_DFFE_PP_) from module vc_router (D = \in_data [143], Q = \g_in_port[4].g_in_vc[0].u_fifo.mem [41]).
Adding EN signal on $auto$ff.cc:337:slice$1790 ($_DFFE_PP_) from module vc_router (D = \in_data [144], Q = \g_in_port[4].g_in_vc[0].u_fifo.mem [42]).
Adding EN signal on $auto$ff.cc:337:slice$1791 ($_DFFE_PP_) from module vc_router (D = \in_data [145], Q = \g_in_port[4].g_in_vc[0].u_fifo.mem [43]).
Adding EN signal on $auto$ff.cc:337:slice$1792 ($_DFFE_PP_) from module vc_router (D = \in_data [146], Q = \g_in_port[4].g_in_vc[0].u_fifo.mem [44]).
Adding EN signal on $auto$ff.cc:337:slice$1793 ($_DFFE_PP_) from module vc_router (D = \in_data [147], Q = \g_in_port[4].g_in_vc[0].u_fifo.mem [45]).
Adding EN signal on $auto$ff.cc:337:slice$1794 ($_DFFE_PP_) from module vc_router (D = \in_data [148], Q = \g_in_port[4].g_in_vc[0].u_fifo.mem [46]).
Adding EN signal on $auto$ff.cc:337:slice$1795 ($_DFFE_PP_) from module vc_router (D = \in_data [149], Q = \g_in_port[4].g_in_vc[0].u_fifo.mem [47]).
Adding EN signal on $auto$ff.cc:337:slice$1796 ($_DFFE_PP_) from module vc_router (D = \in_data [150], Q = \g_in_port[4].g_in_vc[0].u_fifo.mem [48]).
Adding EN signal on $auto$ff.cc:337:slice$1798 ($_DFFE_PP_) from module vc_router (D = \in_data [152], Q = \g_in_port[4].g_in_vc[0].u_fifo.mem [50]).
Adding EN signal on $auto$ff.cc:337:slice$1799 ($_DFFE_PP_) from module vc_router (D = \in_data [153], Q = \g_in_port[4].g_in_vc[0].u_fifo.mem [51]).
Adding EN signal on $auto$ff.cc:337:slice$1800 ($_DFFE_PP_) from module vc_router (D = \in_data [154], Q = \g_in_port[4].g_in_vc[0].u_fifo.mem [52]).
Adding EN signal on $auto$ff.cc:337:slice$1802 ($_DFFE_PP_) from module vc_router (D = \in_data [156], Q = \g_in_port[4].g_in_vc[0].u_fifo.mem [54]).
Adding EN signal on $auto$ff.cc:337:slice$1803 ($_DFFE_PP_) from module vc_router (D = \in_data [157], Q = \g_in_port[4].g_in_vc[0].u_fifo.mem [55]).
Adding EN signal on $auto$ff.cc:337:slice$1804 ($_DFFE_PP_) from module vc_router (D = \in_data [158], Q = \g_in_port[4].g_in_vc[0].u_fifo.mem [56]).
Adding EN signal on $auto$ff.cc:337:slice$1806 ($_DFFE_PP_) from module vc_router (D = 1'0, Q = \g_in_port[4].g_in_vc[0].u_fifo.mem [58]).
Adding EN signal on $auto$ff.cc:337:slice$1807 ($_DFFE_PP_) from module vc_router (D = 1'0, Q = \g_in_port[4].g_in_vc[0].u_fifo.mem [59]).
Adding EN signal on $auto$ff.cc:337:slice$1808 ($_DFFE_PP_) from module vc_router (D = 1'0, Q = \g_in_port[4].g_in_vc[0].u_fifo.mem [60]).
Adding EN signal on $auto$ff.cc:337:slice$1810 ($_DFFE_PP_) from module vc_router (D = 1'0, Q = \g_in_port[4].g_in_vc[0].u_fifo.mem [62]).
Adding EN signal on $auto$ff.cc:337:slice$1811 ($_DFFE_PP_) from module vc_router (D = 1'0, Q = \g_in_port[4].g_in_vc[0].u_fifo.mem [63]).
Adding EN signal on $auto$ff.cc:337:slice$1812 ($_DFFE_PP_) from module vc_router (D = 1'0, Q = \g_in_port[4].g_in_vc[0].u_fifo.mem [64]).
Adding EN signal on $auto$ff.cc:337:slice$1814 ($_DFFE_PP_) from module vc_router (D = \in_data [168], Q = \g_in_port[4].g_in_vc[0].u_fifo.mem [66]).
Adding EN signal on $auto$ff.cc:337:slice$1816 ($_DFFE_PP_) from module vc_router (D = \in_data [136], Q = \g_in_port[4].g_in_vc[0].u_fifo.mem [0]).
Adding EN signal on $auto$ff.cc:337:slice$1817 ($_DFFE_PP_) from module vc_router (D = \in_data [137], Q = \g_in_port[4].g_in_vc[0].u_fifo.mem [1]).
Adding EN signal on $auto$ff.cc:337:slice$1818 ($_DFFE_PP_) from module vc_router (D = \in_data [138], Q = \g_in_port[4].g_in_vc[0].u_fifo.mem [2]).
Adding EN signal on $auto$ff.cc:337:slice$1819 ($_DFFE_PP_) from module vc_router (D = \in_data [139], Q = \g_in_port[4].g_in_vc[0].u_fifo.mem [3]).
Adding EN signal on $auto$ff.cc:337:slice$1820 ($_DFFE_PP_) from module vc_router (D = \in_data [140], Q = \g_in_port[4].g_in_vc[0].u_fifo.mem [4]).
Adding EN signal on $auto$ff.cc:337:slice$1821 ($_DFFE_PP_) from module vc_router (D = \in_data [141], Q = \g_in_port[4].g_in_vc[0].u_fifo.mem [5]).
Adding EN signal on $auto$ff.cc:337:slice$1822 ($_DFFE_PP_) from module vc_router (D = \in_data [142], Q = \g_in_port[4].g_in_vc[0].u_fifo.mem [6]).
Adding EN signal on $auto$ff.cc:337:slice$1823 ($_DFFE_PP_) from module vc_router (D = \in_data [143], Q = \g_in_port[4].g_in_vc[0].u_fifo.mem [7]).
Adding EN signal on $auto$ff.cc:337:slice$1824 ($_DFFE_PP_) from module vc_router (D = \in_data [144], Q = \g_in_port[4].g_in_vc[0].u_fifo.mem [8]).
Adding EN signal on $auto$ff.cc:337:slice$1825 ($_DFFE_PP_) from module vc_router (D = \in_data [145], Q = \g_in_port[4].g_in_vc[0].u_fifo.mem [9]).
Adding EN signal on $auto$ff.cc:337:slice$1826 ($_DFFE_PP_) from module vc_router (D = \in_data [146], Q = \g_in_port[4].g_in_vc[0].u_fifo.mem [10]).
Adding EN signal on $auto$ff.cc:337:slice$1827 ($_DFFE_PP_) from module vc_router (D = \in_data [147], Q = \g_in_port[4].g_in_vc[0].u_fifo.mem [11]).
Adding EN signal on $auto$ff.cc:337:slice$1828 ($_DFFE_PP_) from module vc_router (D = \in_data [148], Q = \g_in_port[4].g_in_vc[0].u_fifo.mem [12]).
Adding EN signal on $auto$ff.cc:337:slice$1829 ($_DFFE_PP_) from module vc_router (D = \in_data [149], Q = \g_in_port[4].g_in_vc[0].u_fifo.mem [13]).
Adding EN signal on $auto$ff.cc:337:slice$1830 ($_DFFE_PP_) from module vc_router (D = \in_data [150], Q = \g_in_port[4].g_in_vc[0].u_fifo.mem [14]).
Adding EN signal on $auto$ff.cc:337:slice$1832 ($_DFFE_PP_) from module vc_router (D = \in_data [152], Q = \g_in_port[4].g_in_vc[0].u_fifo.mem [16]).
Adding EN signal on $auto$ff.cc:337:slice$1833 ($_DFFE_PP_) from module vc_router (D = \in_data [153], Q = \g_in_port[4].g_in_vc[0].u_fifo.mem [17]).
Adding EN signal on $auto$ff.cc:337:slice$1834 ($_DFFE_PP_) from module vc_router (D = \in_data [154], Q = \g_in_port[4].g_in_vc[0].u_fifo.mem [18]).
Adding EN signal on $auto$ff.cc:337:slice$1836 ($_DFFE_PP_) from module vc_router (D = \in_data [156], Q = \g_in_port[4].g_in_vc[0].u_fifo.mem [20]).
Adding EN signal on $auto$ff.cc:337:slice$1837 ($_DFFE_PP_) from module vc_router (D = \in_data [157], Q = \g_in_port[4].g_in_vc[0].u_fifo.mem [21]).
Adding EN signal on $auto$ff.cc:337:slice$1838 ($_DFFE_PP_) from module vc_router (D = \in_data [158], Q = \g_in_port[4].g_in_vc[0].u_fifo.mem [22]).
Adding EN signal on $auto$ff.cc:337:slice$1840 ($_DFFE_PP_) from module vc_router (D = 1'0, Q = \g_in_port[4].g_in_vc[0].u_fifo.mem [24]).
Adding EN signal on $auto$ff.cc:337:slice$1841 ($_DFFE_PP_) from module vc_router (D = 1'0, Q = \g_in_port[4].g_in_vc[0].u_fifo.mem [25]).
Adding EN signal on $auto$ff.cc:337:slice$1842 ($_DFFE_PP_) from module vc_router (D = 1'0, Q = \g_in_port[4].g_in_vc[0].u_fifo.mem [26]).
Adding EN signal on $auto$ff.cc:337:slice$1844 ($_DFFE_PP_) from module vc_router (D = 1'0, Q = \g_in_port[4].g_in_vc[0].u_fifo.mem [28]).
Adding EN signal on $auto$ff.cc:337:slice$1845 ($_DFFE_PP_) from module vc_router (D = 1'0, Q = \g_in_port[4].g_in_vc[0].u_fifo.mem [29]).
Adding EN signal on $auto$ff.cc:337:slice$1846 ($_DFFE_PP_) from module vc_router (D = 1'0, Q = \g_in_port[4].g_in_vc[0].u_fifo.mem [30]).
Adding EN signal on $auto$ff.cc:337:slice$1848 ($_DFFE_PP_) from module vc_router (D = \in_data [168], Q = \g_in_port[4].g_in_vc[0].u_fifo.mem [32]).
Adding EN signal on $auto$ff.cc:337:slice$1861 ($_DFFE_PP_) from module vc_router (D = \in_data [102], Q = \g_in_port[3].g_in_vc[0].u_fifo.mem [102]).
Adding EN signal on $auto$ff.cc:337:slice$1862 ($_DFFE_PP_) from module vc_router (D = \in_data [103], Q = \g_in_port[3].g_in_vc[0].u_fifo.mem [103]).
Adding EN signal on $auto$ff.cc:337:slice$1863 ($_DFFE_PP_) from module vc_router (D = \in_data [104], Q = \g_in_port[3].g_in_vc[0].u_fifo.mem [104]).
Adding EN signal on $auto$ff.cc:337:slice$1864 ($_DFFE_PP_) from module vc_router (D = \in_data [105], Q = \g_in_port[3].g_in_vc[0].u_fifo.mem [105]).
Adding EN signal on $auto$ff.cc:337:slice$1865 ($_DFFE_PP_) from module vc_router (D = \in_data [106], Q = \g_in_port[3].g_in_vc[0].u_fifo.mem [106]).
Adding EN signal on $auto$ff.cc:337:slice$1866 ($_DFFE_PP_) from module vc_router (D = \in_data [107], Q = \g_in_port[3].g_in_vc[0].u_fifo.mem [107]).
Adding EN signal on $auto$ff.cc:337:slice$1867 ($_DFFE_PP_) from module vc_router (D = \in_data [108], Q = \g_in_port[3].g_in_vc[0].u_fifo.mem [108]).
Adding EN signal on $auto$ff.cc:337:slice$1868 ($_DFFE_PP_) from module vc_router (D = \in_data [109], Q = \g_in_port[3].g_in_vc[0].u_fifo.mem [109]).
Adding EN signal on $auto$ff.cc:337:slice$1869 ($_DFFE_PP_) from module vc_router (D = \in_data [110], Q = \g_in_port[3].g_in_vc[0].u_fifo.mem [110]).
Adding EN signal on $auto$ff.cc:337:slice$1870 ($_DFFE_PP_) from module vc_router (D = \in_data [111], Q = \g_in_port[3].g_in_vc[0].u_fifo.mem [111]).
Adding EN signal on $auto$ff.cc:337:slice$1871 ($_DFFE_PP_) from module vc_router (D = \in_data [112], Q = \g_in_port[3].g_in_vc[0].u_fifo.mem [112]).
Adding EN signal on $auto$ff.cc:337:slice$1872 ($_DFFE_PP_) from module vc_router (D = \in_data [113], Q = \g_in_port[3].g_in_vc[0].u_fifo.mem [113]).
Adding EN signal on $auto$ff.cc:337:slice$1873 ($_DFFE_PP_) from module vc_router (D = \in_data [114], Q = \g_in_port[3].g_in_vc[0].u_fifo.mem [114]).
Adding EN signal on $auto$ff.cc:337:slice$1874 ($_DFFE_PP_) from module vc_router (D = \in_data [115], Q = \g_in_port[3].g_in_vc[0].u_fifo.mem [115]).
Adding EN signal on $auto$ff.cc:337:slice$1875 ($_DFFE_PP_) from module vc_router (D = \in_data [116], Q = \g_in_port[3].g_in_vc[0].u_fifo.mem [116]).
Adding EN signal on $auto$ff.cc:337:slice$1877 ($_DFFE_PP_) from module vc_router (D = \in_data [118], Q = \g_in_port[3].g_in_vc[0].u_fifo.mem [118]).
Adding EN signal on $auto$ff.cc:337:slice$1878 ($_DFFE_PP_) from module vc_router (D = \in_data [119], Q = \g_in_port[3].g_in_vc[0].u_fifo.mem [119]).
Adding EN signal on $auto$ff.cc:337:slice$1879 ($_DFFE_PP_) from module vc_router (D = \in_data [120], Q = \g_in_port[3].g_in_vc[0].u_fifo.mem [120]).
Adding EN signal on $auto$ff.cc:337:slice$1881 ($_DFFE_PP_) from module vc_router (D = \in_data [122], Q = \g_in_port[3].g_in_vc[0].u_fifo.mem [122]).
Adding EN signal on $auto$ff.cc:337:slice$1882 ($_DFFE_PP_) from module vc_router (D = \in_data [123], Q = \g_in_port[3].g_in_vc[0].u_fifo.mem [123]).
Adding EN signal on $auto$ff.cc:337:slice$1883 ($_DFFE_PP_) from module vc_router (D = \in_data [124], Q = \g_in_port[3].g_in_vc[0].u_fifo.mem [124]).
Adding EN signal on $auto$ff.cc:337:slice$1885 ($_DFFE_PP_) from module vc_router (D = \in_data [126], Q = \g_in_port[3].g_in_vc[0].u_fifo.mem [126]).
Adding EN signal on $auto$ff.cc:337:slice$1886 ($_DFFE_PP_) from module vc_router (D = \in_data [127], Q = \g_in_port[3].g_in_vc[0].u_fifo.mem [127]).
Adding EN signal on $auto$ff.cc:337:slice$1887 ($_DFFE_PP_) from module vc_router (D = \in_data [128], Q = \g_in_port[3].g_in_vc[0].u_fifo.mem [128]).
Adding EN signal on $auto$ff.cc:337:slice$1889 ($_DFFE_PP_) from module vc_router (D = \in_data [130], Q = \g_in_port[3].g_in_vc[0].u_fifo.mem [130]).
Adding EN signal on $auto$ff.cc:337:slice$1890 ($_DFFE_PP_) from module vc_router (D = \in_data [131], Q = \g_in_port[3].g_in_vc[0].u_fifo.mem [131]).
Adding EN signal on $auto$ff.cc:337:slice$1891 ($_DFFE_PP_) from module vc_router (D = \in_data [132], Q = \g_in_port[3].g_in_vc[0].u_fifo.mem [132]).
Adding EN signal on $auto$ff.cc:337:slice$1893 ($_DFFE_PP_) from module vc_router (D = \in_data [134], Q = \g_in_port[3].g_in_vc[0].u_fifo.mem [134]).
Adding EN signal on $auto$ff.cc:337:slice$1895 ($_DFFE_PP_) from module vc_router (D = \in_data [102], Q = \g_in_port[3].g_in_vc[0].u_fifo.mem [68]).
Adding EN signal on $auto$ff.cc:337:slice$1896 ($_DFFE_PP_) from module vc_router (D = \in_data [103], Q = \g_in_port[3].g_in_vc[0].u_fifo.mem [69]).
Adding EN signal on $auto$ff.cc:337:slice$1897 ($_DFFE_PP_) from module vc_router (D = \in_data [104], Q = \g_in_port[3].g_in_vc[0].u_fifo.mem [70]).
Adding EN signal on $auto$ff.cc:337:slice$1898 ($_DFFE_PP_) from module vc_router (D = \in_data [105], Q = \g_in_port[3].g_in_vc[0].u_fifo.mem [71]).
Adding EN signal on $auto$ff.cc:337:slice$1899 ($_DFFE_PP_) from module vc_router (D = \in_data [106], Q = \g_in_port[3].g_in_vc[0].u_fifo.mem [72]).
Adding EN signal on $auto$ff.cc:337:slice$1900 ($_DFFE_PP_) from module vc_router (D = \in_data [107], Q = \g_in_port[3].g_in_vc[0].u_fifo.mem [73]).
Adding EN signal on $auto$ff.cc:337:slice$1901 ($_DFFE_PP_) from module vc_router (D = \in_data [108], Q = \g_in_port[3].g_in_vc[0].u_fifo.mem [74]).
Adding EN signal on $auto$ff.cc:337:slice$1902 ($_DFFE_PP_) from module vc_router (D = \in_data [109], Q = \g_in_port[3].g_in_vc[0].u_fifo.mem [75]).
Adding EN signal on $auto$ff.cc:337:slice$1903 ($_DFFE_PP_) from module vc_router (D = \in_data [110], Q = \g_in_port[3].g_in_vc[0].u_fifo.mem [76]).
Adding EN signal on $auto$ff.cc:337:slice$1904 ($_DFFE_PP_) from module vc_router (D = \in_data [111], Q = \g_in_port[3].g_in_vc[0].u_fifo.mem [77]).
Adding EN signal on $auto$ff.cc:337:slice$1905 ($_DFFE_PP_) from module vc_router (D = \in_data [112], Q = \g_in_port[3].g_in_vc[0].u_fifo.mem [78]).
Adding EN signal on $auto$ff.cc:337:slice$1906 ($_DFFE_PP_) from module vc_router (D = \in_data [113], Q = \g_in_port[3].g_in_vc[0].u_fifo.mem [79]).
Adding EN signal on $auto$ff.cc:337:slice$1907 ($_DFFE_PP_) from module vc_router (D = \in_data [114], Q = \g_in_port[3].g_in_vc[0].u_fifo.mem [80]).
Adding EN signal on $auto$ff.cc:337:slice$1908 ($_DFFE_PP_) from module vc_router (D = \in_data [115], Q = \g_in_port[3].g_in_vc[0].u_fifo.mem [81]).
Adding EN signal on $auto$ff.cc:337:slice$1909 ($_DFFE_PP_) from module vc_router (D = \in_data [116], Q = \g_in_port[3].g_in_vc[0].u_fifo.mem [82]).
Adding EN signal on $auto$ff.cc:337:slice$1911 ($_DFFE_PP_) from module vc_router (D = \in_data [118], Q = \g_in_port[3].g_in_vc[0].u_fifo.mem [84]).
Adding EN signal on $auto$ff.cc:337:slice$1912 ($_DFFE_PP_) from module vc_router (D = \in_data [119], Q = \g_in_port[3].g_in_vc[0].u_fifo.mem [85]).
Adding EN signal on $auto$ff.cc:337:slice$1913 ($_DFFE_PP_) from module vc_router (D = \in_data [120], Q = \g_in_port[3].g_in_vc[0].u_fifo.mem [86]).
Adding EN signal on $auto$ff.cc:337:slice$1915 ($_DFFE_PP_) from module vc_router (D = \in_data [122], Q = \g_in_port[3].g_in_vc[0].u_fifo.mem [88]).
Adding EN signal on $auto$ff.cc:337:slice$1916 ($_DFFE_PP_) from module vc_router (D = \in_data [123], Q = \g_in_port[3].g_in_vc[0].u_fifo.mem [89]).
Adding EN signal on $auto$ff.cc:337:slice$1917 ($_DFFE_PP_) from module vc_router (D = \in_data [124], Q = \g_in_port[3].g_in_vc[0].u_fifo.mem [90]).
Adding EN signal on $auto$ff.cc:337:slice$1919 ($_DFFE_PP_) from module vc_router (D = \in_data [126], Q = \g_in_port[3].g_in_vc[0].u_fifo.mem [92]).
Adding EN signal on $auto$ff.cc:337:slice$1920 ($_DFFE_PP_) from module vc_router (D = \in_data [127], Q = \g_in_port[3].g_in_vc[0].u_fifo.mem [93]).
Adding EN signal on $auto$ff.cc:337:slice$1921 ($_DFFE_PP_) from module vc_router (D = \in_data [128], Q = \g_in_port[3].g_in_vc[0].u_fifo.mem [94]).
Adding EN signal on $auto$ff.cc:337:slice$1923 ($_DFFE_PP_) from module vc_router (D = \in_data [130], Q = \g_in_port[3].g_in_vc[0].u_fifo.mem [96]).
Adding EN signal on $auto$ff.cc:337:slice$1924 ($_DFFE_PP_) from module vc_router (D = \in_data [131], Q = \g_in_port[3].g_in_vc[0].u_fifo.mem [97]).
Adding EN signal on $auto$ff.cc:337:slice$1925 ($_DFFE_PP_) from module vc_router (D = \in_data [132], Q = \g_in_port[3].g_in_vc[0].u_fifo.mem [98]).
Adding EN signal on $auto$ff.cc:337:slice$1927 ($_DFFE_PP_) from module vc_router (D = \in_data [134], Q = \g_in_port[3].g_in_vc[0].u_fifo.mem [100]).
Adding EN signal on $auto$ff.cc:337:slice$1929 ($_DFFE_PP_) from module vc_router (D = \in_data [102], Q = \g_in_port[3].g_in_vc[0].u_fifo.mem [34]).
Adding EN signal on $auto$ff.cc:337:slice$1930 ($_DFFE_PP_) from module vc_router (D = \in_data [103], Q = \g_in_port[3].g_in_vc[0].u_fifo.mem [35]).
Adding EN signal on $auto$ff.cc:337:slice$1931 ($_DFFE_PP_) from module vc_router (D = \in_data [104], Q = \g_in_port[3].g_in_vc[0].u_fifo.mem [36]).
Adding EN signal on $auto$ff.cc:337:slice$1932 ($_DFFE_PP_) from module vc_router (D = \in_data [105], Q = \g_in_port[3].g_in_vc[0].u_fifo.mem [37]).
Adding EN signal on $auto$ff.cc:337:slice$1933 ($_DFFE_PP_) from module vc_router (D = \in_data [106], Q = \g_in_port[3].g_in_vc[0].u_fifo.mem [38]).
Adding EN signal on $auto$ff.cc:337:slice$1934 ($_DFFE_PP_) from module vc_router (D = \in_data [107], Q = \g_in_port[3].g_in_vc[0].u_fifo.mem [39]).
Adding EN signal on $auto$ff.cc:337:slice$1935 ($_DFFE_PP_) from module vc_router (D = \in_data [108], Q = \g_in_port[3].g_in_vc[0].u_fifo.mem [40]).
Adding EN signal on $auto$ff.cc:337:slice$1936 ($_DFFE_PP_) from module vc_router (D = \in_data [109], Q = \g_in_port[3].g_in_vc[0].u_fifo.mem [41]).
Adding EN signal on $auto$ff.cc:337:slice$1937 ($_DFFE_PP_) from module vc_router (D = \in_data [110], Q = \g_in_port[3].g_in_vc[0].u_fifo.mem [42]).
Adding EN signal on $auto$ff.cc:337:slice$1938 ($_DFFE_PP_) from module vc_router (D = \in_data [111], Q = \g_in_port[3].g_in_vc[0].u_fifo.mem [43]).
Adding EN signal on $auto$ff.cc:337:slice$1939 ($_DFFE_PP_) from module vc_router (D = \in_data [112], Q = \g_in_port[3].g_in_vc[0].u_fifo.mem [44]).
Adding EN signal on $auto$ff.cc:337:slice$1940 ($_DFFE_PP_) from module vc_router (D = \in_data [113], Q = \g_in_port[3].g_in_vc[0].u_fifo.mem [45]).
Adding EN signal on $auto$ff.cc:337:slice$1941 ($_DFFE_PP_) from module vc_router (D = \in_data [114], Q = \g_in_port[3].g_in_vc[0].u_fifo.mem [46]).
Adding EN signal on $auto$ff.cc:337:slice$1942 ($_DFFE_PP_) from module vc_router (D = \in_data [115], Q = \g_in_port[3].g_in_vc[0].u_fifo.mem [47]).
Adding EN signal on $auto$ff.cc:337:slice$1943 ($_DFFE_PP_) from module vc_router (D = \in_data [116], Q = \g_in_port[3].g_in_vc[0].u_fifo.mem [48]).
Adding EN signal on $auto$ff.cc:337:slice$1945 ($_DFFE_PP_) from module vc_router (D = \in_data [118], Q = \g_in_port[3].g_in_vc[0].u_fifo.mem [50]).
Adding EN signal on $auto$ff.cc:337:slice$1946 ($_DFFE_PP_) from module vc_router (D = \in_data [119], Q = \g_in_port[3].g_in_vc[0].u_fifo.mem [51]).
Adding EN signal on $auto$ff.cc:337:slice$1947 ($_DFFE_PP_) from module vc_router (D = \in_data [120], Q = \g_in_port[3].g_in_vc[0].u_fifo.mem [52]).
Adding EN signal on $auto$ff.cc:337:slice$1949 ($_DFFE_PP_) from module vc_router (D = \in_data [122], Q = \g_in_port[3].g_in_vc[0].u_fifo.mem [54]).
Adding EN signal on $auto$ff.cc:337:slice$1950 ($_DFFE_PP_) from module vc_router (D = \in_data [123], Q = \g_in_port[3].g_in_vc[0].u_fifo.mem [55]).
Adding EN signal on $auto$ff.cc:337:slice$1951 ($_DFFE_PP_) from module vc_router (D = \in_data [124], Q = \g_in_port[3].g_in_vc[0].u_fifo.mem [56]).
Adding EN signal on $auto$ff.cc:337:slice$1953 ($_DFFE_PP_) from module vc_router (D = \in_data [126], Q = \g_in_port[3].g_in_vc[0].u_fifo.mem [58]).
Adding EN signal on $auto$ff.cc:337:slice$1954 ($_DFFE_PP_) from module vc_router (D = \in_data [127], Q = \g_in_port[3].g_in_vc[0].u_fifo.mem [59]).
Adding EN signal on $auto$ff.cc:337:slice$1955 ($_DFFE_PP_) from module vc_router (D = \in_data [128], Q = \g_in_port[3].g_in_vc[0].u_fifo.mem [60]).
Adding EN signal on $auto$ff.cc:337:slice$1957 ($_DFFE_PP_) from module vc_router (D = \in_data [130], Q = \g_in_port[3].g_in_vc[0].u_fifo.mem [62]).
Adding EN signal on $auto$ff.cc:337:slice$1958 ($_DFFE_PP_) from module vc_router (D = \in_data [131], Q = \g_in_port[3].g_in_vc[0].u_fifo.mem [63]).
Adding EN signal on $auto$ff.cc:337:slice$1959 ($_DFFE_PP_) from module vc_router (D = \in_data [132], Q = \g_in_port[3].g_in_vc[0].u_fifo.mem [64]).
Adding EN signal on $auto$ff.cc:337:slice$1961 ($_DFFE_PP_) from module vc_router (D = \in_data [134], Q = \g_in_port[3].g_in_vc[0].u_fifo.mem [66]).
Adding EN signal on $auto$ff.cc:337:slice$1963 ($_DFFE_PP_) from module vc_router (D = \in_data [102], Q = \g_in_port[3].g_in_vc[0].u_fifo.mem [0]).
Adding EN signal on $auto$ff.cc:337:slice$1964 ($_DFFE_PP_) from module vc_router (D = \in_data [103], Q = \g_in_port[3].g_in_vc[0].u_fifo.mem [1]).
Adding EN signal on $auto$ff.cc:337:slice$1965 ($_DFFE_PP_) from module vc_router (D = \in_data [104], Q = \g_in_port[3].g_in_vc[0].u_fifo.mem [2]).
Adding EN signal on $auto$ff.cc:337:slice$1966 ($_DFFE_PP_) from module vc_router (D = \in_data [105], Q = \g_in_port[3].g_in_vc[0].u_fifo.mem [3]).
Adding EN signal on $auto$ff.cc:337:slice$1967 ($_DFFE_PP_) from module vc_router (D = \in_data [106], Q = \g_in_port[3].g_in_vc[0].u_fifo.mem [4]).
Adding EN signal on $auto$ff.cc:337:slice$1968 ($_DFFE_PP_) from module vc_router (D = \in_data [107], Q = \g_in_port[3].g_in_vc[0].u_fifo.mem [5]).
Adding EN signal on $auto$ff.cc:337:slice$1969 ($_DFFE_PP_) from module vc_router (D = \in_data [108], Q = \g_in_port[3].g_in_vc[0].u_fifo.mem [6]).
Adding EN signal on $auto$ff.cc:337:slice$1970 ($_DFFE_PP_) from module vc_router (D = \in_data [109], Q = \g_in_port[3].g_in_vc[0].u_fifo.mem [7]).
Adding EN signal on $auto$ff.cc:337:slice$1971 ($_DFFE_PP_) from module vc_router (D = \in_data [110], Q = \g_in_port[3].g_in_vc[0].u_fifo.mem [8]).
Adding EN signal on $auto$ff.cc:337:slice$1972 ($_DFFE_PP_) from module vc_router (D = \in_data [111], Q = \g_in_port[3].g_in_vc[0].u_fifo.mem [9]).
Adding EN signal on $auto$ff.cc:337:slice$1973 ($_DFFE_PP_) from module vc_router (D = \in_data [112], Q = \g_in_port[3].g_in_vc[0].u_fifo.mem [10]).
Adding EN signal on $auto$ff.cc:337:slice$1974 ($_DFFE_PP_) from module vc_router (D = \in_data [113], Q = \g_in_port[3].g_in_vc[0].u_fifo.mem [11]).
Adding EN signal on $auto$ff.cc:337:slice$1975 ($_DFFE_PP_) from module vc_router (D = \in_data [114], Q = \g_in_port[3].g_in_vc[0].u_fifo.mem [12]).
Adding EN signal on $auto$ff.cc:337:slice$1976 ($_DFFE_PP_) from module vc_router (D = \in_data [115], Q = \g_in_port[3].g_in_vc[0].u_fifo.mem [13]).
Adding EN signal on $auto$ff.cc:337:slice$1977 ($_DFFE_PP_) from module vc_router (D = \in_data [116], Q = \g_in_port[3].g_in_vc[0].u_fifo.mem [14]).
Adding EN signal on $auto$ff.cc:337:slice$1979 ($_DFFE_PP_) from module vc_router (D = \in_data [118], Q = \g_in_port[3].g_in_vc[0].u_fifo.mem [16]).
Adding EN signal on $auto$ff.cc:337:slice$1980 ($_DFFE_PP_) from module vc_router (D = \in_data [119], Q = \g_in_port[3].g_in_vc[0].u_fifo.mem [17]).
Adding EN signal on $auto$ff.cc:337:slice$1981 ($_DFFE_PP_) from module vc_router (D = \in_data [120], Q = \g_in_port[3].g_in_vc[0].u_fifo.mem [18]).
Adding EN signal on $auto$ff.cc:337:slice$1983 ($_DFFE_PP_) from module vc_router (D = \in_data [122], Q = \g_in_port[3].g_in_vc[0].u_fifo.mem [20]).
Adding EN signal on $auto$ff.cc:337:slice$1984 ($_DFFE_PP_) from module vc_router (D = \in_data [123], Q = \g_in_port[3].g_in_vc[0].u_fifo.mem [21]).
Adding EN signal on $auto$ff.cc:337:slice$1985 ($_DFFE_PP_) from module vc_router (D = \in_data [124], Q = \g_in_port[3].g_in_vc[0].u_fifo.mem [22]).
Adding EN signal on $auto$ff.cc:337:slice$1987 ($_DFFE_PP_) from module vc_router (D = \in_data [126], Q = \g_in_port[3].g_in_vc[0].u_fifo.mem [24]).
Adding EN signal on $auto$ff.cc:337:slice$1988 ($_DFFE_PP_) from module vc_router (D = \in_data [127], Q = \g_in_port[3].g_in_vc[0].u_fifo.mem [25]).
Adding EN signal on $auto$ff.cc:337:slice$1989 ($_DFFE_PP_) from module vc_router (D = \in_data [128], Q = \g_in_port[3].g_in_vc[0].u_fifo.mem [26]).
Adding EN signal on $auto$ff.cc:337:slice$1991 ($_DFFE_PP_) from module vc_router (D = \in_data [130], Q = \g_in_port[3].g_in_vc[0].u_fifo.mem [28]).
Adding EN signal on $auto$ff.cc:337:slice$1992 ($_DFFE_PP_) from module vc_router (D = \in_data [131], Q = \g_in_port[3].g_in_vc[0].u_fifo.mem [29]).
Adding EN signal on $auto$ff.cc:337:slice$1993 ($_DFFE_PP_) from module vc_router (D = \in_data [132], Q = \g_in_port[3].g_in_vc[0].u_fifo.mem [30]).
Adding EN signal on $auto$ff.cc:337:slice$1995 ($_DFFE_PP_) from module vc_router (D = \in_data [134], Q = \g_in_port[3].g_in_vc[0].u_fifo.mem [32]).
Adding EN signal on $auto$ff.cc:337:slice$2008 ($_DFFE_PP_) from module vc_router (D = \in_data [68], Q = \g_in_port[2].g_in_vc[0].u_fifo.mem [102]).
Adding EN signal on $auto$ff.cc:337:slice$2009 ($_DFFE_PP_) from module vc_router (D = \in_data [69], Q = \g_in_port[2].g_in_vc[0].u_fifo.mem [103]).
Adding EN signal on $auto$ff.cc:337:slice$2010 ($_DFFE_PP_) from module vc_router (D = \in_data [70], Q = \g_in_port[2].g_in_vc[0].u_fifo.mem [104]).
Adding EN signal on $auto$ff.cc:337:slice$2011 ($_DFFE_PP_) from module vc_router (D = \in_data [71], Q = \g_in_port[2].g_in_vc[0].u_fifo.mem [105]).
Adding EN signal on $auto$ff.cc:337:slice$2012 ($_DFFE_PP_) from module vc_router (D = \in_data [72], Q = \g_in_port[2].g_in_vc[0].u_fifo.mem [106]).
Adding EN signal on $auto$ff.cc:337:slice$2013 ($_DFFE_PP_) from module vc_router (D = \in_data [73], Q = \g_in_port[2].g_in_vc[0].u_fifo.mem [107]).
Adding EN signal on $auto$ff.cc:337:slice$2014 ($_DFFE_PP_) from module vc_router (D = \in_data [74], Q = \g_in_port[2].g_in_vc[0].u_fifo.mem [108]).
Adding EN signal on $auto$ff.cc:337:slice$2015 ($_DFFE_PP_) from module vc_router (D = \in_data [75], Q = \g_in_port[2].g_in_vc[0].u_fifo.mem [109]).
Adding EN signal on $auto$ff.cc:337:slice$2016 ($_DFFE_PP_) from module vc_router (D = \in_data [76], Q = \g_in_port[2].g_in_vc[0].u_fifo.mem [110]).
Adding EN signal on $auto$ff.cc:337:slice$2017 ($_DFFE_PP_) from module vc_router (D = \in_data [77], Q = \g_in_port[2].g_in_vc[0].u_fifo.mem [111]).
Adding EN signal on $auto$ff.cc:337:slice$2018 ($_DFFE_PP_) from module vc_router (D = \in_data [78], Q = \g_in_port[2].g_in_vc[0].u_fifo.mem [112]).
Adding EN signal on $auto$ff.cc:337:slice$2019 ($_DFFE_PP_) from module vc_router (D = \in_data [79], Q = \g_in_port[2].g_in_vc[0].u_fifo.mem [113]).
Adding EN signal on $auto$ff.cc:337:slice$2020 ($_DFFE_PP_) from module vc_router (D = \in_data [80], Q = \g_in_port[2].g_in_vc[0].u_fifo.mem [114]).
Adding EN signal on $auto$ff.cc:337:slice$2021 ($_DFFE_PP_) from module vc_router (D = \in_data [81], Q = \g_in_port[2].g_in_vc[0].u_fifo.mem [115]).
Adding EN signal on $auto$ff.cc:337:slice$2022 ($_DFFE_PP_) from module vc_router (D = \in_data [82], Q = \g_in_port[2].g_in_vc[0].u_fifo.mem [116]).
Adding EN signal on $auto$ff.cc:337:slice$2024 ($_DFFE_PP_) from module vc_router (D = \in_data [84], Q = \g_in_port[2].g_in_vc[0].u_fifo.mem [118]).
Adding EN signal on $auto$ff.cc:337:slice$2025 ($_DFFE_PP_) from module vc_router (D = \in_data [85], Q = \g_in_port[2].g_in_vc[0].u_fifo.mem [119]).
Adding EN signal on $auto$ff.cc:337:slice$2026 ($_DFFE_PP_) from module vc_router (D = \in_data [86], Q = \g_in_port[2].g_in_vc[0].u_fifo.mem [120]).
Adding EN signal on $auto$ff.cc:337:slice$2028 ($_DFFE_PP_) from module vc_router (D = \in_data [88], Q = \g_in_port[2].g_in_vc[0].u_fifo.mem [122]).
Adding EN signal on $auto$ff.cc:337:slice$2029 ($_DFFE_PP_) from module vc_router (D = \in_data [89], Q = \g_in_port[2].g_in_vc[0].u_fifo.mem [123]).
Adding EN signal on $auto$ff.cc:337:slice$2030 ($_DFFE_PP_) from module vc_router (D = \in_data [90], Q = \g_in_port[2].g_in_vc[0].u_fifo.mem [124]).
Adding EN signal on $auto$ff.cc:337:slice$2032 ($_DFFE_PP_) from module vc_router (D = \in_data [92], Q = \g_in_port[2].g_in_vc[0].u_fifo.mem [126]).
Adding EN signal on $auto$ff.cc:337:slice$2033 ($_DFFE_PP_) from module vc_router (D = \in_data [93], Q = \g_in_port[2].g_in_vc[0].u_fifo.mem [127]).
Adding EN signal on $auto$ff.cc:337:slice$2034 ($_DFFE_PP_) from module vc_router (D = \in_data [94], Q = \g_in_port[2].g_in_vc[0].u_fifo.mem [128]).
Adding EN signal on $auto$ff.cc:337:slice$2036 ($_DFFE_PP_) from module vc_router (D = \in_data [96], Q = \g_in_port[2].g_in_vc[0].u_fifo.mem [130]).
Adding EN signal on $auto$ff.cc:337:slice$2037 ($_DFFE_PP_) from module vc_router (D = \in_data [97], Q = \g_in_port[2].g_in_vc[0].u_fifo.mem [131]).
Adding EN signal on $auto$ff.cc:337:slice$2038 ($_DFFE_PP_) from module vc_router (D = \in_data [98], Q = \g_in_port[2].g_in_vc[0].u_fifo.mem [132]).
Adding EN signal on $auto$ff.cc:337:slice$2040 ($_DFFE_PP_) from module vc_router (D = \in_data [100], Q = \g_in_port[2].g_in_vc[0].u_fifo.mem [134]).
Adding EN signal on $auto$ff.cc:337:slice$2042 ($_DFFE_PP_) from module vc_router (D = \in_data [68], Q = \g_in_port[2].g_in_vc[0].u_fifo.mem [68]).
Adding EN signal on $auto$ff.cc:337:slice$2043 ($_DFFE_PP_) from module vc_router (D = \in_data [69], Q = \g_in_port[2].g_in_vc[0].u_fifo.mem [69]).
Adding EN signal on $auto$ff.cc:337:slice$2044 ($_DFFE_PP_) from module vc_router (D = \in_data [70], Q = \g_in_port[2].g_in_vc[0].u_fifo.mem [70]).
Adding EN signal on $auto$ff.cc:337:slice$2045 ($_DFFE_PP_) from module vc_router (D = \in_data [71], Q = \g_in_port[2].g_in_vc[0].u_fifo.mem [71]).
Adding EN signal on $auto$ff.cc:337:slice$2046 ($_DFFE_PP_) from module vc_router (D = \in_data [72], Q = \g_in_port[2].g_in_vc[0].u_fifo.mem [72]).
Adding EN signal on $auto$ff.cc:337:slice$2047 ($_DFFE_PP_) from module vc_router (D = \in_data [73], Q = \g_in_port[2].g_in_vc[0].u_fifo.mem [73]).
Adding EN signal on $auto$ff.cc:337:slice$2048 ($_DFFE_PP_) from module vc_router (D = \in_data [74], Q = \g_in_port[2].g_in_vc[0].u_fifo.mem [74]).
Adding EN signal on $auto$ff.cc:337:slice$2049 ($_DFFE_PP_) from module vc_router (D = \in_data [75], Q = \g_in_port[2].g_in_vc[0].u_fifo.mem [75]).
Adding EN signal on $auto$ff.cc:337:slice$2050 ($_DFFE_PP_) from module vc_router (D = \in_data [76], Q = \g_in_port[2].g_in_vc[0].u_fifo.mem [76]).
Adding EN signal on $auto$ff.cc:337:slice$2051 ($_DFFE_PP_) from module vc_router (D = \in_data [77], Q = \g_in_port[2].g_in_vc[0].u_fifo.mem [77]).
Adding EN signal on $auto$ff.cc:337:slice$2052 ($_DFFE_PP_) from module vc_router (D = \in_data [78], Q = \g_in_port[2].g_in_vc[0].u_fifo.mem [78]).
Adding EN signal on $auto$ff.cc:337:slice$2053 ($_DFFE_PP_) from module vc_router (D = \in_data [79], Q = \g_in_port[2].g_in_vc[0].u_fifo.mem [79]).
Adding EN signal on $auto$ff.cc:337:slice$2054 ($_DFFE_PP_) from module vc_router (D = \in_data [80], Q = \g_in_port[2].g_in_vc[0].u_fifo.mem [80]).
Adding EN signal on $auto$ff.cc:337:slice$2055 ($_DFFE_PP_) from module vc_router (D = \in_data [81], Q = \g_in_port[2].g_in_vc[0].u_fifo.mem [81]).
Adding EN signal on $auto$ff.cc:337:slice$2056 ($_DFFE_PP_) from module vc_router (D = \in_data [82], Q = \g_in_port[2].g_in_vc[0].u_fifo.mem [82]).
Adding EN signal on $auto$ff.cc:337:slice$2058 ($_DFFE_PP_) from module vc_router (D = \in_data [84], Q = \g_in_port[2].g_in_vc[0].u_fifo.mem [84]).
Adding EN signal on $auto$ff.cc:337:slice$2059 ($_DFFE_PP_) from module vc_router (D = \in_data [85], Q = \g_in_port[2].g_in_vc[0].u_fifo.mem [85]).
Adding EN signal on $auto$ff.cc:337:slice$2060 ($_DFFE_PP_) from module vc_router (D = \in_data [86], Q = \g_in_port[2].g_in_vc[0].u_fifo.mem [86]).
Adding EN signal on $auto$ff.cc:337:slice$2062 ($_DFFE_PP_) from module vc_router (D = \in_data [88], Q = \g_in_port[2].g_in_vc[0].u_fifo.mem [88]).
Adding EN signal on $auto$ff.cc:337:slice$2063 ($_DFFE_PP_) from module vc_router (D = \in_data [89], Q = \g_in_port[2].g_in_vc[0].u_fifo.mem [89]).
Adding EN signal on $auto$ff.cc:337:slice$2064 ($_DFFE_PP_) from module vc_router (D = \in_data [90], Q = \g_in_port[2].g_in_vc[0].u_fifo.mem [90]).
Adding EN signal on $auto$ff.cc:337:slice$2066 ($_DFFE_PP_) from module vc_router (D = \in_data [92], Q = \g_in_port[2].g_in_vc[0].u_fifo.mem [92]).
Adding EN signal on $auto$ff.cc:337:slice$2067 ($_DFFE_PP_) from module vc_router (D = \in_data [93], Q = \g_in_port[2].g_in_vc[0].u_fifo.mem [93]).
Adding EN signal on $auto$ff.cc:337:slice$2068 ($_DFFE_PP_) from module vc_router (D = \in_data [94], Q = \g_in_port[2].g_in_vc[0].u_fifo.mem [94]).
Adding EN signal on $auto$ff.cc:337:slice$2070 ($_DFFE_PP_) from module vc_router (D = \in_data [96], Q = \g_in_port[2].g_in_vc[0].u_fifo.mem [96]).
Adding EN signal on $auto$ff.cc:337:slice$2071 ($_DFFE_PP_) from module vc_router (D = \in_data [97], Q = \g_in_port[2].g_in_vc[0].u_fifo.mem [97]).
Adding EN signal on $auto$ff.cc:337:slice$2072 ($_DFFE_PP_) from module vc_router (D = \in_data [98], Q = \g_in_port[2].g_in_vc[0].u_fifo.mem [98]).
Adding EN signal on $auto$ff.cc:337:slice$2074 ($_DFFE_PP_) from module vc_router (D = \in_data [100], Q = \g_in_port[2].g_in_vc[0].u_fifo.mem [100]).
Adding EN signal on $auto$ff.cc:337:slice$2076 ($_DFFE_PP_) from module vc_router (D = \in_data [68], Q = \g_in_port[2].g_in_vc[0].u_fifo.mem [34]).
Adding EN signal on $auto$ff.cc:337:slice$2077 ($_DFFE_PP_) from module vc_router (D = \in_data [69], Q = \g_in_port[2].g_in_vc[0].u_fifo.mem [35]).
Adding EN signal on $auto$ff.cc:337:slice$2078 ($_DFFE_PP_) from module vc_router (D = \in_data [70], Q = \g_in_port[2].g_in_vc[0].u_fifo.mem [36]).
Adding EN signal on $auto$ff.cc:337:slice$2079 ($_DFFE_PP_) from module vc_router (D = \in_data [71], Q = \g_in_port[2].g_in_vc[0].u_fifo.mem [37]).
Adding EN signal on $auto$ff.cc:337:slice$2080 ($_DFFE_PP_) from module vc_router (D = \in_data [72], Q = \g_in_port[2].g_in_vc[0].u_fifo.mem [38]).
Adding EN signal on $auto$ff.cc:337:slice$2081 ($_DFFE_PP_) from module vc_router (D = \in_data [73], Q = \g_in_port[2].g_in_vc[0].u_fifo.mem [39]).
Adding EN signal on $auto$ff.cc:337:slice$2082 ($_DFFE_PP_) from module vc_router (D = \in_data [74], Q = \g_in_port[2].g_in_vc[0].u_fifo.mem [40]).
Adding EN signal on $auto$ff.cc:337:slice$2083 ($_DFFE_PP_) from module vc_router (D = \in_data [75], Q = \g_in_port[2].g_in_vc[0].u_fifo.mem [41]).
Adding EN signal on $auto$ff.cc:337:slice$2084 ($_DFFE_PP_) from module vc_router (D = \in_data [76], Q = \g_in_port[2].g_in_vc[0].u_fifo.mem [42]).
Adding EN signal on $auto$ff.cc:337:slice$2085 ($_DFFE_PP_) from module vc_router (D = \in_data [77], Q = \g_in_port[2].g_in_vc[0].u_fifo.mem [43]).
Adding EN signal on $auto$ff.cc:337:slice$2086 ($_DFFE_PP_) from module vc_router (D = \in_data [78], Q = \g_in_port[2].g_in_vc[0].u_fifo.mem [44]).
Adding EN signal on $auto$ff.cc:337:slice$2087 ($_DFFE_PP_) from module vc_router (D = \in_data [79], Q = \g_in_port[2].g_in_vc[0].u_fifo.mem [45]).
Adding EN signal on $auto$ff.cc:337:slice$2088 ($_DFFE_PP_) from module vc_router (D = \in_data [80], Q = \g_in_port[2].g_in_vc[0].u_fifo.mem [46]).
Adding EN signal on $auto$ff.cc:337:slice$2089 ($_DFFE_PP_) from module vc_router (D = \in_data [81], Q = \g_in_port[2].g_in_vc[0].u_fifo.mem [47]).
Adding EN signal on $auto$ff.cc:337:slice$2090 ($_DFFE_PP_) from module vc_router (D = \in_data [82], Q = \g_in_port[2].g_in_vc[0].u_fifo.mem [48]).
Adding EN signal on $auto$ff.cc:337:slice$2092 ($_DFFE_PP_) from module vc_router (D = \in_data [84], Q = \g_in_port[2].g_in_vc[0].u_fifo.mem [50]).
Adding EN signal on $auto$ff.cc:337:slice$2093 ($_DFFE_PP_) from module vc_router (D = \in_data [85], Q = \g_in_port[2].g_in_vc[0].u_fifo.mem [51]).
Adding EN signal on $auto$ff.cc:337:slice$2094 ($_DFFE_PP_) from module vc_router (D = \in_data [86], Q = \g_in_port[2].g_in_vc[0].u_fifo.mem [52]).
Adding EN signal on $auto$ff.cc:337:slice$2096 ($_DFFE_PP_) from module vc_router (D = \in_data [88], Q = \g_in_port[2].g_in_vc[0].u_fifo.mem [54]).
Adding EN signal on $auto$ff.cc:337:slice$2097 ($_DFFE_PP_) from module vc_router (D = \in_data [89], Q = \g_in_port[2].g_in_vc[0].u_fifo.mem [55]).
Adding EN signal on $auto$ff.cc:337:slice$2098 ($_DFFE_PP_) from module vc_router (D = \in_data [90], Q = \g_in_port[2].g_in_vc[0].u_fifo.mem [56]).
Adding EN signal on $auto$ff.cc:337:slice$2100 ($_DFFE_PP_) from module vc_router (D = \in_data [92], Q = \g_in_port[2].g_in_vc[0].u_fifo.mem [58]).
Adding EN signal on $auto$ff.cc:337:slice$2101 ($_DFFE_PP_) from module vc_router (D = \in_data [93], Q = \g_in_port[2].g_in_vc[0].u_fifo.mem [59]).
Adding EN signal on $auto$ff.cc:337:slice$2102 ($_DFFE_PP_) from module vc_router (D = \in_data [94], Q = \g_in_port[2].g_in_vc[0].u_fifo.mem [60]).
Adding EN signal on $auto$ff.cc:337:slice$2104 ($_DFFE_PP_) from module vc_router (D = \in_data [96], Q = \g_in_port[2].g_in_vc[0].u_fifo.mem [62]).
Adding EN signal on $auto$ff.cc:337:slice$2105 ($_DFFE_PP_) from module vc_router (D = \in_data [97], Q = \g_in_port[2].g_in_vc[0].u_fifo.mem [63]).
Adding EN signal on $auto$ff.cc:337:slice$2106 ($_DFFE_PP_) from module vc_router (D = \in_data [98], Q = \g_in_port[2].g_in_vc[0].u_fifo.mem [64]).
Adding EN signal on $auto$ff.cc:337:slice$2108 ($_DFFE_PP_) from module vc_router (D = \in_data [100], Q = \g_in_port[2].g_in_vc[0].u_fifo.mem [66]).
Adding EN signal on $auto$ff.cc:337:slice$2110 ($_DFFE_PP_) from module vc_router (D = \in_data [68], Q = \g_in_port[2].g_in_vc[0].u_fifo.mem [0]).
Adding EN signal on $auto$ff.cc:337:slice$2111 ($_DFFE_PP_) from module vc_router (D = \in_data [69], Q = \g_in_port[2].g_in_vc[0].u_fifo.mem [1]).
Adding EN signal on $auto$ff.cc:337:slice$2112 ($_DFFE_PP_) from module vc_router (D = \in_data [70], Q = \g_in_port[2].g_in_vc[0].u_fifo.mem [2]).
Adding EN signal on $auto$ff.cc:337:slice$2113 ($_DFFE_PP_) from module vc_router (D = \in_data [71], Q = \g_in_port[2].g_in_vc[0].u_fifo.mem [3]).
Adding EN signal on $auto$ff.cc:337:slice$2114 ($_DFFE_PP_) from module vc_router (D = \in_data [72], Q = \g_in_port[2].g_in_vc[0].u_fifo.mem [4]).
Adding EN signal on $auto$ff.cc:337:slice$2115 ($_DFFE_PP_) from module vc_router (D = \in_data [73], Q = \g_in_port[2].g_in_vc[0].u_fifo.mem [5]).
Adding EN signal on $auto$ff.cc:337:slice$2116 ($_DFFE_PP_) from module vc_router (D = \in_data [74], Q = \g_in_port[2].g_in_vc[0].u_fifo.mem [6]).
Adding EN signal on $auto$ff.cc:337:slice$2117 ($_DFFE_PP_) from module vc_router (D = \in_data [75], Q = \g_in_port[2].g_in_vc[0].u_fifo.mem [7]).
Adding EN signal on $auto$ff.cc:337:slice$2118 ($_DFFE_PP_) from module vc_router (D = \in_data [76], Q = \g_in_port[2].g_in_vc[0].u_fifo.mem [8]).
Adding EN signal on $auto$ff.cc:337:slice$2119 ($_DFFE_PP_) from module vc_router (D = \in_data [77], Q = \g_in_port[2].g_in_vc[0].u_fifo.mem [9]).
Adding EN signal on $auto$ff.cc:337:slice$2120 ($_DFFE_PP_) from module vc_router (D = \in_data [78], Q = \g_in_port[2].g_in_vc[0].u_fifo.mem [10]).
Adding EN signal on $auto$ff.cc:337:slice$2121 ($_DFFE_PP_) from module vc_router (D = \in_data [79], Q = \g_in_port[2].g_in_vc[0].u_fifo.mem [11]).
Adding EN signal on $auto$ff.cc:337:slice$2122 ($_DFFE_PP_) from module vc_router (D = \in_data [80], Q = \g_in_port[2].g_in_vc[0].u_fifo.mem [12]).
Adding EN signal on $auto$ff.cc:337:slice$2123 ($_DFFE_PP_) from module vc_router (D = \in_data [81], Q = \g_in_port[2].g_in_vc[0].u_fifo.mem [13]).
Adding EN signal on $auto$ff.cc:337:slice$2124 ($_DFFE_PP_) from module vc_router (D = \in_data [82], Q = \g_in_port[2].g_in_vc[0].u_fifo.mem [14]).
Adding EN signal on $auto$ff.cc:337:slice$2126 ($_DFFE_PP_) from module vc_router (D = \in_data [84], Q = \g_in_port[2].g_in_vc[0].u_fifo.mem [16]).
Adding EN signal on $auto$ff.cc:337:slice$2127 ($_DFFE_PP_) from module vc_router (D = \in_data [85], Q = \g_in_port[2].g_in_vc[0].u_fifo.mem [17]).
Adding EN signal on $auto$ff.cc:337:slice$2128 ($_DFFE_PP_) from module vc_router (D = \in_data [86], Q = \g_in_port[2].g_in_vc[0].u_fifo.mem [18]).
Adding EN signal on $auto$ff.cc:337:slice$2130 ($_DFFE_PP_) from module vc_router (D = \in_data [88], Q = \g_in_port[2].g_in_vc[0].u_fifo.mem [20]).
Adding EN signal on $auto$ff.cc:337:slice$2131 ($_DFFE_PP_) from module vc_router (D = \in_data [89], Q = \g_in_port[2].g_in_vc[0].u_fifo.mem [21]).
Adding EN signal on $auto$ff.cc:337:slice$2132 ($_DFFE_PP_) from module vc_router (D = \in_data [90], Q = \g_in_port[2].g_in_vc[0].u_fifo.mem [22]).
Adding EN signal on $auto$ff.cc:337:slice$2134 ($_DFFE_PP_) from module vc_router (D = \in_data [92], Q = \g_in_port[2].g_in_vc[0].u_fifo.mem [24]).
Adding EN signal on $auto$ff.cc:337:slice$2135 ($_DFFE_PP_) from module vc_router (D = \in_data [93], Q = \g_in_port[2].g_in_vc[0].u_fifo.mem [25]).
Adding EN signal on $auto$ff.cc:337:slice$2136 ($_DFFE_PP_) from module vc_router (D = \in_data [94], Q = \g_in_port[2].g_in_vc[0].u_fifo.mem [26]).
Adding EN signal on $auto$ff.cc:337:slice$2138 ($_DFFE_PP_) from module vc_router (D = \in_data [96], Q = \g_in_port[2].g_in_vc[0].u_fifo.mem [28]).
Adding EN signal on $auto$ff.cc:337:slice$2139 ($_DFFE_PP_) from module vc_router (D = \in_data [97], Q = \g_in_port[2].g_in_vc[0].u_fifo.mem [29]).
Adding EN signal on $auto$ff.cc:337:slice$2140 ($_DFFE_PP_) from module vc_router (D = \in_data [98], Q = \g_in_port[2].g_in_vc[0].u_fifo.mem [30]).
Adding EN signal on $auto$ff.cc:337:slice$2142 ($_DFFE_PP_) from module vc_router (D = \in_data [100], Q = \g_in_port[2].g_in_vc[0].u_fifo.mem [32]).
Adding EN signal on $auto$ff.cc:337:slice$2153 ($_DFFE_PP_) from module vc_router (D = \in_data [34], Q = \g_in_port[1].g_in_vc[0].u_fifo.mem [102]).
Adding EN signal on $auto$ff.cc:337:slice$2154 ($_DFFE_PP_) from module vc_router (D = \in_data [35], Q = \g_in_port[1].g_in_vc[0].u_fifo.mem [103]).
Adding EN signal on $auto$ff.cc:337:slice$2155 ($_DFFE_PP_) from module vc_router (D = \in_data [36], Q = \g_in_port[1].g_in_vc[0].u_fifo.mem [104]).
Adding EN signal on $auto$ff.cc:337:slice$2156 ($_DFFE_PP_) from module vc_router (D = \in_data [37], Q = \g_in_port[1].g_in_vc[0].u_fifo.mem [105]).
Adding EN signal on $auto$ff.cc:337:slice$2157 ($_DFFE_PP_) from module vc_router (D = \in_data [38], Q = \g_in_port[1].g_in_vc[0].u_fifo.mem [106]).
Adding EN signal on $auto$ff.cc:337:slice$2158 ($_DFFE_PP_) from module vc_router (D = \in_data [39], Q = \g_in_port[1].g_in_vc[0].u_fifo.mem [107]).
Adding EN signal on $auto$ff.cc:337:slice$2159 ($_DFFE_PP_) from module vc_router (D = \in_data [40], Q = \g_in_port[1].g_in_vc[0].u_fifo.mem [108]).
Adding EN signal on $auto$ff.cc:337:slice$2160 ($_DFFE_PP_) from module vc_router (D = \in_data [41], Q = \g_in_port[1].g_in_vc[0].u_fifo.mem [109]).
Adding EN signal on $auto$ff.cc:337:slice$2161 ($_DFFE_PP_) from module vc_router (D = \in_data [42], Q = \g_in_port[1].g_in_vc[0].u_fifo.mem [110]).
Adding EN signal on $auto$ff.cc:337:slice$2162 ($_DFFE_PP_) from module vc_router (D = \in_data [43], Q = \g_in_port[1].g_in_vc[0].u_fifo.mem [111]).
Adding EN signal on $auto$ff.cc:337:slice$2163 ($_DFFE_PP_) from module vc_router (D = \in_data [44], Q = \g_in_port[1].g_in_vc[0].u_fifo.mem [112]).
Adding EN signal on $auto$ff.cc:337:slice$2164 ($_DFFE_PP_) from module vc_router (D = \in_data [45], Q = \g_in_port[1].g_in_vc[0].u_fifo.mem [113]).
Adding EN signal on $auto$ff.cc:337:slice$2165 ($_DFFE_PP_) from module vc_router (D = \in_data [46], Q = \g_in_port[1].g_in_vc[0].u_fifo.mem [114]).
Adding EN signal on $auto$ff.cc:337:slice$2166 ($_DFFE_PP_) from module vc_router (D = \in_data [47], Q = \g_in_port[1].g_in_vc[0].u_fifo.mem [115]).
Adding EN signal on $auto$ff.cc:337:slice$2167 ($_DFFE_PP_) from module vc_router (D = \in_data [48], Q = \g_in_port[1].g_in_vc[0].u_fifo.mem [116]).
Adding EN signal on $auto$ff.cc:337:slice$2169 ($_DFFE_PP_) from module vc_router (D = \in_data [50], Q = \g_in_port[1].g_in_vc[0].u_fifo.mem [118]).
Adding EN signal on $auto$ff.cc:337:slice$2170 ($_DFFE_PP_) from module vc_router (D = \in_data [51], Q = \g_in_port[1].g_in_vc[0].u_fifo.mem [119]).
Adding EN signal on $auto$ff.cc:337:slice$2171 ($_DFFE_PP_) from module vc_router (D = \in_data [52], Q = \g_in_port[1].g_in_vc[0].u_fifo.mem [120]).
Adding EN signal on $auto$ff.cc:337:slice$2173 ($_DFFE_PP_) from module vc_router (D = \in_data [54], Q = \g_in_port[1].g_in_vc[0].u_fifo.mem [122]).
Adding EN signal on $auto$ff.cc:337:slice$2174 ($_DFFE_PP_) from module vc_router (D = \in_data [55], Q = \g_in_port[1].g_in_vc[0].u_fifo.mem [123]).
Adding EN signal on $auto$ff.cc:337:slice$2175 ($_DFFE_PP_) from module vc_router (D = \in_data [56], Q = \g_in_port[1].g_in_vc[0].u_fifo.mem [124]).
Adding EN signal on $auto$ff.cc:337:slice$2177 ($_DFFE_PP_) from module vc_router (D = \in_data [58], Q = \g_in_port[1].g_in_vc[0].u_fifo.mem [126]).
Adding EN signal on $auto$ff.cc:337:slice$2178 ($_DFFE_PP_) from module vc_router (D = \in_data [59], Q = \g_in_port[1].g_in_vc[0].u_fifo.mem [127]).
Adding EN signal on $auto$ff.cc:337:slice$2179 ($_DFFE_PP_) from module vc_router (D = \in_data [60], Q = \g_in_port[1].g_in_vc[0].u_fifo.mem [128]).
Adding EN signal on $auto$ff.cc:337:slice$2181 ($_DFFE_PP_) from module vc_router (D = \in_data [62], Q = \g_in_port[1].g_in_vc[0].u_fifo.mem [130]).
Adding EN signal on $auto$ff.cc:337:slice$2182 ($_DFFE_PP_) from module vc_router (D = \in_data [63], Q = \g_in_port[1].g_in_vc[0].u_fifo.mem [131]).
Adding EN signal on $auto$ff.cc:337:slice$2183 ($_DFFE_PP_) from module vc_router (D = \in_data [64], Q = \g_in_port[1].g_in_vc[0].u_fifo.mem [132]).
Adding EN signal on $auto$ff.cc:337:slice$2185 ($_DFFE_PP_) from module vc_router (D = \in_data [66], Q = \g_in_port[1].g_in_vc[0].u_fifo.mem [134]).
Adding EN signal on $auto$ff.cc:337:slice$2187 ($_DFFE_PP_) from module vc_router (D = \in_data [34], Q = \g_in_port[1].g_in_vc[0].u_fifo.mem [68]).
Adding EN signal on $auto$ff.cc:337:slice$2188 ($_DFFE_PP_) from module vc_router (D = \in_data [35], Q = \g_in_port[1].g_in_vc[0].u_fifo.mem [69]).
Adding EN signal on $auto$ff.cc:337:slice$2189 ($_DFFE_PP_) from module vc_router (D = \in_data [36], Q = \g_in_port[1].g_in_vc[0].u_fifo.mem [70]).
Adding EN signal on $auto$ff.cc:337:slice$2190 ($_DFFE_PP_) from module vc_router (D = \in_data [37], Q = \g_in_port[1].g_in_vc[0].u_fifo.mem [71]).
Adding EN signal on $auto$ff.cc:337:slice$2191 ($_DFFE_PP_) from module vc_router (D = \in_data [38], Q = \g_in_port[1].g_in_vc[0].u_fifo.mem [72]).
Adding EN signal on $auto$ff.cc:337:slice$2192 ($_DFFE_PP_) from module vc_router (D = \in_data [39], Q = \g_in_port[1].g_in_vc[0].u_fifo.mem [73]).
Adding EN signal on $auto$ff.cc:337:slice$2193 ($_DFFE_PP_) from module vc_router (D = \in_data [40], Q = \g_in_port[1].g_in_vc[0].u_fifo.mem [74]).
Adding EN signal on $auto$ff.cc:337:slice$2194 ($_DFFE_PP_) from module vc_router (D = \in_data [41], Q = \g_in_port[1].g_in_vc[0].u_fifo.mem [75]).
Adding EN signal on $auto$ff.cc:337:slice$2195 ($_DFFE_PP_) from module vc_router (D = \in_data [42], Q = \g_in_port[1].g_in_vc[0].u_fifo.mem [76]).
Adding EN signal on $auto$ff.cc:337:slice$2196 ($_DFFE_PP_) from module vc_router (D = \in_data [43], Q = \g_in_port[1].g_in_vc[0].u_fifo.mem [77]).
Adding EN signal on $auto$ff.cc:337:slice$2197 ($_DFFE_PP_) from module vc_router (D = \in_data [44], Q = \g_in_port[1].g_in_vc[0].u_fifo.mem [78]).
Adding EN signal on $auto$ff.cc:337:slice$2198 ($_DFFE_PP_) from module vc_router (D = \in_data [45], Q = \g_in_port[1].g_in_vc[0].u_fifo.mem [79]).
Adding EN signal on $auto$ff.cc:337:slice$2199 ($_DFFE_PP_) from module vc_router (D = \in_data [46], Q = \g_in_port[1].g_in_vc[0].u_fifo.mem [80]).
Adding EN signal on $auto$ff.cc:337:slice$2200 ($_DFFE_PP_) from module vc_router (D = \in_data [47], Q = \g_in_port[1].g_in_vc[0].u_fifo.mem [81]).
Adding EN signal on $auto$ff.cc:337:slice$2201 ($_DFFE_PP_) from module vc_router (D = \in_data [48], Q = \g_in_port[1].g_in_vc[0].u_fifo.mem [82]).
Adding EN signal on $auto$ff.cc:337:slice$2203 ($_DFFE_PP_) from module vc_router (D = \in_data [50], Q = \g_in_port[1].g_in_vc[0].u_fifo.mem [84]).
Adding EN signal on $auto$ff.cc:337:slice$2204 ($_DFFE_PP_) from module vc_router (D = \in_data [51], Q = \g_in_port[1].g_in_vc[0].u_fifo.mem [85]).
Adding EN signal on $auto$ff.cc:337:slice$2205 ($_DFFE_PP_) from module vc_router (D = \in_data [52], Q = \g_in_port[1].g_in_vc[0].u_fifo.mem [86]).
Adding EN signal on $auto$ff.cc:337:slice$2207 ($_DFFE_PP_) from module vc_router (D = \in_data [54], Q = \g_in_port[1].g_in_vc[0].u_fifo.mem [88]).
Adding EN signal on $auto$ff.cc:337:slice$2208 ($_DFFE_PP_) from module vc_router (D = \in_data [55], Q = \g_in_port[1].g_in_vc[0].u_fifo.mem [89]).
Adding EN signal on $auto$ff.cc:337:slice$2209 ($_DFFE_PP_) from module vc_router (D = \in_data [56], Q = \g_in_port[1].g_in_vc[0].u_fifo.mem [90]).
Adding EN signal on $auto$ff.cc:337:slice$2211 ($_DFFE_PP_) from module vc_router (D = \in_data [58], Q = \g_in_port[1].g_in_vc[0].u_fifo.mem [92]).
Adding EN signal on $auto$ff.cc:337:slice$2212 ($_DFFE_PP_) from module vc_router (D = \in_data [59], Q = \g_in_port[1].g_in_vc[0].u_fifo.mem [93]).
Adding EN signal on $auto$ff.cc:337:slice$2213 ($_DFFE_PP_) from module vc_router (D = \in_data [60], Q = \g_in_port[1].g_in_vc[0].u_fifo.mem [94]).
Adding EN signal on $auto$ff.cc:337:slice$2215 ($_DFFE_PP_) from module vc_router (D = \in_data [62], Q = \g_in_port[1].g_in_vc[0].u_fifo.mem [96]).
Adding EN signal on $auto$ff.cc:337:slice$2216 ($_DFFE_PP_) from module vc_router (D = \in_data [63], Q = \g_in_port[1].g_in_vc[0].u_fifo.mem [97]).
Adding EN signal on $auto$ff.cc:337:slice$2217 ($_DFFE_PP_) from module vc_router (D = \in_data [64], Q = \g_in_port[1].g_in_vc[0].u_fifo.mem [98]).
Adding EN signal on $auto$ff.cc:337:slice$2219 ($_DFFE_PP_) from module vc_router (D = \in_data [66], Q = \g_in_port[1].g_in_vc[0].u_fifo.mem [100]).
Adding EN signal on $auto$ff.cc:337:slice$2221 ($_DFFE_PP_) from module vc_router (D = \in_data [34], Q = \g_in_port[1].g_in_vc[0].u_fifo.mem [34]).
Adding EN signal on $auto$ff.cc:337:slice$2222 ($_DFFE_PP_) from module vc_router (D = \in_data [35], Q = \g_in_port[1].g_in_vc[0].u_fifo.mem [35]).
Adding EN signal on $auto$ff.cc:337:slice$2223 ($_DFFE_PP_) from module vc_router (D = \in_data [36], Q = \g_in_port[1].g_in_vc[0].u_fifo.mem [36]).
Adding EN signal on $auto$ff.cc:337:slice$2224 ($_DFFE_PP_) from module vc_router (D = \in_data [37], Q = \g_in_port[1].g_in_vc[0].u_fifo.mem [37]).
Adding EN signal on $auto$ff.cc:337:slice$2225 ($_DFFE_PP_) from module vc_router (D = \in_data [38], Q = \g_in_port[1].g_in_vc[0].u_fifo.mem [38]).
Adding EN signal on $auto$ff.cc:337:slice$2226 ($_DFFE_PP_) from module vc_router (D = \in_data [39], Q = \g_in_port[1].g_in_vc[0].u_fifo.mem [39]).
Adding EN signal on $auto$ff.cc:337:slice$2227 ($_DFFE_PP_) from module vc_router (D = \in_data [40], Q = \g_in_port[1].g_in_vc[0].u_fifo.mem [40]).
Adding EN signal on $auto$ff.cc:337:slice$2228 ($_DFFE_PP_) from module vc_router (D = \in_data [41], Q = \g_in_port[1].g_in_vc[0].u_fifo.mem [41]).
Adding EN signal on $auto$ff.cc:337:slice$2229 ($_DFFE_PP_) from module vc_router (D = \in_data [42], Q = \g_in_port[1].g_in_vc[0].u_fifo.mem [42]).
Adding EN signal on $auto$ff.cc:337:slice$2230 ($_DFFE_PP_) from module vc_router (D = \in_data [43], Q = \g_in_port[1].g_in_vc[0].u_fifo.mem [43]).
Adding EN signal on $auto$ff.cc:337:slice$2231 ($_DFFE_PP_) from module vc_router (D = \in_data [44], Q = \g_in_port[1].g_in_vc[0].u_fifo.mem [44]).
Adding EN signal on $auto$ff.cc:337:slice$2232 ($_DFFE_PP_) from module vc_router (D = \in_data [45], Q = \g_in_port[1].g_in_vc[0].u_fifo.mem [45]).
Adding EN signal on $auto$ff.cc:337:slice$2233 ($_DFFE_PP_) from module vc_router (D = \in_data [46], Q = \g_in_port[1].g_in_vc[0].u_fifo.mem [46]).
Adding EN signal on $auto$ff.cc:337:slice$2234 ($_DFFE_PP_) from module vc_router (D = \in_data [47], Q = \g_in_port[1].g_in_vc[0].u_fifo.mem [47]).
Adding EN signal on $auto$ff.cc:337:slice$2235 ($_DFFE_PP_) from module vc_router (D = \in_data [48], Q = \g_in_port[1].g_in_vc[0].u_fifo.mem [48]).
Adding EN signal on $auto$ff.cc:337:slice$2237 ($_DFFE_PP_) from module vc_router (D = \in_data [50], Q = \g_in_port[1].g_in_vc[0].u_fifo.mem [50]).
Adding EN signal on $auto$ff.cc:337:slice$2238 ($_DFFE_PP_) from module vc_router (D = \in_data [51], Q = \g_in_port[1].g_in_vc[0].u_fifo.mem [51]).
Adding EN signal on $auto$ff.cc:337:slice$2239 ($_DFFE_PP_) from module vc_router (D = \in_data [52], Q = \g_in_port[1].g_in_vc[0].u_fifo.mem [52]).
Adding EN signal on $auto$ff.cc:337:slice$2241 ($_DFFE_PP_) from module vc_router (D = \in_data [54], Q = \g_in_port[1].g_in_vc[0].u_fifo.mem [54]).
Adding EN signal on $auto$ff.cc:337:slice$2242 ($_DFFE_PP_) from module vc_router (D = \in_data [55], Q = \g_in_port[1].g_in_vc[0].u_fifo.mem [55]).
Adding EN signal on $auto$ff.cc:337:slice$2243 ($_DFFE_PP_) from module vc_router (D = \in_data [56], Q = \g_in_port[1].g_in_vc[0].u_fifo.mem [56]).
Adding EN signal on $auto$ff.cc:337:slice$2245 ($_DFFE_PP_) from module vc_router (D = \in_data [58], Q = \g_in_port[1].g_in_vc[0].u_fifo.mem [58]).
Adding EN signal on $auto$ff.cc:337:slice$2246 ($_DFFE_PP_) from module vc_router (D = \in_data [59], Q = \g_in_port[1].g_in_vc[0].u_fifo.mem [59]).
Adding EN signal on $auto$ff.cc:337:slice$2247 ($_DFFE_PP_) from module vc_router (D = \in_data [60], Q = \g_in_port[1].g_in_vc[0].u_fifo.mem [60]).
Adding EN signal on $auto$ff.cc:337:slice$2249 ($_DFFE_PP_) from module vc_router (D = \in_data [62], Q = \g_in_port[1].g_in_vc[0].u_fifo.mem [62]).
Adding EN signal on $auto$ff.cc:337:slice$2250 ($_DFFE_PP_) from module vc_router (D = \in_data [63], Q = \g_in_port[1].g_in_vc[0].u_fifo.mem [63]).
Adding EN signal on $auto$ff.cc:337:slice$2251 ($_DFFE_PP_) from module vc_router (D = \in_data [64], Q = \g_in_port[1].g_in_vc[0].u_fifo.mem [64]).
Adding EN signal on $auto$ff.cc:337:slice$2253 ($_DFFE_PP_) from module vc_router (D = \in_data [66], Q = \g_in_port[1].g_in_vc[0].u_fifo.mem [66]).
Adding EN signal on $auto$ff.cc:337:slice$2255 ($_DFFE_PP_) from module vc_router (D = \in_data [34], Q = \g_in_port[1].g_in_vc[0].u_fifo.mem [0]).
Adding EN signal on $auto$ff.cc:337:slice$2256 ($_DFFE_PP_) from module vc_router (D = \in_data [35], Q = \g_in_port[1].g_in_vc[0].u_fifo.mem [1]).
Adding EN signal on $auto$ff.cc:337:slice$2257 ($_DFFE_PP_) from module vc_router (D = \in_data [36], Q = \g_in_port[1].g_in_vc[0].u_fifo.mem [2]).
Adding EN signal on $auto$ff.cc:337:slice$2258 ($_DFFE_PP_) from module vc_router (D = \in_data [37], Q = \g_in_port[1].g_in_vc[0].u_fifo.mem [3]).
Adding EN signal on $auto$ff.cc:337:slice$2259 ($_DFFE_PP_) from module vc_router (D = \in_data [38], Q = \g_in_port[1].g_in_vc[0].u_fifo.mem [4]).
Adding EN signal on $auto$ff.cc:337:slice$2260 ($_DFFE_PP_) from module vc_router (D = \in_data [39], Q = \g_in_port[1].g_in_vc[0].u_fifo.mem [5]).
Adding EN signal on $auto$ff.cc:337:slice$2261 ($_DFFE_PP_) from module vc_router (D = \in_data [40], Q = \g_in_port[1].g_in_vc[0].u_fifo.mem [6]).
Adding EN signal on $auto$ff.cc:337:slice$2262 ($_DFFE_PP_) from module vc_router (D = \in_data [41], Q = \g_in_port[1].g_in_vc[0].u_fifo.mem [7]).
Adding EN signal on $auto$ff.cc:337:slice$2263 ($_DFFE_PP_) from module vc_router (D = \in_data [42], Q = \g_in_port[1].g_in_vc[0].u_fifo.mem [8]).
Adding EN signal on $auto$ff.cc:337:slice$2264 ($_DFFE_PP_) from module vc_router (D = \in_data [43], Q = \g_in_port[1].g_in_vc[0].u_fifo.mem [9]).
Adding EN signal on $auto$ff.cc:337:slice$2265 ($_DFFE_PP_) from module vc_router (D = \in_data [44], Q = \g_in_port[1].g_in_vc[0].u_fifo.mem [10]).
Adding EN signal on $auto$ff.cc:337:slice$2266 ($_DFFE_PP_) from module vc_router (D = \in_data [45], Q = \g_in_port[1].g_in_vc[0].u_fifo.mem [11]).
Adding EN signal on $auto$ff.cc:337:slice$2267 ($_DFFE_PP_) from module vc_router (D = \in_data [46], Q = \g_in_port[1].g_in_vc[0].u_fifo.mem [12]).
Adding EN signal on $auto$ff.cc:337:slice$2268 ($_DFFE_PP_) from module vc_router (D = \in_data [47], Q = \g_in_port[1].g_in_vc[0].u_fifo.mem [13]).
Adding EN signal on $auto$ff.cc:337:slice$2269 ($_DFFE_PP_) from module vc_router (D = \in_data [48], Q = \g_in_port[1].g_in_vc[0].u_fifo.mem [14]).
Adding EN signal on $auto$ff.cc:337:slice$2271 ($_DFFE_PP_) from module vc_router (D = \in_data [50], Q = \g_in_port[1].g_in_vc[0].u_fifo.mem [16]).
Adding EN signal on $auto$ff.cc:337:slice$2272 ($_DFFE_PP_) from module vc_router (D = \in_data [51], Q = \g_in_port[1].g_in_vc[0].u_fifo.mem [17]).
Adding EN signal on $auto$ff.cc:337:slice$2273 ($_DFFE_PP_) from module vc_router (D = \in_data [52], Q = \g_in_port[1].g_in_vc[0].u_fifo.mem [18]).
Adding EN signal on $auto$ff.cc:337:slice$2275 ($_DFFE_PP_) from module vc_router (D = \in_data [54], Q = \g_in_port[1].g_in_vc[0].u_fifo.mem [20]).
Adding EN signal on $auto$ff.cc:337:slice$2276 ($_DFFE_PP_) from module vc_router (D = \in_data [55], Q = \g_in_port[1].g_in_vc[0].u_fifo.mem [21]).
Adding EN signal on $auto$ff.cc:337:slice$2277 ($_DFFE_PP_) from module vc_router (D = \in_data [56], Q = \g_in_port[1].g_in_vc[0].u_fifo.mem [22]).
Adding EN signal on $auto$ff.cc:337:slice$2279 ($_DFFE_PP_) from module vc_router (D = \in_data [58], Q = \g_in_port[1].g_in_vc[0].u_fifo.mem [24]).
Adding EN signal on $auto$ff.cc:337:slice$2280 ($_DFFE_PP_) from module vc_router (D = \in_data [59], Q = \g_in_port[1].g_in_vc[0].u_fifo.mem [25]).
Adding EN signal on $auto$ff.cc:337:slice$2281 ($_DFFE_PP_) from module vc_router (D = \in_data [60], Q = \g_in_port[1].g_in_vc[0].u_fifo.mem [26]).
Adding EN signal on $auto$ff.cc:337:slice$2283 ($_DFFE_PP_) from module vc_router (D = \in_data [62], Q = \g_in_port[1].g_in_vc[0].u_fifo.mem [28]).
Adding EN signal on $auto$ff.cc:337:slice$2284 ($_DFFE_PP_) from module vc_router (D = \in_data [63], Q = \g_in_port[1].g_in_vc[0].u_fifo.mem [29]).
Adding EN signal on $auto$ff.cc:337:slice$2285 ($_DFFE_PP_) from module vc_router (D = \in_data [64], Q = \g_in_port[1].g_in_vc[0].u_fifo.mem [30]).
Adding EN signal on $auto$ff.cc:337:slice$2287 ($_DFFE_PP_) from module vc_router (D = \in_data [66], Q = \g_in_port[1].g_in_vc[0].u_fifo.mem [32]).
Adding EN signal on $auto$ff.cc:337:slice$2300 ($_DFFE_PP_) from module vc_router (D = \in_data [0], Q = \g_in_port[0].g_in_vc[0].u_fifo.mem [102]).
Adding EN signal on $auto$ff.cc:337:slice$2301 ($_DFFE_PP_) from module vc_router (D = \in_data [1], Q = \g_in_port[0].g_in_vc[0].u_fifo.mem [103]).
Adding EN signal on $auto$ff.cc:337:slice$2302 ($_DFFE_PP_) from module vc_router (D = \in_data [2], Q = \g_in_port[0].g_in_vc[0].u_fifo.mem [104]).
Adding EN signal on $auto$ff.cc:337:slice$2303 ($_DFFE_PP_) from module vc_router (D = \in_data [3], Q = \g_in_port[0].g_in_vc[0].u_fifo.mem [105]).
Adding EN signal on $auto$ff.cc:337:slice$2304 ($_DFFE_PP_) from module vc_router (D = \in_data [4], Q = \g_in_port[0].g_in_vc[0].u_fifo.mem [106]).
Adding EN signal on $auto$ff.cc:337:slice$2305 ($_DFFE_PP_) from module vc_router (D = \in_data [5], Q = \g_in_port[0].g_in_vc[0].u_fifo.mem [107]).
Adding EN signal on $auto$ff.cc:337:slice$2306 ($_DFFE_PP_) from module vc_router (D = \in_data [6], Q = \g_in_port[0].g_in_vc[0].u_fifo.mem [108]).
Adding EN signal on $auto$ff.cc:337:slice$2307 ($_DFFE_PP_) from module vc_router (D = \in_data [7], Q = \g_in_port[0].g_in_vc[0].u_fifo.mem [109]).
Adding EN signal on $auto$ff.cc:337:slice$2308 ($_DFFE_PP_) from module vc_router (D = \in_data [8], Q = \g_in_port[0].g_in_vc[0].u_fifo.mem [110]).
Adding EN signal on $auto$ff.cc:337:slice$2309 ($_DFFE_PP_) from module vc_router (D = \in_data [9], Q = \g_in_port[0].g_in_vc[0].u_fifo.mem [111]).
Adding EN signal on $auto$ff.cc:337:slice$2310 ($_DFFE_PP_) from module vc_router (D = \in_data [10], Q = \g_in_port[0].g_in_vc[0].u_fifo.mem [112]).
Adding EN signal on $auto$ff.cc:337:slice$2311 ($_DFFE_PP_) from module vc_router (D = \in_data [11], Q = \g_in_port[0].g_in_vc[0].u_fifo.mem [113]).
Adding EN signal on $auto$ff.cc:337:slice$2312 ($_DFFE_PP_) from module vc_router (D = \in_data [12], Q = \g_in_port[0].g_in_vc[0].u_fifo.mem [114]).
Adding EN signal on $auto$ff.cc:337:slice$2313 ($_DFFE_PP_) from module vc_router (D = \in_data [13], Q = \g_in_port[0].g_in_vc[0].u_fifo.mem [115]).
Adding EN signal on $auto$ff.cc:337:slice$2314 ($_DFFE_PP_) from module vc_router (D = \in_data [14], Q = \g_in_port[0].g_in_vc[0].u_fifo.mem [116]).
Adding EN signal on $auto$ff.cc:337:slice$2316 ($_DFFE_PP_) from module vc_router (D = \in_data [16], Q = \g_in_port[0].g_in_vc[0].u_fifo.mem [118]).
Adding EN signal on $auto$ff.cc:337:slice$2317 ($_DFFE_PP_) from module vc_router (D = \in_data [17], Q = \g_in_port[0].g_in_vc[0].u_fifo.mem [119]).
Adding EN signal on $auto$ff.cc:337:slice$2318 ($_DFFE_PP_) from module vc_router (D = \in_data [18], Q = \g_in_port[0].g_in_vc[0].u_fifo.mem [120]).
Adding EN signal on $auto$ff.cc:337:slice$2320 ($_DFFE_PP_) from module vc_router (D = \in_data [20], Q = \g_in_port[0].g_in_vc[0].u_fifo.mem [122]).
Adding EN signal on $auto$ff.cc:337:slice$2321 ($_DFFE_PP_) from module vc_router (D = \in_data [21], Q = \g_in_port[0].g_in_vc[0].u_fifo.mem [123]).
Adding EN signal on $auto$ff.cc:337:slice$2322 ($_DFFE_PP_) from module vc_router (D = \in_data [22], Q = \g_in_port[0].g_in_vc[0].u_fifo.mem [124]).
Adding EN signal on $auto$ff.cc:337:slice$2324 ($_DFFE_PP_) from module vc_router (D = \in_data [24], Q = \g_in_port[0].g_in_vc[0].u_fifo.mem [126]).
Adding EN signal on $auto$ff.cc:337:slice$2325 ($_DFFE_PP_) from module vc_router (D = \in_data [25], Q = \g_in_port[0].g_in_vc[0].u_fifo.mem [127]).
Adding EN signal on $auto$ff.cc:337:slice$2326 ($_DFFE_PP_) from module vc_router (D = \in_data [26], Q = \g_in_port[0].g_in_vc[0].u_fifo.mem [128]).
Adding EN signal on $auto$ff.cc:337:slice$2328 ($_DFFE_PP_) from module vc_router (D = \in_data [28], Q = \g_in_port[0].g_in_vc[0].u_fifo.mem [130]).
Adding EN signal on $auto$ff.cc:337:slice$2329 ($_DFFE_PP_) from module vc_router (D = \in_data [29], Q = \g_in_port[0].g_in_vc[0].u_fifo.mem [131]).
Adding EN signal on $auto$ff.cc:337:slice$2330 ($_DFFE_PP_) from module vc_router (D = \in_data [30], Q = \g_in_port[0].g_in_vc[0].u_fifo.mem [132]).
Adding EN signal on $auto$ff.cc:337:slice$2332 ($_DFFE_PP_) from module vc_router (D = \in_data [32], Q = \g_in_port[0].g_in_vc[0].u_fifo.mem [134]).
Adding EN signal on $auto$ff.cc:337:slice$2334 ($_DFFE_PP_) from module vc_router (D = \in_data [0], Q = \g_in_port[0].g_in_vc[0].u_fifo.mem [68]).
Adding EN signal on $auto$ff.cc:337:slice$2335 ($_DFFE_PP_) from module vc_router (D = \in_data [1], Q = \g_in_port[0].g_in_vc[0].u_fifo.mem [69]).
Adding EN signal on $auto$ff.cc:337:slice$2336 ($_DFFE_PP_) from module vc_router (D = \in_data [2], Q = \g_in_port[0].g_in_vc[0].u_fifo.mem [70]).
Adding EN signal on $auto$ff.cc:337:slice$2337 ($_DFFE_PP_) from module vc_router (D = \in_data [3], Q = \g_in_port[0].g_in_vc[0].u_fifo.mem [71]).
Adding EN signal on $auto$ff.cc:337:slice$2338 ($_DFFE_PP_) from module vc_router (D = \in_data [4], Q = \g_in_port[0].g_in_vc[0].u_fifo.mem [72]).
Adding EN signal on $auto$ff.cc:337:slice$2339 ($_DFFE_PP_) from module vc_router (D = \in_data [5], Q = \g_in_port[0].g_in_vc[0].u_fifo.mem [73]).
Adding EN signal on $auto$ff.cc:337:slice$2340 ($_DFFE_PP_) from module vc_router (D = \in_data [6], Q = \g_in_port[0].g_in_vc[0].u_fifo.mem [74]).
Adding EN signal on $auto$ff.cc:337:slice$2341 ($_DFFE_PP_) from module vc_router (D = \in_data [7], Q = \g_in_port[0].g_in_vc[0].u_fifo.mem [75]).
Adding EN signal on $auto$ff.cc:337:slice$2342 ($_DFFE_PP_) from module vc_router (D = \in_data [8], Q = \g_in_port[0].g_in_vc[0].u_fifo.mem [76]).
Adding EN signal on $auto$ff.cc:337:slice$2343 ($_DFFE_PP_) from module vc_router (D = \in_data [9], Q = \g_in_port[0].g_in_vc[0].u_fifo.mem [77]).
Adding EN signal on $auto$ff.cc:337:slice$2344 ($_DFFE_PP_) from module vc_router (D = \in_data [10], Q = \g_in_port[0].g_in_vc[0].u_fifo.mem [78]).
Adding EN signal on $auto$ff.cc:337:slice$2345 ($_DFFE_PP_) from module vc_router (D = \in_data [11], Q = \g_in_port[0].g_in_vc[0].u_fifo.mem [79]).
Adding EN signal on $auto$ff.cc:337:slice$2346 ($_DFFE_PP_) from module vc_router (D = \in_data [12], Q = \g_in_port[0].g_in_vc[0].u_fifo.mem [80]).
Adding EN signal on $auto$ff.cc:337:slice$2347 ($_DFFE_PP_) from module vc_router (D = \in_data [13], Q = \g_in_port[0].g_in_vc[0].u_fifo.mem [81]).
Adding EN signal on $auto$ff.cc:337:slice$2348 ($_DFFE_PP_) from module vc_router (D = \in_data [14], Q = \g_in_port[0].g_in_vc[0].u_fifo.mem [82]).
Adding EN signal on $auto$ff.cc:337:slice$2350 ($_DFFE_PP_) from module vc_router (D = \in_data [16], Q = \g_in_port[0].g_in_vc[0].u_fifo.mem [84]).
Adding EN signal on $auto$ff.cc:337:slice$2351 ($_DFFE_PP_) from module vc_router (D = \in_data [17], Q = \g_in_port[0].g_in_vc[0].u_fifo.mem [85]).
Adding EN signal on $auto$ff.cc:337:slice$2352 ($_DFFE_PP_) from module vc_router (D = \in_data [18], Q = \g_in_port[0].g_in_vc[0].u_fifo.mem [86]).
Adding EN signal on $auto$ff.cc:337:slice$2354 ($_DFFE_PP_) from module vc_router (D = \in_data [20], Q = \g_in_port[0].g_in_vc[0].u_fifo.mem [88]).
Adding EN signal on $auto$ff.cc:337:slice$2355 ($_DFFE_PP_) from module vc_router (D = \in_data [21], Q = \g_in_port[0].g_in_vc[0].u_fifo.mem [89]).
Adding EN signal on $auto$ff.cc:337:slice$2356 ($_DFFE_PP_) from module vc_router (D = \in_data [22], Q = \g_in_port[0].g_in_vc[0].u_fifo.mem [90]).
Adding EN signal on $auto$ff.cc:337:slice$2358 ($_DFFE_PP_) from module vc_router (D = \in_data [24], Q = \g_in_port[0].g_in_vc[0].u_fifo.mem [92]).
Adding EN signal on $auto$ff.cc:337:slice$2359 ($_DFFE_PP_) from module vc_router (D = \in_data [25], Q = \g_in_port[0].g_in_vc[0].u_fifo.mem [93]).
Adding EN signal on $auto$ff.cc:337:slice$2360 ($_DFFE_PP_) from module vc_router (D = \in_data [26], Q = \g_in_port[0].g_in_vc[0].u_fifo.mem [94]).
Adding EN signal on $auto$ff.cc:337:slice$2362 ($_DFFE_PP_) from module vc_router (D = \in_data [28], Q = \g_in_port[0].g_in_vc[0].u_fifo.mem [96]).
Adding EN signal on $auto$ff.cc:337:slice$2363 ($_DFFE_PP_) from module vc_router (D = \in_data [29], Q = \g_in_port[0].g_in_vc[0].u_fifo.mem [97]).
Adding EN signal on $auto$ff.cc:337:slice$2364 ($_DFFE_PP_) from module vc_router (D = \in_data [30], Q = \g_in_port[0].g_in_vc[0].u_fifo.mem [98]).
Adding EN signal on $auto$ff.cc:337:slice$2366 ($_DFFE_PP_) from module vc_router (D = \in_data [32], Q = \g_in_port[0].g_in_vc[0].u_fifo.mem [100]).
Adding EN signal on $auto$ff.cc:337:slice$2368 ($_DFFE_PP_) from module vc_router (D = \in_data [0], Q = \g_in_port[0].g_in_vc[0].u_fifo.mem [34]).
Adding EN signal on $auto$ff.cc:337:slice$2369 ($_DFFE_PP_) from module vc_router (D = \in_data [1], Q = \g_in_port[0].g_in_vc[0].u_fifo.mem [35]).
Adding EN signal on $auto$ff.cc:337:slice$2370 ($_DFFE_PP_) from module vc_router (D = \in_data [2], Q = \g_in_port[0].g_in_vc[0].u_fifo.mem [36]).
Adding EN signal on $auto$ff.cc:337:slice$2371 ($_DFFE_PP_) from module vc_router (D = \in_data [3], Q = \g_in_port[0].g_in_vc[0].u_fifo.mem [37]).
Adding EN signal on $auto$ff.cc:337:slice$2372 ($_DFFE_PP_) from module vc_router (D = \in_data [4], Q = \g_in_port[0].g_in_vc[0].u_fifo.mem [38]).
Adding EN signal on $auto$ff.cc:337:slice$2373 ($_DFFE_PP_) from module vc_router (D = \in_data [5], Q = \g_in_port[0].g_in_vc[0].u_fifo.mem [39]).
Adding EN signal on $auto$ff.cc:337:slice$2374 ($_DFFE_PP_) from module vc_router (D = \in_data [6], Q = \g_in_port[0].g_in_vc[0].u_fifo.mem [40]).
Adding EN signal on $auto$ff.cc:337:slice$2375 ($_DFFE_PP_) from module vc_router (D = \in_data [7], Q = \g_in_port[0].g_in_vc[0].u_fifo.mem [41]).
Adding EN signal on $auto$ff.cc:337:slice$2376 ($_DFFE_PP_) from module vc_router (D = \in_data [8], Q = \g_in_port[0].g_in_vc[0].u_fifo.mem [42]).
Adding EN signal on $auto$ff.cc:337:slice$2377 ($_DFFE_PP_) from module vc_router (D = \in_data [9], Q = \g_in_port[0].g_in_vc[0].u_fifo.mem [43]).
Adding EN signal on $auto$ff.cc:337:slice$2378 ($_DFFE_PP_) from module vc_router (D = \in_data [10], Q = \g_in_port[0].g_in_vc[0].u_fifo.mem [44]).
Adding EN signal on $auto$ff.cc:337:slice$2379 ($_DFFE_PP_) from module vc_router (D = \in_data [11], Q = \g_in_port[0].g_in_vc[0].u_fifo.mem [45]).
Adding EN signal on $auto$ff.cc:337:slice$2380 ($_DFFE_PP_) from module vc_router (D = \in_data [12], Q = \g_in_port[0].g_in_vc[0].u_fifo.mem [46]).
Adding EN signal on $auto$ff.cc:337:slice$2381 ($_DFFE_PP_) from module vc_router (D = \in_data [13], Q = \g_in_port[0].g_in_vc[0].u_fifo.mem [47]).
Adding EN signal on $auto$ff.cc:337:slice$2382 ($_DFFE_PP_) from module vc_router (D = \in_data [14], Q = \g_in_port[0].g_in_vc[0].u_fifo.mem [48]).
Adding EN signal on $auto$ff.cc:337:slice$2384 ($_DFFE_PP_) from module vc_router (D = \in_data [16], Q = \g_in_port[0].g_in_vc[0].u_fifo.mem [50]).
Adding EN signal on $auto$ff.cc:337:slice$2385 ($_DFFE_PP_) from module vc_router (D = \in_data [17], Q = \g_in_port[0].g_in_vc[0].u_fifo.mem [51]).
Adding EN signal on $auto$ff.cc:337:slice$2386 ($_DFFE_PP_) from module vc_router (D = \in_data [18], Q = \g_in_port[0].g_in_vc[0].u_fifo.mem [52]).
Adding EN signal on $auto$ff.cc:337:slice$2388 ($_DFFE_PP_) from module vc_router (D = \in_data [20], Q = \g_in_port[0].g_in_vc[0].u_fifo.mem [54]).
Adding EN signal on $auto$ff.cc:337:slice$2389 ($_DFFE_PP_) from module vc_router (D = \in_data [21], Q = \g_in_port[0].g_in_vc[0].u_fifo.mem [55]).
Adding EN signal on $auto$ff.cc:337:slice$2390 ($_DFFE_PP_) from module vc_router (D = \in_data [22], Q = \g_in_port[0].g_in_vc[0].u_fifo.mem [56]).
Adding EN signal on $auto$ff.cc:337:slice$2392 ($_DFFE_PP_) from module vc_router (D = \in_data [24], Q = \g_in_port[0].g_in_vc[0].u_fifo.mem [58]).
Adding EN signal on $auto$ff.cc:337:slice$2393 ($_DFFE_PP_) from module vc_router (D = \in_data [25], Q = \g_in_port[0].g_in_vc[0].u_fifo.mem [59]).
Adding EN signal on $auto$ff.cc:337:slice$2394 ($_DFFE_PP_) from module vc_router (D = \in_data [26], Q = \g_in_port[0].g_in_vc[0].u_fifo.mem [60]).
Adding EN signal on $auto$ff.cc:337:slice$2396 ($_DFFE_PP_) from module vc_router (D = \in_data [28], Q = \g_in_port[0].g_in_vc[0].u_fifo.mem [62]).
Adding EN signal on $auto$ff.cc:337:slice$2397 ($_DFFE_PP_) from module vc_router (D = \in_data [29], Q = \g_in_port[0].g_in_vc[0].u_fifo.mem [63]).
Adding EN signal on $auto$ff.cc:337:slice$2398 ($_DFFE_PP_) from module vc_router (D = \in_data [30], Q = \g_in_port[0].g_in_vc[0].u_fifo.mem [64]).
Adding EN signal on $auto$ff.cc:337:slice$2400 ($_DFFE_PP_) from module vc_router (D = \in_data [32], Q = \g_in_port[0].g_in_vc[0].u_fifo.mem [66]).
Adding EN signal on $auto$ff.cc:337:slice$2402 ($_DFFE_PP_) from module vc_router (D = \in_data [0], Q = \g_in_port[0].g_in_vc[0].u_fifo.mem [0]).
Adding EN signal on $auto$ff.cc:337:slice$2403 ($_DFFE_PP_) from module vc_router (D = \in_data [1], Q = \g_in_port[0].g_in_vc[0].u_fifo.mem [1]).
Adding EN signal on $auto$ff.cc:337:slice$2404 ($_DFFE_PP_) from module vc_router (D = \in_data [2], Q = \g_in_port[0].g_in_vc[0].u_fifo.mem [2]).
Adding EN signal on $auto$ff.cc:337:slice$2405 ($_DFFE_PP_) from module vc_router (D = \in_data [3], Q = \g_in_port[0].g_in_vc[0].u_fifo.mem [3]).
Adding EN signal on $auto$ff.cc:337:slice$2406 ($_DFFE_PP_) from module vc_router (D = \in_data [4], Q = \g_in_port[0].g_in_vc[0].u_fifo.mem [4]).
Adding EN signal on $auto$ff.cc:337:slice$2407 ($_DFFE_PP_) from module vc_router (D = \in_data [5], Q = \g_in_port[0].g_in_vc[0].u_fifo.mem [5]).
Adding EN signal on $auto$ff.cc:337:slice$2408 ($_DFFE_PP_) from module vc_router (D = \in_data [6], Q = \g_in_port[0].g_in_vc[0].u_fifo.mem [6]).
Adding EN signal on $auto$ff.cc:337:slice$2409 ($_DFFE_PP_) from module vc_router (D = \in_data [7], Q = \g_in_port[0].g_in_vc[0].u_fifo.mem [7]).
Adding EN signal on $auto$ff.cc:337:slice$2410 ($_DFFE_PP_) from module vc_router (D = \in_data [8], Q = \g_in_port[0].g_in_vc[0].u_fifo.mem [8]).
Adding EN signal on $auto$ff.cc:337:slice$2411 ($_DFFE_PP_) from module vc_router (D = \in_data [9], Q = \g_in_port[0].g_in_vc[0].u_fifo.mem [9]).
Adding EN signal on $auto$ff.cc:337:slice$2412 ($_DFFE_PP_) from module vc_router (D = \in_data [10], Q = \g_in_port[0].g_in_vc[0].u_fifo.mem [10]).
Adding EN signal on $auto$ff.cc:337:slice$2413 ($_DFFE_PP_) from module vc_router (D = \in_data [11], Q = \g_in_port[0].g_in_vc[0].u_fifo.mem [11]).
Adding EN signal on $auto$ff.cc:337:slice$2414 ($_DFFE_PP_) from module vc_router (D = \in_data [12], Q = \g_in_port[0].g_in_vc[0].u_fifo.mem [12]).
Adding EN signal on $auto$ff.cc:337:slice$2415 ($_DFFE_PP_) from module vc_router (D = \in_data [13], Q = \g_in_port[0].g_in_vc[0].u_fifo.mem [13]).
Adding EN signal on $auto$ff.cc:337:slice$2416 ($_DFFE_PP_) from module vc_router (D = \in_data [14], Q = \g_in_port[0].g_in_vc[0].u_fifo.mem [14]).
Adding EN signal on $auto$ff.cc:337:slice$2418 ($_DFFE_PP_) from module vc_router (D = \in_data [16], Q = \g_in_port[0].g_in_vc[0].u_fifo.mem [16]).
Adding EN signal on $auto$ff.cc:337:slice$2419 ($_DFFE_PP_) from module vc_router (D = \in_data [17], Q = \g_in_port[0].g_in_vc[0].u_fifo.mem [17]).
Adding EN signal on $auto$ff.cc:337:slice$2420 ($_DFFE_PP_) from module vc_router (D = \in_data [18], Q = \g_in_port[0].g_in_vc[0].u_fifo.mem [18]).
Adding EN signal on $auto$ff.cc:337:slice$2422 ($_DFFE_PP_) from module vc_router (D = \in_data [20], Q = \g_in_port[0].g_in_vc[0].u_fifo.mem [20]).
Adding EN signal on $auto$ff.cc:337:slice$2423 ($_DFFE_PP_) from module vc_router (D = \in_data [21], Q = \g_in_port[0].g_in_vc[0].u_fifo.mem [21]).
Adding EN signal on $auto$ff.cc:337:slice$2424 ($_DFFE_PP_) from module vc_router (D = \in_data [22], Q = \g_in_port[0].g_in_vc[0].u_fifo.mem [22]).
Adding EN signal on $auto$ff.cc:337:slice$2426 ($_DFFE_PP_) from module vc_router (D = \in_data [24], Q = \g_in_port[0].g_in_vc[0].u_fifo.mem [24]).
Adding EN signal on $auto$ff.cc:337:slice$2427 ($_DFFE_PP_) from module vc_router (D = \in_data [25], Q = \g_in_port[0].g_in_vc[0].u_fifo.mem [25]).
Adding EN signal on $auto$ff.cc:337:slice$2428 ($_DFFE_PP_) from module vc_router (D = \in_data [26], Q = \g_in_port[0].g_in_vc[0].u_fifo.mem [26]).
Adding EN signal on $auto$ff.cc:337:slice$2430 ($_DFFE_PP_) from module vc_router (D = \in_data [28], Q = \g_in_port[0].g_in_vc[0].u_fifo.mem [28]).
Adding EN signal on $auto$ff.cc:337:slice$2431 ($_DFFE_PP_) from module vc_router (D = \in_data [29], Q = \g_in_port[0].g_in_vc[0].u_fifo.mem [29]).
Adding EN signal on $auto$ff.cc:337:slice$2432 ($_DFFE_PP_) from module vc_router (D = \in_data [30], Q = \g_in_port[0].g_in_vc[0].u_fifo.mem [30]).
Adding EN signal on $auto$ff.cc:337:slice$2434 ($_DFFE_PP_) from module vc_router (D = \in_data [32], Q = \g_in_port[0].g_in_vc[0].u_fifo.mem [32]).
Setting constant 0-bit at position 0 on $auto$ff.cc:337:slice$1295829 ($_DFFE_PP_) from module vc_router.
Setting constant 0-bit at position 0 on $auto$ff.cc:337:slice$1295824 ($_DFFE_PP_) from module vc_router.
Setting constant 0-bit at position 0 on $auto$ff.cc:337:slice$1295819 ($_DFFE_PP_) from module vc_router.
Setting constant 0-bit at position 0 on $auto$ff.cc:337:slice$1295814 ($_DFFE_PP_) from module vc_router.
Setting constant 0-bit at position 0 on $auto$ff.cc:337:slice$1295809 ($_DFFE_PP_) from module vc_router.
Setting constant 0-bit at position 0 on $auto$ff.cc:337:slice$1295804 ($_DFFE_PP_) from module vc_router.
Setting constant 0-bit at position 0 on $auto$ff.cc:337:slice$1295689 ($_DFFE_PP_) from module vc_router.
Setting constant 0-bit at position 0 on $auto$ff.cc:337:slice$1295684 ($_DFFE_PP_) from module vc_router.
Setting constant 0-bit at position 0 on $auto$ff.cc:337:slice$1295679 ($_DFFE_PP_) from module vc_router.
Setting constant 0-bit at position 0 on $auto$ff.cc:337:slice$1295674 ($_DFFE_PP_) from module vc_router.
Setting constant 0-bit at position 0 on $auto$ff.cc:337:slice$1295669 ($_DFFE_PP_) from module vc_router.
Setting constant 0-bit at position 0 on $auto$ff.cc:337:slice$1295664 ($_DFFE_PP_) from module vc_router.
Setting constant 0-bit at position 0 on $auto$ff.cc:337:slice$1295549 ($_DFFE_PP_) from module vc_router.
Setting constant 0-bit at position 0 on $auto$ff.cc:337:slice$1295544 ($_DFFE_PP_) from module vc_router.
Setting constant 0-bit at position 0 on $auto$ff.cc:337:slice$1295539 ($_DFFE_PP_) from module vc_router.
Setting constant 0-bit at position 0 on $auto$ff.cc:337:slice$1295534 ($_DFFE_PP_) from module vc_router.
Setting constant 0-bit at position 0 on $auto$ff.cc:337:slice$1295529 ($_DFFE_PP_) from module vc_router.
Setting constant 0-bit at position 0 on $auto$ff.cc:337:slice$1295524 ($_DFFE_PP_) from module vc_router.
Setting constant 0-bit at position 0 on $auto$ff.cc:337:slice$1295409 ($_DFFE_PP_) from module vc_router.
Setting constant 0-bit at position 0 on $auto$ff.cc:337:slice$1295404 ($_DFFE_PP_) from module vc_router.
Setting constant 0-bit at position 0 on $auto$ff.cc:337:slice$1295399 ($_DFFE_PP_) from module vc_router.
Setting constant 0-bit at position 0 on $auto$ff.cc:337:slice$1295394 ($_DFFE_PP_) from module vc_router.
Setting constant 0-bit at position 0 on $auto$ff.cc:337:slice$1295389 ($_DFFE_PP_) from module vc_router.
Setting constant 0-bit at position 0 on $auto$ff.cc:337:slice$1295384 ($_DFFE_PP_) from module vc_router.
Setting constant 0-bit at position 0 on $auto$ff.cc:337:slice$1295259 ($_DFFE_PP_) from module vc_router.
Setting constant 0-bit at position 0 on $auto$ff.cc:337:slice$1295254 ($_DFFE_PP_) from module vc_router.
Setting constant 0-bit at position 0 on $auto$ff.cc:337:slice$1295229 ($_DFFE_PP_) from module vc_router.
Setting constant 0-bit at position 0 on $auto$ff.cc:337:slice$1295224 ($_DFFE_PP_) from module vc_router.
Setting constant 0-bit at position 0 on $auto$ff.cc:337:slice$1295199 ($_DFFE_PP_) from module vc_router.
Setting constant 0-bit at position 0 on $auto$ff.cc:337:slice$1295194 ($_DFFE_PP_) from module vc_router.
Setting constant 0-bit at position 0 on $auto$ff.cc:337:slice$1295169 ($_DFFE_PP_) from module vc_router.
Setting constant 0-bit at position 0 on $auto$ff.cc:337:slice$1295164 ($_DFFE_PP_) from module vc_router.

2.23.4. Executing OPT_CLEAN pass (remove unused cells and wires).
Finding unused cells or wires in module \vc_router..
Removed 3984 unused cells and 465663 unused wires.
<suppressed ~3997 debug messages>

2.23.5. Rerunning OPT passes. (Removed registers in this run.)

2.23.6. Executing OPT_EXPR pass (perform const folding).
Optimizing module vc_router.
<suppressed ~322 debug messages>

2.23.7. Executing OPT_MERGE pass (detect identical cells).
Finding identical cells in module `\vc_router'.
Computing hashes of 7891 cells of `\vc_router'.
Finding duplicate cells in `\vc_router'.
Computing hashes of 6983 cells of `\vc_router'.
Finding duplicate cells in `\vc_router'.
Computing hashes of 6703 cells of `\vc_router'.
Finding duplicate cells in `\vc_router'.
Computing hashes of 6323 cells of `\vc_router'.
Finding duplicate cells in `\vc_router'.
Computing hashes of 5943 cells of `\vc_router'.
Finding duplicate cells in `\vc_router'.
Computing hashes of 5783 cells of `\vc_router'.
Finding duplicate cells in `\vc_router'.
Computing hashes of 5623 cells of `\vc_router'.
Finding duplicate cells in `\vc_router'.
Computing hashes of 5463 cells of `\vc_router'.
Finding duplicate cells in `\vc_router'.
Computing hashes of 5423 cells of `\vc_router'.
Finding duplicate cells in `\vc_router'.
Computing hashes of 5383 cells of `\vc_router'.
Finding duplicate cells in `\vc_router'.
Computing hashes of 5343 cells of `\vc_router'.
Finding duplicate cells in `\vc_router'.
<suppressed ~7644 debug messages>
Removed a total of 2548 cells.

2.23.8. Executing OPT_DFF pass (perform DFF optimizations).

2.23.9. Executing OPT_CLEAN pass (remove unused cells and wires).
Finding unused cells or wires in module \vc_router..
Removed 0 unused cells and 1253 unused wires.
<suppressed ~1 debug messages>

2.23.10. Finished fast OPT passes.

2.24. Executing ABC pass (technology mapping using ABC).

2.24.1. Summary of detected clock domains:
  203 cells in clk=\clk, en={ }, arst=!\rst_n, srst={ }
  509 cells in clk=\clk, en=$1177y, arst=!\rst_n, srst={ }
  473 cells in clk=\clk, en=$1479y, arst=!\rst_n, srst={ }
  63 cells in clk=\clk, en=$auto$simple.cc:193:make_patterns_logic$1008, arst=!\rst_n, srst={ }
  25 cells in clk=\clk, en=$auto$simple.cc:193:make_patterns_logic$1005, arst=!\rst_n, srst={ }
  289 cells in clk=\clk, en=$auto$simple.cc:193:make_patterns_logic$1002, arst=!\rst_n, srst={ }
  167 cells in clk=\clk, en=$auto$simple.cc:193:make_patterns_logic$999, arst=!\rst_n, srst={ }
  167 cells in clk=\clk, en=$auto$simple.cc:193:make_patterns_logic$996, arst=!\rst_n, srst={ }
  167 cells in clk=\clk, en=$auto$simple.cc:193:make_patterns_logic$993, arst=!\rst_n, srst={ }
  498 cells in clk=\clk, en=$1026y, arst=!\rst_n, srst={ }
  513 cells in clk=\clk, en=$1328y, arst=!\rst_n, srst={ }
  21 cells in clk=\clk, en=$auto$simple.cc:193:make_patterns_logic$988, arst=!\rst_n, srst={ }
  19 cells in clk=\clk, en=$200y, arst=!\rst_n, srst={ }
  236 cells in clk=\clk, en=$209y, arst=!\rst_n, srst={ }
  21 cells in clk=\clk, en=$auto$simple.cc:193:make_patterns_logic$983, arst=!\rst_n, srst={ }
  28 cells in clk=\clk, en=$auto$simple.cc:210:make_patterns_logic$1295250, arst={ }, srst={ }
  31 cells in clk=\clk, en=$auto$simple.cc:210:make_patterns_logic$1295220, arst={ }, srst={ }
  27 cells in clk=\clk, en=$auto$simple.cc:210:make_patterns_logic$1295190, arst={ }, srst={ }
  32 cells in clk=\clk, en=$auto$simple.cc:210:make_patterns_logic$1295160, arst={ }, srst={ }
  17 cells in clk=\clk, en=$154y, arst=!\rst_n, srst={ }
  159 cells in clk=\clk, en=$163y, arst=!\rst_n, srst={ }
  21 cells in clk=\clk, en=$auto$simple.cc:193:make_patterns_logic$906, arst=!\rst_n, srst={ }
  36 cells in clk=\clk, en=$auto$simple.cc:210:make_patterns_logic$1295130, arst={ }, srst={ }
  41 cells in clk=\clk, en=$auto$simple.cc:210:make_patterns_logic$1295100, arst={ }, srst={ }
  35 cells in clk=\clk, en=$auto$simple.cc:210:make_patterns_logic$1295070, arst={ }, srst={ }
  42 cells in clk=\clk, en=$auto$simple.cc:210:make_patterns_logic$1295040, arst={ }, srst={ }
  17 cells in clk=\clk, en=$108y, arst=!\rst_n, srst={ }
  159 cells in clk=\clk, en=$117y, arst=!\rst_n, srst={ }
  21 cells in clk=\clk, en=$auto$simple.cc:193:make_patterns_logic$829, arst=!\rst_n, srst={ }
  36 cells in clk=\clk, en=$auto$simple.cc:210:make_patterns_logic$1295010, arst={ }, srst={ }
  41 cells in clk=\clk, en=$auto$simple.cc:210:make_patterns_logic$1294980, arst={ }, srst={ }
  35 cells in clk=\clk, en=$auto$simple.cc:210:make_patterns_logic$1294950, arst={ }, srst={ }
  42 cells in clk=\clk, en=$auto$simple.cc:210:make_patterns_logic$1294920, arst={ }, srst={ }
  17 cells in clk=\clk, en=$62y, arst=!\rst_n, srst={ }
  159 cells in clk=\clk, en=$71y, arst=!\rst_n, srst={ }
  480 cells in clk=\clk, en=$875y, arst=!\rst_n, srst={ }
  36 cells in clk=\clk, en=$auto$simple.cc:210:make_patterns_logic$1294890, arst={ }, srst={ }
  41 cells in clk=\clk, en=$auto$simple.cc:210:make_patterns_logic$1294860, arst={ }, srst={ }
  35 cells in clk=\clk, en=$auto$simple.cc:210:make_patterns_logic$1294830, arst={ }, srst={ }
  42 cells in clk=\clk, en=$auto$simple.cc:210:make_patterns_logic$1294800, arst={ }, srst={ }
  21 cells in clk=\clk, en=$auto$simple.cc:193:make_patterns_logic$679, arst=!\rst_n, srst={ }
  17 cells in clk=\clk, en=$16y, arst=!\rst_n, srst={ }
  150 cells in clk=\clk, en=$25y, arst=!\rst_n, srst={ }
  36 cells in clk=\clk, en=$auto$simple.cc:210:make_patterns_logic$1294770, arst={ }, srst={ }
  41 cells in clk=\clk, en=$auto$simple.cc:210:make_patterns_logic$1294740, arst={ }, srst={ }
  35 cells in clk=\clk, en=$auto$simple.cc:210:make_patterns_logic$1294710, arst={ }, srst={ }
  42 cells in clk=\clk, en=$auto$simple.cc:210:make_patterns_logic$1294680, arst={ }, srst={ }

2.24.2. Extracting gate netlist of module `\vc_router' to `<abc-temp-dir>/input.blif'..
Found matching posedge clock domain: \clk, asynchronously reset by !\rst_n

2.24.3. Extracting gate netlist of module `\vc_router' to `<abc-temp-dir>/input.blif'..
Found matching posedge clock domain: \clk, enabled by $1177y, asynchronously reset by !\rst_n

2.24.4. Extracting gate netlist of module `\vc_router' to `<abc-temp-dir>/input.blif'..
Found matching posedge clock domain: \clk, enabled by $1479y, asynchronously reset by !\rst_n

2.24.5. Extracting gate netlist of module `\vc_router' to `<abc-temp-dir>/input.blif'..
Found matching posedge clock domain: \clk, enabled by $auto$simple.cc:193:make_patterns_logic$1008, asynchronously reset by !\rst_n

2.24.6. Extracting gate netlist of module `\vc_router' to `<abc-temp-dir>/input.blif'..
Found matching posedge clock domain: \clk, enabled by $auto$simple.cc:193:make_patterns_logic$1005, asynchronously reset by !\rst_n

2.24.7. Extracting gate netlist of module `\vc_router' to `<abc-temp-dir>/input.blif'..
Found matching posedge clock domain: \clk, enabled by $auto$simple.cc:193:make_patterns_logic$1002, asynchronously reset by !\rst_n

2.24.8. Extracting gate netlist of module `\vc_router' to `<abc-temp-dir>/input.blif'..
Found matching posedge clock domain: \clk, enabled by $auto$simple.cc:193:make_patterns_logic$999, asynchronously reset by !\rst_n

2.24.9. Extracting gate netlist of module `\vc_router' to `<abc-temp-dir>/input.blif'..
Found matching posedge clock domain: \clk, enabled by $auto$simple.cc:193:make_patterns_logic$996, asynchronously reset by !\rst_n

2.24.10. Extracting gate netlist of module `\vc_router' to `<abc-temp-dir>/input.blif'..
Found matching posedge clock domain: \clk, enabled by $auto$simple.cc:193:make_patterns_logic$993, asynchronously reset by !\rst_n

2.24.11. Extracting gate netlist of module `\vc_router' to `<abc-temp-dir>/input.blif'..
Found matching posedge clock domain: \clk, enabled by $1026y, asynchronously reset by !\rst_n

2.24.12. Extracting gate netlist of module `\vc_router' to `<abc-temp-dir>/input.blif'..
Found matching posedge clock domain: \clk, enabled by $1328y, asynchronously reset by !\rst_n

2.24.13. Extracting gate netlist of module `\vc_router' to `<abc-temp-dir>/input.blif'..
Found matching posedge clock domain: \clk, enabled by $auto$simple.cc:193:make_patterns_logic$988, asynchronously reset by !\rst_n

2.24.14. Extracting gate netlist of module `\vc_router' to `<abc-temp-dir>/input.blif'..
Found matching posedge clock domain: \clk, enabled by $200y, asynchronously reset by !\rst_n

2.24.15. Extracting gate netlist of module `\vc_router' to `<abc-temp-dir>/input.blif'..
Found matching posedge clock domain: \clk, enabled by $209y, asynchronously reset by !\rst_n

2.24.16. Extracting gate netlist of module `\vc_router' to `<abc-temp-dir>/input.blif'..
Found matching posedge clock domain: \clk, enabled by $auto$simple.cc:193:make_patterns_logic$983, asynchronously reset by !\rst_n

2.24.17. Extracting gate netlist of module `\vc_router' to `<abc-temp-dir>/input.blif'..
Found matching posedge clock domain: \clk, enabled by $auto$simple.cc:210:make_patterns_logic$1295250

2.24.18. Extracting gate netlist of module `\vc_router' to `<abc-temp-dir>/input.blif'..
Found matching posedge clock domain: \clk, enabled by $auto$simple.cc:210:make_patterns_logic$1295220

2.24.19. Extracting gate netlist of module `\vc_router' to `<abc-temp-dir>/input.blif'..
Found matching posedge clock domain: \clk, enabled by $auto$simple.cc:210:make_patterns_logic$1295190

2.24.20. Extracting gate netlist of module `\vc_router' to `<abc-temp-dir>/input.blif'..
Found matching posedge clock domain: \clk, enabled by $auto$simple.cc:210:make_patterns_logic$1295160

2.24.21. Extracting gate netlist of module `\vc_router' to `<abc-temp-dir>/input.blif'..
Found matching posedge clock domain: \clk, enabled by $154y, asynchronously reset by !\rst_n

2.24.22. Extracting gate netlist of module `\vc_router' to `<abc-temp-dir>/input.blif'..
Found matching posedge clock domain: \clk, enabled by $163y, asynchronously reset by !\rst_n

2.24.23. Extracting gate netlist of module `\vc_router' to `<abc-temp-dir>/input.blif'..
Found matching posedge clock domain: \clk, enabled by $auto$simple.cc:193:make_patterns_logic$906, asynchronously reset by !\rst_n

2.24.24. Extracting gate netlist of module `\vc_router' to `<abc-temp-dir>/input.blif'..
Found matching posedge clock domain: \clk, enabled by $auto$simple.cc:210:make_patterns_logic$1295130

2.24.25. Extracting gate netlist of module `\vc_router' to `<abc-temp-dir>/input.blif'..
Found matching posedge clock domain: \clk, enabled by $auto$simple.cc:210:make_patterns_logic$1295100

2.24.26. Extracting gate netlist of module `\vc_router' to `<abc-temp-dir>/input.blif'..
Found matching posedge clock domain: \clk, enabled by $auto$simple.cc:210:make_patterns_logic$1295070

2.24.27. Extracting gate netlist of module `\vc_router' to `<abc-temp-dir>/input.blif'..
Found matching posedge clock domain: \clk, enabled by $auto$simple.cc:210:make_patterns_logic$1295040

2.24.28. Extracting gate netlist of module `\vc_router' to `<abc-temp-dir>/input.blif'..
Found matching posedge clock domain: \clk, enabled by $108y, asynchronously reset by !\rst_n

2.24.29. Extracting gate netlist of module `\vc_router' to `<abc-temp-dir>/input.blif'..
Found matching posedge clock domain: \clk, enabled by $117y, asynchronously reset by !\rst_n

2.24.30. Extracting gate netlist of module `\vc_router' to `<abc-temp-dir>/input.blif'..
Found matching posedge clock domain: \clk, enabled by $auto$simple.cc:193:make_patterns_logic$829, asynchronously reset by !\rst_n

2.24.31. Extracting gate netlist of module `\vc_router' to `<abc-temp-dir>/input.blif'..
Found matching posedge clock domain: \clk, enabled by $auto$simple.cc:210:make_patterns_logic$1295010

2.24.32. Extracting gate netlist of module `\vc_router' to `<abc-temp-dir>/input.blif'..
Found matching posedge clock domain: \clk, enabled by $auto$simple.cc:210:make_patterns_logic$1294980

2.24.33. Extracting gate netlist of module `\vc_router' to `<abc-temp-dir>/input.blif'..
Found matching posedge clock domain: \clk, enabled by $auto$simple.cc:210:make_patterns_logic$1294950

2.24.34. Extracting gate netlist of module `\vc_router' to `<abc-temp-dir>/input.blif'..
Found matching posedge clock domain: \clk, enabled by $auto$simple.cc:210:make_patterns_logic$1294920

2.24.35. Extracting gate netlist of module `\vc_router' to `<abc-temp-dir>/input.blif'..
Found matching posedge clock domain: \clk, enabled by $62y, asynchronously reset by !\rst_n

2.24.36. Extracting gate netlist of module `\vc_router' to `<abc-temp-dir>/input.blif'..
Found matching posedge clock domain: \clk, enabled by $71y, asynchronously reset by !\rst_n

2.24.37. Extracting gate netlist of module `\vc_router' to `<abc-temp-dir>/input.blif'..
Found matching posedge clock domain: \clk, enabled by $875y, asynchronously reset by !\rst_n

2.24.38. Extracting gate netlist of module `\vc_router' to `<abc-temp-dir>/input.blif'..
Found matching posedge clock domain: \clk, enabled by $auto$simple.cc:210:make_patterns_logic$1294890

2.24.39. Extracting gate netlist of module `\vc_router' to `<abc-temp-dir>/input.blif'..
Found matching posedge clock domain: \clk, enabled by $auto$simple.cc:210:make_patterns_logic$1294860

2.24.40. Extracting gate netlist of module `\vc_router' to `<abc-temp-dir>/input.blif'..
Found matching posedge clock domain: \clk, enabled by $auto$simple.cc:210:make_patterns_logic$1294830

2.24.41. Extracting gate netlist of module `\vc_router' to `<abc-temp-dir>/input.blif'..
Found matching posedge clock domain: \clk, enabled by $auto$simple.cc:210:make_patterns_logic$1294800

2.24.42. Extracting gate netlist of module `\vc_router' to `<abc-temp-dir>/input.blif'..
Found matching posedge clock domain: \clk, enabled by $auto$simple.cc:193:make_patterns_logic$679, asynchronously reset by !\rst_n

2.24.43. Extracting gate netlist of module `\vc_router' to `<abc-temp-dir>/input.blif'..
Found matching posedge clock domain: \clk, enabled by $16y, asynchronously reset by !\rst_n

2.24.44. Extracting gate netlist of module `\vc_router' to `<abc-temp-dir>/input.blif'..
Found matching posedge clock domain: \clk, enabled by $25y, asynchronously reset by !\rst_n

2.24.45. Extracting gate netlist of module `\vc_router' to `<abc-temp-dir>/input.blif'..
Found matching posedge clock domain: \clk, enabled by $auto$simple.cc:210:make_patterns_logic$1294770

2.24.46. Extracting gate netlist of module `\vc_router' to `<abc-temp-dir>/input.blif'..
Found matching posedge clock domain: \clk, enabled by $auto$simple.cc:210:make_patterns_logic$1294740

2.24.47. Extracting gate netlist of module `\vc_router' to `<abc-temp-dir>/input.blif'..
Found matching posedge clock domain: \clk, enabled by $auto$simple.cc:210:make_patterns_logic$1294710

2.24.48. Extracting gate netlist of module `\vc_router' to `<abc-temp-dir>/input.blif'..
Found matching posedge clock domain: \clk, enabled by $auto$simple.cc:210:make_patterns_logic$1294680

2.24.48.1. Executed ABC.
Extracted 202 gates and 390 wires to a netlist network with 187 inputs and 45 outputs.
Running ABC script: <abc-temp-dir>/abc.script
ABC: ======== ABC command line "source <abc-temp-dir>/abc.script"
ABC: + read_blif <abc-temp-dir>/input.blif 
ABC: + read_library <abc-temp-dir>/stdcells.genlib 
ABC: + strash 
ABC: + &get -n 
ABC: + &fraig -x 
ABC: + &put 
ABC: + scorr 
ABC: Warning: The network is combinational (run "fraig" or "fraig_sweep").
ABC: + dc2 
ABC: + dretime 
ABC: + strash 
ABC: + &get -n 
ABC: + &dch -f 
ABC: + &nf 
ABC: + &put 
ABC: + write_blif <abc-temp-dir>/output.blif 

2.24.48.2. Re-integrating ABC results.
ABC RESULTS:               AND cells:       68
ABC RESULTS:            ANDNOT cells:        5
ABC RESULTS:               MUX cells:       42
ABC RESULTS:              NAND cells:      160
ABC RESULTS:               NOR cells:        5
ABC RESULTS:               NOT cells:        3
ABC RESULTS:                OR cells:       29
ABC RESULTS:             ORNOT cells:       26
ABC RESULTS:        internal signals:      158
ABC RESULTS:           input signals:      187
ABC RESULTS:          output signals:       45
Removing temp directory.

2.24.48.1. Executed ABC.
Extracted 506 gates and 540 wires to a netlist network with 33 inputs and 21 outputs.
Running ABC script: <abc-temp-dir>/abc.script
ABC: ======== ABC command line "source <abc-temp-dir>/abc.script"
ABC: + read_blif <abc-temp-dir>/input.blif 
ABC: + read_library <abc-temp-dir>/stdcells.genlib 
ABC: + strash 
ABC: + &get -n 
ABC: + &fraig -x 
ABC: + &put 
ABC: + scorr 
ABC: Warning: The network is combinational (run "fraig" or "fraig_sweep").
ABC: + dc2 
ABC: + dretime 
ABC: + strash 
ABC: + &get -n 
ABC: + &dch -f 
ABC: + &nf 
ABC: + &put 
ABC: + write_blif <abc-temp-dir>/output.blif 

2.24.48.2. Re-integrating ABC results.
ABC RESULTS:               AND cells:       45
ABC RESULTS:            ANDNOT cells:       15
ABC RESULTS:               MUX cells:       12
ABC RESULTS:              NAND cells:       27
ABC RESULTS:               NOR cells:       12
ABC RESULTS:               NOT cells:        5
ABC RESULTS:                OR cells:       10
ABC RESULTS:             ORNOT cells:       10
ABC RESULTS:              XNOR cells:        1
ABC RESULTS:               XOR cells:        2
ABC RESULTS:        internal signals:      486
ABC RESULTS:           input signals:       33
ABC RESULTS:          output signals:       21
Removing temp directory.

2.24.48.1. Executed ABC.
Extracted 470 gates and 485 wires to a netlist network with 14 inputs and 11 outputs.
Running ABC script: <abc-temp-dir>/abc.script
ABC: ======== ABC command line "source <abc-temp-dir>/abc.script"
ABC: + read_blif <abc-temp-dir>/input.blif 
ABC: + read_library <abc-temp-dir>/stdcells.genlib 
ABC: + strash 
ABC: + &get -n 
ABC: + &fraig -x 
ABC: + &put 
ABC: + scorr 
ABC: Warning: The network is combinational (run "fraig" or "fraig_sweep").
ABC: + dc2 
ABC: + dretime 
ABC: + strash 
ABC: + &get -n 
ABC: + &dch -f 
ABC: + &nf 
ABC: + &put 
ABC: + write_blif <abc-temp-dir>/output.blif 

2.24.48.2. Re-integrating ABC results.
ABC RESULTS:               AND cells:       25
ABC RESULTS:            ANDNOT cells:       13
ABC RESULTS:               MUX cells:       12
ABC RESULTS:              NAND cells:       37
ABC RESULTS:               NOT cells:        3
ABC RESULTS:                OR cells:       11
ABC RESULTS:             ORNOT cells:        9
ABC RESULTS:              XNOR cells:        1
ABC RESULTS:               XOR cells:        2
ABC RESULTS:        internal signals:      460
ABC RESULTS:           input signals:       14
ABC RESULTS:          output signals:       11
Removing temp directory.

2.24.48.1. Executed ABC.
Extracted 54 gates and 67 wires to a netlist network with 12 inputs and 11 outputs.
Running ABC script: <abc-temp-dir>/abc.script
ABC: ======== ABC command line "source <abc-temp-dir>/abc.script"
ABC: + read_blif <abc-temp-dir>/input.blif 
ABC: + read_library <abc-temp-dir>/stdcells.genlib 
ABC: + strash 
ABC: + &get -n 
ABC: + &fraig -x 
ABC: + &put 
ABC: + scorr 
ABC: Warning: The network is combinational (run "fraig" or "fraig_sweep").
ABC: + dc2 
ABC: + dretime 
ABC: + strash 
ABC: + &get -n 
ABC: + &dch -f 
ABC: + &nf 
ABC: + &put 
ABC: + write_blif <abc-temp-dir>/output.blif 

2.24.48.2. Re-integrating ABC results.
ABC RESULTS:               AND cells:       15
ABC RESULTS:            ANDNOT cells:        8
ABC RESULTS:              NAND cells:        1
ABC RESULTS:                OR cells:        9
ABC RESULTS:              XNOR cells:        1
ABC RESULTS:        internal signals:       44
ABC RESULTS:           input signals:       12
ABC RESULTS:          output signals:       11
Removing temp directory.

2.24.48.1. Executed ABC.
Extracted 22 gates and 29 wires to a netlist network with 7 inputs and 7 outputs.
Running ABC script: <abc-temp-dir>/abc.script
ABC: ======== ABC command line "source <abc-temp-dir>/abc.script"
ABC: + read_blif <abc-temp-dir>/input.blif 
ABC: + read_library <abc-temp-dir>/stdcells.genlib 
ABC: + strash 
ABC: + &get -n 
ABC: + &fraig -x 
ABC: + &put 
ABC: + scorr 
ABC: Warning: The network is combinational (run "fraig" or "fraig_sweep").
ABC: + dc2 
ABC: + dretime 
ABC: + strash 
ABC: + &get -n 
ABC: + &dch -f 
ABC: + &nf 
ABC: + &put 
ABC: + write_blif <abc-temp-dir>/output.blif 

2.24.48.2. Re-integrating ABC results.
ABC RESULTS:               AND cells:        4
ABC RESULTS:            ANDNOT cells:        1
ABC RESULTS:               MUX cells:        1
ABC RESULTS:              NAND cells:        2
ABC RESULTS:               NOT cells:        1
ABC RESULTS:                OR cells:        2
ABC RESULTS:              XNOR cells:        3
ABC RESULTS:        internal signals:       15
ABC RESULTS:           input signals:        7
ABC RESULTS:          output signals:        7
Removing temp directory.

2.24.48.1. Executed ABC.
Extracted 286 gates and 456 wires to a netlist network with 169 inputs and 161 outputs.
Running ABC script: <abc-temp-dir>/abc.script
ABC: ======== ABC command line "source <abc-temp-dir>/abc.script"
ABC: + read_blif <abc-temp-dir>/input.blif 
ABC: + read_library <abc-temp-dir>/stdcells.genlib 
ABC: + strash 
ABC: + &get -n 
ABC: + &fraig -x 
ABC: + &put 
ABC: + scorr 
ABC: Warning: The network is combinational (run "fraig" or "fraig_sweep").
ABC: + dc2 
ABC: + dretime 
ABC: + strash 
ABC: + &get -n 
ABC: + &dch -f 
ABC: + &nf 
ABC: + &put 
ABC: + write_blif <abc-temp-dir>/output.blif 

2.24.48.2. Re-integrating ABC results.
ABC RESULTS:               AND cells:      128
ABC RESULTS:            ANDNOT cells:        2
ABC RESULTS:               MUX cells:       69
ABC RESULTS:              NAND cells:      109
ABC RESULTS:               NOT cells:        1
ABC RESULTS:                OR cells:        2
ABC RESULTS:              XNOR cells:        3
ABC RESULTS:        internal signals:      126
ABC RESULTS:           input signals:      169
ABC RESULTS:          output signals:      161
Removing temp directory.

2.24.48.1. Executed ABC.
Extracted 164 gates and 316 wires to a netlist network with 151 inputs and 39 outputs.
Running ABC script: <abc-temp-dir>/abc.script
ABC: ======== ABC command line "source <abc-temp-dir>/abc.script"
ABC: + read_blif <abc-temp-dir>/input.blif 
ABC: + read_library <abc-temp-dir>/stdcells.genlib 
ABC: + strash 
ABC: + &get -n 
ABC: + &fraig -x 
ABC: + &put 
ABC: + scorr 
ABC: Warning: The network is combinational (run "fraig" or "fraig_sweep").
ABC: + dc2 
ABC: + dretime 
ABC: + strash 
ABC: + &get -n 
ABC: + &dch -f 
ABC: + &nf 
ABC: + &put 
ABC: + write_blif <abc-temp-dir>/output.blif 

2.24.48.2. Re-integrating ABC results.
ABC RESULTS:               AND cells:        6
ABC RESULTS:            ANDNOT cells:        1
ABC RESULTS:               MUX cells:       69
ABC RESULTS:              NAND cells:      110
ABC RESULTS:               NOT cells:        1
ABC RESULTS:                OR cells:        2
ABC RESULTS:              XNOR cells:        3
ABC RESULTS:        internal signals:      126
ABC RESULTS:           input signals:      151
ABC RESULTS:          output signals:       39
Removing temp directory.

2.24.48.1. Executed ABC.
Extracted 164 gates and 316 wires to a netlist network with 151 inputs and 39 outputs.
Running ABC script: <abc-temp-dir>/abc.script
ABC: ======== ABC command line "source <abc-temp-dir>/abc.script"
ABC: + read_blif <abc-temp-dir>/input.blif 
ABC: + read_library <abc-temp-dir>/stdcells.genlib 
ABC: + strash 
ABC: + &get -n 
ABC: + &fraig -x 
ABC: + &put 
ABC: + scorr 
ABC: Warning: The network is combinational (run "fraig" or "fraig_sweep").
ABC: + dc2 
ABC: + dretime 
ABC: + strash 
ABC: + &get -n 
ABC: + &dch -f 
ABC: + &nf 
ABC: + &put 
ABC: + write_blif <abc-temp-dir>/output.blif 

2.24.48.2. Re-integrating ABC results.
ABC RESULTS:               AND cells:        6
ABC RESULTS:            ANDNOT cells:        1
ABC RESULTS:               MUX cells:       69
ABC RESULTS:              NAND cells:      110
ABC RESULTS:               NOT cells:        1
ABC RESULTS:                OR cells:        2
ABC RESULTS:              XNOR cells:        3
ABC RESULTS:        internal signals:      126
ABC RESULTS:           input signals:      151
ABC RESULTS:          output signals:       39
Removing temp directory.

2.24.48.1. Executed ABC.
Extracted 164 gates and 316 wires to a netlist network with 151 inputs and 39 outputs.
Running ABC script: <abc-temp-dir>/abc.script
ABC: ======== ABC command line "source <abc-temp-dir>/abc.script"
ABC: + read_blif <abc-temp-dir>/input.blif 
ABC: + read_library <abc-temp-dir>/stdcells.genlib 
ABC: + strash 
ABC: + &get -n 
ABC: + &fraig -x 
ABC: + &put 
ABC: + scorr 
ABC: Warning: The network is combinational (run "fraig" or "fraig_sweep").
ABC: + dc2 
ABC: + dretime 
ABC: + strash 
ABC: + &get -n 
ABC: + &dch -f 
ABC: + &nf 
ABC: + &put 
ABC: + write_blif <abc-temp-dir>/output.blif 

2.24.48.2. Re-integrating ABC results.
ABC RESULTS:               AND cells:        6
ABC RESULTS:            ANDNOT cells:        1
ABC RESULTS:               MUX cells:       69
ABC RESULTS:              NAND cells:      110
ABC RESULTS:               NOT cells:        1
ABC RESULTS:                OR cells:        2
ABC RESULTS:              XNOR cells:        3
ABC RESULTS:        internal signals:      126
ABC RESULTS:           input signals:      151
ABC RESULTS:          output signals:       39
Removing temp directory.

2.24.48.1. Executed ABC.
Extracted 495 gates and 525 wires to a netlist network with 29 inputs and 16 outputs.
Running ABC script: <abc-temp-dir>/abc.script
ABC: ======== ABC command line "source <abc-temp-dir>/abc.script"
ABC: + read_blif <abc-temp-dir>/input.blif 
ABC: + read_library <abc-temp-dir>/stdcells.genlib 
ABC: + strash 
ABC: + &get -n 
ABC: + &fraig -x 
ABC: + &put 
ABC: + scorr 
ABC: Warning: The network is combinational (run "fraig" or "fraig_sweep").
ABC: + dc2 
ABC: + dretime 
ABC: + strash 
ABC: + &get -n 
ABC: + &dch -f 
ABC: + &nf 
ABC: + &put 
ABC: + write_blif <abc-temp-dir>/output.blif 

2.24.48.2. Re-integrating ABC results.
ABC RESULTS:               AND cells:       36
ABC RESULTS:            ANDNOT cells:       16
ABC RESULTS:               MUX cells:       15
ABC RESULTS:              NAND cells:       23
ABC RESULTS:               NOR cells:        8
ABC RESULTS:               NOT cells:        3
ABC RESULTS:                OR cells:        9
ABC RESULTS:             ORNOT cells:       13
ABC RESULTS:              XNOR cells:        1
ABC RESULTS:               XOR cells:        1
ABC RESULTS:        internal signals:      480
ABC RESULTS:           input signals:       29
ABC RESULTS:          output signals:       16
Removing temp directory.

2.24.48.1. Executed ABC.
Extracted 510 gates and 544 wires to a netlist network with 33 inputs and 25 outputs.
Running ABC script: <abc-temp-dir>/abc.script
ABC: ======== ABC command line "source <abc-temp-dir>/abc.script"
ABC: + read_blif <abc-temp-dir>/input.blif 
ABC: + read_library <abc-temp-dir>/stdcells.genlib 
ABC: + strash 
ABC: + &get -n 
ABC: + &fraig -x 
ABC: + &put 
ABC: + scorr 
ABC: Warning: The network is combinational (run "fraig" or "fraig_sweep").
ABC: + dc2 
ABC: + dretime 
ABC: + strash 
ABC: + &get -n 
ABC: + &dch -f 
ABC: + &nf 
ABC: + &put 
ABC: + write_blif <abc-temp-dir>/output.blif 

2.24.48.2. Re-integrating ABC results.
ABC RESULTS:               AND cells:       47
ABC RESULTS:            ANDNOT cells:       14
ABC RESULTS:               MUX cells:       13
ABC RESULTS:              NAND cells:       33
ABC RESULTS:               NOR cells:       12
ABC RESULTS:               NOT cells:        7
ABC RESULTS:                OR cells:        6
ABC RESULTS:             ORNOT cells:       10
ABC RESULTS:              XNOR cells:        2
ABC RESULTS:               XOR cells:        1
ABC RESULTS:        internal signals:      486
ABC RESULTS:           input signals:       33
ABC RESULTS:          output signals:       25
Removing temp directory.

2.24.48.1. Executed ABC.
Extracted 18 gates and 23 wires to a netlist network with 5 inputs and 7 outputs.
Running ABC script: <abc-temp-dir>/abc.script
ABC: ======== ABC command line "source <abc-temp-dir>/abc.script"
ABC: + read_blif <abc-temp-dir>/input.blif 
ABC: + read_library <abc-temp-dir>/stdcells.genlib 
ABC: + strash 
ABC: + &get -n 
ABC: + &fraig -x 
ABC: + &put 
ABC: + scorr 
ABC: Warning: The network is combinational (run "fraig" or "fraig_sweep").
ABC: + dc2 
ABC: + dretime 
ABC: + strash 
ABC: + &get -n 
ABC: + &dch -f 
ABC: + &nf 
ABC: + &put 
ABC: + write_blif <abc-temp-dir>/output.blif 

2.24.48.2. Re-integrating ABC results.
ABC RESULTS:               AND cells:        1
ABC RESULTS:               MUX cells:        1
ABC RESULTS:              NAND cells:        1
ABC RESULTS:               NOT cells:        2
ABC RESULTS:                OR cells:        2
ABC RESULTS:             ORNOT cells:        1
ABC RESULTS:              XNOR cells:        2
ABC RESULTS:               XOR cells:        1
ABC RESULTS:        internal signals:       11
ABC RESULTS:           input signals:        5
ABC RESULTS:          output signals:        7
Removing temp directory.

2.24.48.1. Executed ABC.
Extracted 17 gates and 26 wires to a netlist network with 8 inputs and 9 outputs.
Running ABC script: <abc-temp-dir>/abc.script
ABC: ======== ABC command line "source <abc-temp-dir>/abc.script"
ABC: + read_blif <abc-temp-dir>/input.blif 
ABC: + read_library <abc-temp-dir>/stdcells.genlib 
ABC: + strash 
ABC: + &get -n 
ABC: + &fraig -x 
ABC: + &put 
ABC: + scorr 
ABC: Warning: The network is combinational (run "fraig" or "fraig_sweep").
ABC: + dc2 
ABC: + dretime 
ABC: + strash 
ABC: + &get -n 
ABC: + &dch -f 
ABC: + &nf 
ABC: + &put 
ABC: + write_blif <abc-temp-dir>/output.blif 

2.24.48.2. Re-integrating ABC results.
ABC RESULTS:               AND cells:        3
ABC RESULTS:            ANDNOT cells:        4
ABC RESULTS:               NOR cells:        1
ABC RESULTS:               NOT cells:        3
ABC RESULTS:                OR cells:        2
ABC RESULTS:        internal signals:        9
ABC RESULTS:           input signals:        8
ABC RESULTS:          output signals:        9
Removing temp directory.

2.24.48.1. Executed ABC.
Extracted 234 gates and 518 wires to a netlist network with 283 inputs and 175 outputs.
Running ABC script: <abc-temp-dir>/abc.script
ABC: ======== ABC command line "source <abc-temp-dir>/abc.script"
ABC: + read_blif <abc-temp-dir>/input.blif 
ABC: + read_library <abc-temp-dir>/stdcells.genlib 
ABC: + strash 
ABC: + &get -n 
ABC: + &fraig -x 
ABC: + &put 
ABC: + scorr 
ABC: Warning: The network is combinational (run "fraig" or "fraig_sweep").
ABC: + dc2 
ABC: + dretime 
ABC: + strash 
ABC: + &get -n 
ABC: + &dch -f 
ABC: + &nf 
ABC: + &put 
ABC: + write_blif <abc-temp-dir>/output.blif 

2.24.48.2. Re-integrating ABC results.
ABC RESULTS:               AND cells:       33
ABC RESULTS:            ANDNOT cells:       13
ABC RESULTS:               MUX cells:      174
ABC RESULTS:              NAND cells:        5
ABC RESULTS:               NOR cells:        3
ABC RESULTS:               NOT cells:        4
ABC RESULTS:               XOR cells:        1
ABC RESULTS:        internal signals:       60
ABC RESULTS:           input signals:      283
ABC RESULTS:          output signals:      175
Removing temp directory.

2.24.48.1. Executed ABC.
Extracted 18 gates and 23 wires to a netlist network with 5 inputs and 7 outputs.
Running ABC script: <abc-temp-dir>/abc.script
ABC: ======== ABC command line "source <abc-temp-dir>/abc.script"
ABC: + read_blif <abc-temp-dir>/input.blif 
ABC: + read_library <abc-temp-dir>/stdcells.genlib 
ABC: + strash 
ABC: + &get -n 
ABC: + &fraig -x 
ABC: + &put 
ABC: + scorr 
ABC: Warning: The network is combinational (run "fraig" or "fraig_sweep").
ABC: + dc2 
ABC: + dretime 
ABC: + strash 
ABC: + &get -n 
ABC: + &dch -f 
ABC: + &nf 
ABC: + &put 
ABC: + write_blif <abc-temp-dir>/output.blif 

2.24.48.2. Re-integrating ABC results.
ABC RESULTS:               AND cells:        1
ABC RESULTS:               MUX cells:        1
ABC RESULTS:              NAND cells:        1
ABC RESULTS:               NOT cells:        2
ABC RESULTS:                OR cells:        2
ABC RESULTS:             ORNOT cells:        1
ABC RESULTS:              XNOR cells:        2
ABC RESULTS:               XOR cells:        1
ABC RESULTS:        internal signals:       11
ABC RESULTS:           input signals:        5
ABC RESULTS:          output signals:        7
Removing temp directory.

2.24.48.1. Executed ABC.
Extracted 2 gates and 5 wires to a netlist network with 3 inputs and 2 outputs.
Running ABC script: <abc-temp-dir>/abc.script
ABC: ======== ABC command line "source <abc-temp-dir>/abc.script"
ABC: + read_blif <abc-temp-dir>/input.blif 
ABC: + read_library <abc-temp-dir>/stdcells.genlib 
ABC: + strash 
ABC: + &get -n 
ABC: + &fraig -x 
ABC: + &put 
ABC: + scorr 
ABC: Warning: The network is combinational (run "fraig" or "fraig_sweep").
ABC: + dc2 
ABC: + dretime 
ABC: + strash 
ABC: + &get -n 
ABC: + &dch -f 
ABC: + &nf 
ABC: + &put 
ABC: + write_blif <abc-temp-dir>/output.blif 

2.24.48.2. Re-integrating ABC results.
ABC RESULTS:               AND cells:        2
ABC RESULTS:        internal signals:        0
ABC RESULTS:           input signals:        3
ABC RESULTS:          output signals:        2
Removing temp directory.

2.24.48.1. Executed ABC.
Extracted 5 gates and 16 wires to a netlist network with 11 inputs and 5 outputs.
Running ABC script: <abc-temp-dir>/abc.script
ABC: ======== ABC command line "source <abc-temp-dir>/abc.script"
ABC: + read_blif <abc-temp-dir>/input.blif 
ABC: + read_library <abc-temp-dir>/stdcells.genlib 
ABC: + strash 
ABC: + &get -n 
ABC: + &fraig -x 
ABC: + &put 
ABC: + scorr 
ABC: Warning: The network is combinational (run "fraig" or "fraig_sweep").
ABC: + dc2 
ABC: + dretime 
ABC: + strash 
ABC: + &get -n 
ABC: + &dch -f 
ABC: + &nf 
ABC: + &put 
ABC: + write_blif <abc-temp-dir>/output.blif 

2.24.48.2. Re-integrating ABC results.
ABC RESULTS:               AND cells:        1
ABC RESULTS:               MUX cells:        4
ABC RESULTS:        internal signals:        0
ABC RESULTS:           input signals:       11
ABC RESULTS:          output signals:        5
Removing temp directory.

2.24.48.1. Executed ABC.
Extracted 1 gates and 3 wires to a netlist network with 2 inputs and 1 outputs.
Running ABC script: <abc-temp-dir>/abc.script
ABC: ======== ABC command line "source <abc-temp-dir>/abc.script"
ABC: + read_blif <abc-temp-dir>/input.blif 
ABC: + read_library <abc-temp-dir>/stdcells.genlib 
ABC: + strash 
ABC: + &get -n 
ABC: + &fraig -x 
ABC: + &put 
ABC: + scorr 
ABC: Warning: The network is combinational (run "fraig" or "fraig_sweep").
ABC: + dc2 
ABC: + dretime 
ABC: + strash 
ABC: + &get -n 
ABC: + &dch -f 
ABC: + &nf 
ABC: + &put 
ABC: + write_blif <abc-temp-dir>/output.blif 

2.24.48.2. Re-integrating ABC results.
ABC RESULTS:               AND cells:        1
ABC RESULTS:        internal signals:        0
ABC RESULTS:           input signals:        2
ABC RESULTS:          output signals:        1
Removing temp directory.

2.24.48.1. Executed ABC.
Extracted 6 gates and 18 wires to a netlist network with 12 inputs and 5 outputs.
Running ABC script: <abc-temp-dir>/abc.script
ABC: ======== ABC command line "source <abc-temp-dir>/abc.script"
ABC: + read_blif <abc-temp-dir>/input.blif 
ABC: + read_library <abc-temp-dir>/stdcells.genlib 
ABC: + strash 
ABC: + &get -n 
ABC: + &fraig -x 
ABC: + &put 
ABC: + scorr 
ABC: Warning: The network is combinational (run "fraig" or "fraig_sweep").
ABC: + dc2 
ABC: + dretime 
ABC: + strash 
ABC: + &get -n 
ABC: + &dch -f 
ABC: + &nf 
ABC: + &put 
ABC: + write_blif <abc-temp-dir>/output.blif 

2.24.48.2. Re-integrating ABC results.
ABC RESULTS:               AND cells:        2
ABC RESULTS:               MUX cells:        4
ABC RESULTS:        internal signals:        1
ABC RESULTS:           input signals:       12
ABC RESULTS:          output signals:        5
Removing temp directory.

2.24.48.1. Executed ABC.
Extracted 15 gates and 24 wires to a netlist network with 8 inputs and 8 outputs.
Running ABC script: <abc-temp-dir>/abc.script
ABC: ======== ABC command line "source <abc-temp-dir>/abc.script"
ABC: + read_blif <abc-temp-dir>/input.blif 
ABC: + read_library <abc-temp-dir>/stdcells.genlib 
ABC: + strash 
ABC: + &get -n 
ABC: + &fraig -x 
ABC: + &put 
ABC: + scorr 
ABC: Warning: The network is combinational (run "fraig" or "fraig_sweep").
ABC: + dc2 
ABC: + dretime 
ABC: + strash 
ABC: + &get -n 
ABC: + &dch -f 
ABC: + &nf 
ABC: + &put 
ABC: + write_blif <abc-temp-dir>/output.blif 

2.24.48.2. Re-integrating ABC results.
ABC RESULTS:               AND cells:        3
ABC RESULTS:            ANDNOT cells:        3
ABC RESULTS:               NOR cells:        1
ABC RESULTS:               NOT cells:        3
ABC RESULTS:                OR cells:        2
ABC RESULTS:        internal signals:        8
ABC RESULTS:           input signals:        8
ABC RESULTS:          output signals:        8
Removing temp directory.

2.24.48.1. Executed ABC.
Extracted 157 gates and 310 wires to a netlist network with 152 inputs and 51 outputs.
Running ABC script: <abc-temp-dir>/abc.script
ABC: ======== ABC command line "source <abc-temp-dir>/abc.script"
ABC: + read_blif <abc-temp-dir>/input.blif 
ABC: + read_library <abc-temp-dir>/stdcells.genlib 
ABC: + strash 
ABC: + &get -n 
ABC: + &fraig -x 
ABC: + &put 
ABC: + scorr 
ABC: Warning: The network is combinational (run "fraig" or "fraig_sweep").
ABC: + dc2 
ABC: + dretime 
ABC: + strash 
ABC: + &get -n 
ABC: + &dch -f 
ABC: + &nf 
ABC: + &put 
ABC: + write_blif <abc-temp-dir>/output.blif 

2.24.48.2. Re-integrating ABC results.
ABC RESULTS:               AND cells:       25
ABC RESULTS:            ANDNOT cells:        6
ABC RESULTS:               MUX cells:       90
ABC RESULTS:              NAND cells:        1
ABC RESULTS:               NOR cells:        6
ABC RESULTS:               NOT cells:        2
ABC RESULTS:                OR cells:        4
ABC RESULTS:               XOR cells:        1
ABC RESULTS:              ZERO cells:        1
ABC RESULTS:        internal signals:      107
ABC RESULTS:           input signals:      152
ABC RESULTS:          output signals:       51
Removing temp directory.

2.24.48.1. Executed ABC.
Extracted 18 gates and 23 wires to a netlist network with 5 inputs and 7 outputs.
Running ABC script: <abc-temp-dir>/abc.script
ABC: ======== ABC command line "source <abc-temp-dir>/abc.script"
ABC: + read_blif <abc-temp-dir>/input.blif 
ABC: + read_library <abc-temp-dir>/stdcells.genlib 
ABC: + strash 
ABC: + &get -n 
ABC: + &fraig -x 
ABC: + &put 
ABC: + scorr 
ABC: Warning: The network is combinational (run "fraig" or "fraig_sweep").
ABC: + dc2 
ABC: + dretime 
ABC: + strash 
ABC: + &get -n 
ABC: + &dch -f 
ABC: + &nf 
ABC: + &put 
ABC: + write_blif <abc-temp-dir>/output.blif 

2.24.48.2. Re-integrating ABC results.
ABC RESULTS:               AND cells:        1
ABC RESULTS:               MUX cells:        1
ABC RESULTS:              NAND cells:        1
ABC RESULTS:               NOT cells:        2
ABC RESULTS:                OR cells:        2
ABC RESULTS:             ORNOT cells:        1
ABC RESULTS:              XNOR cells:        2
ABC RESULTS:               XOR cells:        1
ABC RESULTS:        internal signals:       11
ABC RESULTS:           input signals:        5
ABC RESULTS:          output signals:        7
Removing temp directory.

2.24.48.1. Executed ABC.
Extracted 2 gates and 5 wires to a netlist network with 3 inputs and 2 outputs.
Running ABC script: <abc-temp-dir>/abc.script
ABC: ======== ABC command line "source <abc-temp-dir>/abc.script"
ABC: + read_blif <abc-temp-dir>/input.blif 
ABC: + read_library <abc-temp-dir>/stdcells.genlib 
ABC: + strash 
ABC: + &get -n 
ABC: + &fraig -x 
ABC: + &put 
ABC: + scorr 
ABC: Warning: The network is combinational (run "fraig" or "fraig_sweep").
ABC: + dc2 
ABC: + dretime 
ABC: + strash 
ABC: + &get -n 
ABC: + &dch -f 
ABC: + &nf 
ABC: + &put 
ABC: + write_blif <abc-temp-dir>/output.blif 

2.24.48.2. Re-integrating ABC results.
ABC RESULTS:               AND cells:        2
ABC RESULTS:        internal signals:        0
ABC RESULTS:           input signals:        3
ABC RESULTS:          output signals:        2
Removing temp directory.

2.24.48.1. Executed ABC.
Extracted 7 gates and 22 wires to a netlist network with 15 inputs and 7 outputs.
Running ABC script: <abc-temp-dir>/abc.script
ABC: ======== ABC command line "source <abc-temp-dir>/abc.script"
ABC: + read_blif <abc-temp-dir>/input.blif 
ABC: + read_library <abc-temp-dir>/stdcells.genlib 
ABC: + strash 
ABC: + &get -n 
ABC: + &fraig -x 
ABC: + &put 
ABC: + scorr 
ABC: Warning: The network is combinational (run "fraig" or "fraig_sweep").
ABC: + dc2 
ABC: + dretime 
ABC: + strash 
ABC: + &get -n 
ABC: + &dch -f 
ABC: + &nf 
ABC: + &put 
ABC: + write_blif <abc-temp-dir>/output.blif 

2.24.48.2. Re-integrating ABC results.
ABC RESULTS:               AND cells:        1
ABC RESULTS:               MUX cells:        6
ABC RESULTS:        internal signals:        0
ABC RESULTS:           input signals:       15
ABC RESULTS:          output signals:        7
Removing temp directory.

2.24.48.1. Executed ABC.
Extracted 1 gates and 3 wires to a netlist network with 2 inputs and 1 outputs.
Running ABC script: <abc-temp-dir>/abc.script
ABC: ======== ABC command line "source <abc-temp-dir>/abc.script"
ABC: + read_blif <abc-temp-dir>/input.blif 
ABC: + read_library <abc-temp-dir>/stdcells.genlib 
ABC: + strash 
ABC: + &get -n 
ABC: + &fraig -x 
ABC: + &put 
ABC: + scorr 
ABC: Warning: The network is combinational (run "fraig" or "fraig_sweep").
ABC: + dc2 
ABC: + dretime 
ABC: + strash 
ABC: + &get -n 
ABC: + &dch -f 
ABC: + &nf 
ABC: + &put 
ABC: + write_blif <abc-temp-dir>/output.blif 

2.24.48.2. Re-integrating ABC results.
ABC RESULTS:               AND cells:        1
ABC RESULTS:        internal signals:        0
ABC RESULTS:           input signals:        2
ABC RESULTS:          output signals:        1
Removing temp directory.

2.24.48.1. Executed ABC.
Extracted 8 gates and 24 wires to a netlist network with 16 inputs and 7 outputs.
Running ABC script: <abc-temp-dir>/abc.script
ABC: ======== ABC command line "source <abc-temp-dir>/abc.script"
ABC: + read_blif <abc-temp-dir>/input.blif 
ABC: + read_library <abc-temp-dir>/stdcells.genlib 
ABC: + strash 
ABC: + &get -n 
ABC: + &fraig -x 
ABC: + &put 
ABC: + scorr 
ABC: Warning: The network is combinational (run "fraig" or "fraig_sweep").
ABC: + dc2 
ABC: + dretime 
ABC: + strash 
ABC: + &get -n 
ABC: + &dch -f 
ABC: + &nf 
ABC: + &put 
ABC: + write_blif <abc-temp-dir>/output.blif 

2.24.48.2. Re-integrating ABC results.
ABC RESULTS:               AND cells:        2
ABC RESULTS:               MUX cells:        6
ABC RESULTS:        internal signals:        1
ABC RESULTS:           input signals:       16
ABC RESULTS:          output signals:        7
Removing temp directory.

2.24.48.1. Executed ABC.
Extracted 15 gates and 24 wires to a netlist network with 8 inputs and 8 outputs.
Running ABC script: <abc-temp-dir>/abc.script
ABC: ======== ABC command line "source <abc-temp-dir>/abc.script"
ABC: + read_blif <abc-temp-dir>/input.blif 
ABC: + read_library <abc-temp-dir>/stdcells.genlib 
ABC: + strash 
ABC: + &get -n 
ABC: + &fraig -x 
ABC: + &put 
ABC: + scorr 
ABC: Warning: The network is combinational (run "fraig" or "fraig_sweep").
ABC: + dc2 
ABC: + dretime 
ABC: + strash 
ABC: + &get -n 
ABC: + &dch -f 
ABC: + &nf 
ABC: + &put 
ABC: + write_blif <abc-temp-dir>/output.blif 

2.24.48.2. Re-integrating ABC results.
ABC RESULTS:               AND cells:        3
ABC RESULTS:            ANDNOT cells:        3
ABC RESULTS:               NOR cells:        1
ABC RESULTS:               NOT cells:        3
ABC RESULTS:                OR cells:        2
ABC RESULTS:        internal signals:        8
ABC RESULTS:           input signals:        8
ABC RESULTS:          output signals:        8
Removing temp directory.

2.24.48.1. Executed ABC.
Extracted 157 gates and 310 wires to a netlist network with 152 inputs and 51 outputs.
Running ABC script: <abc-temp-dir>/abc.script
ABC: ======== ABC command line "source <abc-temp-dir>/abc.script"
ABC: + read_blif <abc-temp-dir>/input.blif 
ABC: + read_library <abc-temp-dir>/stdcells.genlib 
ABC: + strash 
ABC: + &get -n 
ABC: + &fraig -x 
ABC: + &put 
ABC: + scorr 
ABC: Warning: The network is combinational (run "fraig" or "fraig_sweep").
ABC: + dc2 
ABC: + dretime 
ABC: + strash 
ABC: + &get -n 
ABC: + &dch -f 
ABC: + &nf 
ABC: + &put 
ABC: + write_blif <abc-temp-dir>/output.blif 

2.24.48.2. Re-integrating ABC results.
ABC RESULTS:               AND cells:       25
ABC RESULTS:            ANDNOT cells:        6
ABC RESULTS:               MUX cells:       90
ABC RESULTS:              NAND cells:        1
ABC RESULTS:               NOR cells:        6
ABC RESULTS:               NOT cells:        2
ABC RESULTS:                OR cells:        4
ABC RESULTS:               XOR cells:        1
ABC RESULTS:              ZERO cells:        1
ABC RESULTS:        internal signals:      107
ABC RESULTS:           input signals:      152
ABC RESULTS:          output signals:       51
Removing temp directory.

2.24.48.1. Executed ABC.
Extracted 18 gates and 23 wires to a netlist network with 5 inputs and 7 outputs.
Running ABC script: <abc-temp-dir>/abc.script
ABC: ======== ABC command line "source <abc-temp-dir>/abc.script"
ABC: + read_blif <abc-temp-dir>/input.blif 
ABC: + read_library <abc-temp-dir>/stdcells.genlib 
ABC: + strash 
ABC: + &get -n 
ABC: + &fraig -x 
ABC: + &put 
ABC: + scorr 
ABC: Warning: The network is combinational (run "fraig" or "fraig_sweep").
ABC: + dc2 
ABC: + dretime 
ABC: + strash 
ABC: + &get -n 
ABC: + &dch -f 
ABC: + &nf 
ABC: + &put 
ABC: + write_blif <abc-temp-dir>/output.blif 

2.24.48.2. Re-integrating ABC results.
ABC RESULTS:               AND cells:        1
ABC RESULTS:               MUX cells:        1
ABC RESULTS:              NAND cells:        1
ABC RESULTS:               NOT cells:        2
ABC RESULTS:                OR cells:        2
ABC RESULTS:             ORNOT cells:        1
ABC RESULTS:              XNOR cells:        2
ABC RESULTS:               XOR cells:        1
ABC RESULTS:        internal signals:       11
ABC RESULTS:           input signals:        5
ABC RESULTS:          output signals:        7
Removing temp directory.

2.24.48.1. Executed ABC.
Extracted 2 gates and 5 wires to a netlist network with 3 inputs and 2 outputs.
Running ABC script: <abc-temp-dir>/abc.script
ABC: ======== ABC command line "source <abc-temp-dir>/abc.script"
ABC: + read_blif <abc-temp-dir>/input.blif 
ABC: + read_library <abc-temp-dir>/stdcells.genlib 
ABC: + strash 
ABC: + &get -n 
ABC: + &fraig -x 
ABC: + &put 
ABC: + scorr 
ABC: Warning: The network is combinational (run "fraig" or "fraig_sweep").
ABC: + dc2 
ABC: + dretime 
ABC: + strash 
ABC: + &get -n 
ABC: + &dch -f 
ABC: + &nf 
ABC: + &put 
ABC: + write_blif <abc-temp-dir>/output.blif 

2.24.48.2. Re-integrating ABC results.
ABC RESULTS:               AND cells:        2
ABC RESULTS:        internal signals:        0
ABC RESULTS:           input signals:        3
ABC RESULTS:          output signals:        2
Removing temp directory.

2.24.48.1. Executed ABC.
Extracted 7 gates and 22 wires to a netlist network with 15 inputs and 7 outputs.
Running ABC script: <abc-temp-dir>/abc.script
ABC: ======== ABC command line "source <abc-temp-dir>/abc.script"
ABC: + read_blif <abc-temp-dir>/input.blif 
ABC: + read_library <abc-temp-dir>/stdcells.genlib 
ABC: + strash 
ABC: + &get -n 
ABC: + &fraig -x 
ABC: + &put 
ABC: + scorr 
ABC: Warning: The network is combinational (run "fraig" or "fraig_sweep").
ABC: + dc2 
ABC: + dretime 
ABC: + strash 
ABC: + &get -n 
ABC: + &dch -f 
ABC: + &nf 
ABC: + &put 
ABC: + write_blif <abc-temp-dir>/output.blif 

2.24.48.2. Re-integrating ABC results.
ABC RESULTS:               AND cells:        1
ABC RESULTS:               MUX cells:        6
ABC RESULTS:        internal signals:        0
ABC RESULTS:           input signals:       15
ABC RESULTS:          output signals:        7
Removing temp directory.

2.24.48.1. Executed ABC.
Extracted 1 gates and 3 wires to a netlist network with 2 inputs and 1 outputs.
Running ABC script: <abc-temp-dir>/abc.script
ABC: ======== ABC command line "source <abc-temp-dir>/abc.script"
ABC: + read_blif <abc-temp-dir>/input.blif 
ABC: + read_library <abc-temp-dir>/stdcells.genlib 
ABC: + strash 
ABC: + &get -n 
ABC: + &fraig -x 
ABC: + &put 
ABC: + scorr 
ABC: Warning: The network is combinational (run "fraig" or "fraig_sweep").
ABC: + dc2 
ABC: + dretime 
ABC: + strash 
ABC: + &get -n 
ABC: + &dch -f 
ABC: + &nf 
ABC: + &put 
ABC: + write_blif <abc-temp-dir>/output.blif 

2.24.48.2. Re-integrating ABC results.
ABC RESULTS:               AND cells:        1
ABC RESULTS:        internal signals:        0
ABC RESULTS:           input signals:        2
ABC RESULTS:          output signals:        1
Removing temp directory.

2.24.48.1. Executed ABC.
Extracted 8 gates and 24 wires to a netlist network with 16 inputs and 7 outputs.
Running ABC script: <abc-temp-dir>/abc.script
ABC: ======== ABC command line "source <abc-temp-dir>/abc.script"
ABC: + read_blif <abc-temp-dir>/input.blif 
ABC: + read_library <abc-temp-dir>/stdcells.genlib 
ABC: + strash 
ABC: + &get -n 
ABC: + &fraig -x 
ABC: + &put 
ABC: + scorr 
ABC: Warning: The network is combinational (run "fraig" or "fraig_sweep").
ABC: + dc2 
ABC: + dretime 
ABC: + strash 
ABC: + &get -n 
ABC: + &dch -f 
ABC: + &nf 
ABC: + &put 
ABC: + write_blif <abc-temp-dir>/output.blif 

2.24.48.2. Re-integrating ABC results.
ABC RESULTS:               AND cells:        2
ABC RESULTS:               MUX cells:        6
ABC RESULTS:        internal signals:        1
ABC RESULTS:           input signals:       16
ABC RESULTS:          output signals:        7
Removing temp directory.

2.24.48.1. Executed ABC.
Extracted 15 gates and 24 wires to a netlist network with 8 inputs and 8 outputs.
Running ABC script: <abc-temp-dir>/abc.script
ABC: ======== ABC command line "source <abc-temp-dir>/abc.script"
ABC: + read_blif <abc-temp-dir>/input.blif 
ABC: + read_library <abc-temp-dir>/stdcells.genlib 
ABC: + strash 
ABC: + &get -n 
ABC: + &fraig -x 
ABC: + &put 
ABC: + scorr 
ABC: Warning: The network is combinational (run "fraig" or "fraig_sweep").
ABC: + dc2 
ABC: + dretime 
ABC: + strash 
ABC: + &get -n 
ABC: + &dch -f 
ABC: + &nf 
ABC: + &put 
ABC: + write_blif <abc-temp-dir>/output.blif 

2.24.48.2. Re-integrating ABC results.
ABC RESULTS:               AND cells:        3
ABC RESULTS:            ANDNOT cells:        3
ABC RESULTS:               NOR cells:        1
ABC RESULTS:               NOT cells:        3
ABC RESULTS:                OR cells:        2
ABC RESULTS:        internal signals:        8
ABC RESULTS:           input signals:        8
ABC RESULTS:          output signals:        8
Removing temp directory.

2.24.48.1. Executed ABC.
Extracted 157 gates and 310 wires to a netlist network with 152 inputs and 51 outputs.
Running ABC script: <abc-temp-dir>/abc.script
ABC: ======== ABC command line "source <abc-temp-dir>/abc.script"
ABC: + read_blif <abc-temp-dir>/input.blif 
ABC: + read_library <abc-temp-dir>/stdcells.genlib 
ABC: + strash 
ABC: + &get -n 
ABC: + &fraig -x 
ABC: + &put 
ABC: + scorr 
ABC: Warning: The network is combinational (run "fraig" or "fraig_sweep").
ABC: + dc2 
ABC: + dretime 
ABC: + strash 
ABC: + &get -n 
ABC: + &dch -f 
ABC: + &nf 
ABC: + &put 
ABC: + write_blif <abc-temp-dir>/output.blif 

2.24.48.2. Re-integrating ABC results.
ABC RESULTS:               AND cells:       20
ABC RESULTS:            ANDNOT cells:       11
ABC RESULTS:               MUX cells:       90
ABC RESULTS:              NAND cells:        1
ABC RESULTS:               NOR cells:        6
ABC RESULTS:               NOT cells:        2
ABC RESULTS:                OR cells:        4
ABC RESULTS:               XOR cells:        1
ABC RESULTS:              ZERO cells:        1
ABC RESULTS:        internal signals:      107
ABC RESULTS:           input signals:      152
ABC RESULTS:          output signals:       51
Removing temp directory.

2.24.48.1. Executed ABC.
Extracted 477 gates and 496 wires to a netlist network with 18 inputs and 12 outputs.
Running ABC script: <abc-temp-dir>/abc.script
ABC: ======== ABC command line "source <abc-temp-dir>/abc.script"
ABC: + read_blif <abc-temp-dir>/input.blif 
ABC: + read_library <abc-temp-dir>/stdcells.genlib 
ABC: + strash 
ABC: + &get -n 
ABC: + &fraig -x 
ABC: + &put 
ABC: + scorr 
ABC: Warning: The network is combinational (run "fraig" or "fraig_sweep").
ABC: + dc2 
ABC: + dretime 
ABC: + strash 
ABC: + &get -n 
ABC: + &dch -f 
ABC: + &nf 
ABC: + &put 
ABC: + write_blif <abc-temp-dir>/output.blif 

2.24.48.2. Re-integrating ABC results.
ABC RESULTS:               AND cells:       29
ABC RESULTS:            ANDNOT cells:        9
ABC RESULTS:               MUX cells:       16
ABC RESULTS:              NAND cells:       29
ABC RESULTS:               NOR cells:        5
ABC RESULTS:               NOT cells:        2
ABC RESULTS:                OR cells:        9
ABC RESULTS:             ORNOT cells:        7
ABC RESULTS:              XNOR cells:        2
ABC RESULTS:               XOR cells:        1
ABC RESULTS:        internal signals:      466
ABC RESULTS:           input signals:       18
ABC RESULTS:          output signals:       12
Removing temp directory.

2.24.48.1. Executed ABC.
Extracted 2 gates and 5 wires to a netlist network with 3 inputs and 2 outputs.
Running ABC script: <abc-temp-dir>/abc.script
ABC: ======== ABC command line "source <abc-temp-dir>/abc.script"
ABC: + read_blif <abc-temp-dir>/input.blif 
ABC: + read_library <abc-temp-dir>/stdcells.genlib 
ABC: + strash 
ABC: + &get -n 
ABC: + &fraig -x 
ABC: + &put 
ABC: + scorr 
ABC: Warning: The network is combinational (run "fraig" or "fraig_sweep").
ABC: + dc2 
ABC: + dretime 
ABC: + strash 
ABC: + &get -n 
ABC: + &dch -f 
ABC: + &nf 
ABC: + &put 
ABC: + write_blif <abc-temp-dir>/output.blif 

2.24.48.2. Re-integrating ABC results.
ABC RESULTS:               AND cells:        2
ABC RESULTS:        internal signals:        0
ABC RESULTS:           input signals:        3
ABC RESULTS:          output signals:        2
Removing temp directory.

2.24.48.1. Executed ABC.
Extracted 7 gates and 22 wires to a netlist network with 15 inputs and 7 outputs.
Running ABC script: <abc-temp-dir>/abc.script
ABC: ======== ABC command line "source <abc-temp-dir>/abc.script"
ABC: + read_blif <abc-temp-dir>/input.blif 
ABC: + read_library <abc-temp-dir>/stdcells.genlib 
ABC: + strash 
ABC: + &get -n 
ABC: + &fraig -x 
ABC: + &put 
ABC: + scorr 
ABC: Warning: The network is combinational (run "fraig" or "fraig_sweep").
ABC: + dc2 
ABC: + dretime 
ABC: + strash 
ABC: + &get -n 
ABC: + &dch -f 
ABC: + &nf 
ABC: + &put 
ABC: + write_blif <abc-temp-dir>/output.blif 

2.24.48.2. Re-integrating ABC results.
ABC RESULTS:               AND cells:        1
ABC RESULTS:               MUX cells:        6
ABC RESULTS:        internal signals:        0
ABC RESULTS:           input signals:       15
ABC RESULTS:          output signals:        7
Removing temp directory.

2.24.48.1. Executed ABC.
Extracted 1 gates and 3 wires to a netlist network with 2 inputs and 1 outputs.
Running ABC script: <abc-temp-dir>/abc.script
ABC: ======== ABC command line "source <abc-temp-dir>/abc.script"
ABC: + read_blif <abc-temp-dir>/input.blif 
ABC: + read_library <abc-temp-dir>/stdcells.genlib 
ABC: + strash 
ABC: + &get -n 
ABC: + &fraig -x 
ABC: + &put 
ABC: + scorr 
ABC: Warning: The network is combinational (run "fraig" or "fraig_sweep").
ABC: + dc2 
ABC: + dretime 
ABC: + strash 
ABC: + &get -n 
ABC: + &dch -f 
ABC: + &nf 
ABC: + &put 
ABC: + write_blif <abc-temp-dir>/output.blif 

2.24.48.2. Re-integrating ABC results.
ABC RESULTS:               AND cells:        1
ABC RESULTS:        internal signals:        0
ABC RESULTS:           input signals:        2
ABC RESULTS:          output signals:        1
Removing temp directory.

2.24.48.1. Executed ABC.
Extracted 8 gates and 24 wires to a netlist network with 16 inputs and 7 outputs.
Running ABC script: <abc-temp-dir>/abc.script
ABC: ======== ABC command line "source <abc-temp-dir>/abc.script"
ABC: + read_blif <abc-temp-dir>/input.blif 
ABC: + read_library <abc-temp-dir>/stdcells.genlib 
ABC: + strash 
ABC: + &get -n 
ABC: + &fraig -x 
ABC: + &put 
ABC: + scorr 
ABC: Warning: The network is combinational (run "fraig" or "fraig_sweep").
ABC: + dc2 
ABC: + dretime 
ABC: + strash 
ABC: + &get -n 
ABC: + &dch -f 
ABC: + &nf 
ABC: + &put 
ABC: + write_blif <abc-temp-dir>/output.blif 

2.24.48.2. Re-integrating ABC results.
ABC RESULTS:               AND cells:        2
ABC RESULTS:               MUX cells:        6
ABC RESULTS:        internal signals:        1
ABC RESULTS:           input signals:       16
ABC RESULTS:          output signals:        7
Removing temp directory.

2.24.48.1. Executed ABC.
Extracted 18 gates and 23 wires to a netlist network with 5 inputs and 7 outputs.
Running ABC script: <abc-temp-dir>/abc.script
ABC: ======== ABC command line "source <abc-temp-dir>/abc.script"
ABC: + read_blif <abc-temp-dir>/input.blif 
ABC: + read_library <abc-temp-dir>/stdcells.genlib 
ABC: + strash 
ABC: + &get -n 
ABC: + &fraig -x 
ABC: + &put 
ABC: + scorr 
ABC: Warning: The network is combinational (run "fraig" or "fraig_sweep").
ABC: + dc2 
ABC: + dretime 
ABC: + strash 
ABC: + &get -n 
ABC: + &dch -f 
ABC: + &nf 
ABC: + &put 
ABC: + write_blif <abc-temp-dir>/output.blif 

2.24.48.2. Re-integrating ABC results.
ABC RESULTS:               AND cells:        1
ABC RESULTS:               MUX cells:        1
ABC RESULTS:              NAND cells:        1
ABC RESULTS:               NOT cells:        2
ABC RESULTS:                OR cells:        2
ABC RESULTS:             ORNOT cells:        1
ABC RESULTS:              XNOR cells:        2
ABC RESULTS:               XOR cells:        1
ABC RESULTS:        internal signals:       11
ABC RESULTS:           input signals:        5
ABC RESULTS:          output signals:        7
Removing temp directory.

2.24.48.1. Executed ABC.
Extracted 15 gates and 24 wires to a netlist network with 8 inputs and 8 outputs.
Running ABC script: <abc-temp-dir>/abc.script
ABC: ======== ABC command line "source <abc-temp-dir>/abc.script"
ABC: + read_blif <abc-temp-dir>/input.blif 
ABC: + read_library <abc-temp-dir>/stdcells.genlib 
ABC: + strash 
ABC: + &get -n 
ABC: + &fraig -x 
ABC: + &put 
ABC: + scorr 
ABC: Warning: The network is combinational (run "fraig" or "fraig_sweep").
ABC: + dc2 
ABC: + dretime 
ABC: + strash 
ABC: + &get -n 
ABC: + &dch -f 
ABC: + &nf 
ABC: + &put 
ABC: + write_blif <abc-temp-dir>/output.blif 

2.24.48.2. Re-integrating ABC results.
ABC RESULTS:               AND cells:        3
ABC RESULTS:            ANDNOT cells:        3
ABC RESULTS:               NOR cells:        1
ABC RESULTS:               NOT cells:        3
ABC RESULTS:                OR cells:        2
ABC RESULTS:        internal signals:        8
ABC RESULTS:           input signals:        8
ABC RESULTS:          output signals:        8
Removing temp directory.

2.24.48.1. Executed ABC.
Extracted 148 gates and 296 wires to a netlist network with 147 inputs and 51 outputs.
Running ABC script: <abc-temp-dir>/abc.script
ABC: ======== ABC command line "source <abc-temp-dir>/abc.script"
ABC: + read_blif <abc-temp-dir>/input.blif 
ABC: + read_library <abc-temp-dir>/stdcells.genlib 
ABC: + strash 
ABC: + &get -n 
ABC: + &fraig -x 
ABC: + &put 
ABC: + scorr 
ABC: Warning: The network is combinational (run "fraig" or "fraig_sweep").
ABC: + dc2 
ABC: + dretime 
ABC: + strash 
ABC: + &get -n 
ABC: + &dch -f 
ABC: + &nf 
ABC: + &put 
ABC: + write_blif <abc-temp-dir>/output.blif 

2.24.48.2. Re-integrating ABC results.
ABC RESULTS:               AND cells:       20
ABC RESULTS:            ANDNOT cells:        6
ABC RESULTS:               MUX cells:       90
ABC RESULTS:              NAND cells:        1
ABC RESULTS:               NOR cells:        6
ABC RESULTS:               NOT cells:        3
ABC RESULTS:                OR cells:        5
ABC RESULTS:               XOR cells:        1
ABC RESULTS:        internal signals:       98
ABC RESULTS:           input signals:      147
ABC RESULTS:          output signals:       51
Removing temp directory.

2.24.48.1. Executed ABC.
Extracted 2 gates and 5 wires to a netlist network with 3 inputs and 2 outputs.
Running ABC script: <abc-temp-dir>/abc.script
ABC: ======== ABC command line "source <abc-temp-dir>/abc.script"
ABC: + read_blif <abc-temp-dir>/input.blif 
ABC: + read_library <abc-temp-dir>/stdcells.genlib 
ABC: + strash 
ABC: + &get -n 
ABC: + &fraig -x 
ABC: + &put 
ABC: + scorr 
ABC: Warning: The network is combinational (run "fraig" or "fraig_sweep").
ABC: + dc2 
ABC: + dretime 
ABC: + strash 
ABC: + &get -n 
ABC: + &dch -f 
ABC: + &nf 
ABC: + &put 
ABC: + write_blif <abc-temp-dir>/output.blif 

2.24.48.2. Re-integrating ABC results.
ABC RESULTS:               AND cells:        2
ABC RESULTS:        internal signals:        0
ABC RESULTS:           input signals:        3
ABC RESULTS:          output signals:        2
Removing temp directory.

2.24.48.1. Executed ABC.
Extracted 7 gates and 22 wires to a netlist network with 15 inputs and 7 outputs.
Running ABC script: <abc-temp-dir>/abc.script
ABC: ======== ABC command line "source <abc-temp-dir>/abc.script"
ABC: + read_blif <abc-temp-dir>/input.blif 
ABC: + read_library <abc-temp-dir>/stdcells.genlib 
ABC: + strash 
ABC: + &get -n 
ABC: + &fraig -x 
ABC: + &put 
ABC: + scorr 
ABC: Warning: The network is combinational (run "fraig" or "fraig_sweep").
ABC: + dc2 
ABC: + dretime 
ABC: + strash 
ABC: + &get -n 
ABC: + &dch -f 
ABC: + &nf 
ABC: + &put 
ABC: + write_blif <abc-temp-dir>/output.blif 

2.24.48.2. Re-integrating ABC results.
ABC RESULTS:               AND cells:        1
ABC RESULTS:               MUX cells:        6
ABC RESULTS:        internal signals:        0
ABC RESULTS:           input signals:       15
ABC RESULTS:          output signals:        7
Removing temp directory.

2.24.48.1. Executed ABC.
Extracted 1 gates and 3 wires to a netlist network with 2 inputs and 1 outputs.
Running ABC script: <abc-temp-dir>/abc.script
ABC: ======== ABC command line "source <abc-temp-dir>/abc.script"
ABC: + read_blif <abc-temp-dir>/input.blif 
ABC: + read_library <abc-temp-dir>/stdcells.genlib 
ABC: + strash 
ABC: + &get -n 
ABC: + &fraig -x 
ABC: + &put 
ABC: + scorr 
ABC: Warning: The network is combinational (run "fraig" or "fraig_sweep").
ABC: + dc2 
ABC: + dretime 
ABC: + strash 
ABC: + &get -n 
ABC: + &dch -f 
ABC: + &nf 
ABC: + &put 
ABC: + write_blif <abc-temp-dir>/output.blif 

2.24.48.2. Re-integrating ABC results.
ABC RESULTS:               AND cells:        1
ABC RESULTS:        internal signals:        0
ABC RESULTS:           input signals:        2
ABC RESULTS:          output signals:        1
Removing temp directory.

2.24.48.1. Executed ABC.
Extracted 8 gates and 24 wires to a netlist network with 16 inputs and 7 outputs.
Running ABC script: <abc-temp-dir>/abc.script
ABC: ======== ABC command line "source <abc-temp-dir>/abc.script"
ABC: + read_blif <abc-temp-dir>/input.blif 
ABC: + read_library <abc-temp-dir>/stdcells.genlib 
ABC: + strash 
ABC: + &get -n 
ABC: + &fraig -x 
ABC: + &put 
ABC: + scorr 
ABC: Warning: The network is combinational (run "fraig" or "fraig_sweep").
ABC: + dc2 
ABC: + dretime 
ABC: + strash 
ABC: + &get -n 
ABC: + &dch -f 
ABC: + &nf 
ABC: + &put 
ABC: + write_blif <abc-temp-dir>/output.blif 

2.24.48.2. Re-integrating ABC results.
ABC RESULTS:               AND cells:        2
ABC RESULTS:               MUX cells:        6
ABC RESULTS:        internal signals:        1
ABC RESULTS:           input signals:       16
ABC RESULTS:          output signals:        7
Removing temp directory.
Removing global temp directory.

2.25. Executing OPT pass (performing simple optimizations).

2.25.1. Executing OPT_EXPR pass (perform const folding).
Optimizing module vc_router.
<suppressed ~12 debug messages>

2.25.2. Executing OPT_MERGE pass (detect identical cells).
Finding identical cells in module `\vc_router'.
Computing hashes of 3591 cells of `\vc_router'.
Finding duplicate cells in `\vc_router'.
Computing hashes of 3566 cells of `\vc_router'.
Finding duplicate cells in `\vc_router'.
<suppressed ~75 debug messages>
Removed a total of 25 cells.

2.25.3. Executing OPT_DFF pass (perform DFF optimizations).

2.25.4. Executing OPT_CLEAN pass (remove unused cells and wires).
Finding unused cells or wires in module \vc_router..
Removed 0 unused cells and 4300 unused wires.
<suppressed ~47 debug messages>

2.25.5. Finished fast OPT passes.

2.26. Executing HIERARCHY pass (managing design hierarchy).
Attribute `top' found on module `vc_router'. Setting top module to vc_router.

2.26.1. Analyzing design hierarchy..
Top module:  \vc_router

2.26.2. Analyzing design hierarchy..
Top module:  \vc_router
Removed 0 unused modules.

2.27. Printing statistics.

=== vc_router ===

        +----------Local Count, excluding submodules.
        | 
     2495 wires
     5224 wire bits
      262 public wires
     2904 public wire bits
       11 ports
      395 port bits
     3566 cells
      134   $_ANDNOT_
      585   $_AND_
       69   $_DFFE_PN0P_
        5   $_DFFE_PN1P_
      648   $_DFFE_PP_
        1   $_DFF_PN0_
      977   $_MUX_
      757   $_NAND_
       74   $_NOR_
       61   $_NOT_
       80   $_ORNOT_
      125   $_OR_
       33   $_XNOR_
       17   $_XOR_

2.28. Executing CHECK pass (checking for obvious problems).
Checking module vc_router...
Found and reported 0 problems.

3. Executing ABC pass (technology mapping using ABC).

3.1. Summary of detected clock domains:
  184 cells in clk=\clk, en={ }, arst=!\rst_n, srst={ }
  145 cells in clk=\clk, en=\g_out_arb[2].u_out_arb.advance, arst=!\rst_n, srst={ }
  117 cells in clk=\clk, en=\g_out_arb[4].u_out_arb.advance, arst=!\rst_n, srst={ }
  48 cells in clk=\clk, en=$abc$1298114$auto$simple.cc:193:make_patterns_logic$1008, arst=!\rst_n, srst={ }
  16 cells in clk=\clk, en=$abc$1298115$auto$simple.cc:193:make_patterns_logic$1005, arst=!\rst_n, srst={ }
  153 cells in clk=\clk, en=$abc$1298116$auto$simple.cc:193:make_patterns_logic$1002, arst=!\rst_n, srst={ }
  131 cells in clk=\clk, en=$abc$1298117$auto$simple.cc:193:make_patterns_logic$999, arst=!\rst_n, srst={ }
  165 cells in clk=\clk, en=$abc$1298118$auto$simple.cc:193:make_patterns_logic$996, arst=!\rst_n, srst={ }
  331 cells in clk=\clk, en=$abc$1298119$auto$simple.cc:193:make_patterns_logic$993, arst=!\rst_n, srst={ }
  133 cells in clk=\clk, en=\g_out_arb[1].u_out_arb.advance, arst=!\rst_n, srst={ }
  135 cells in clk=\clk, en=\g_out_arb[3].u_out_arb.advance, arst=!\rst_n, srst={ }
  14 cells in clk=\clk, en=$abc$1298122$auto$simple.cc:193:make_patterns_logic$988, arst=!\rst_n, srst={ }
  14 cells in clk=\clk, en=$200y, arst=!\rst_n, srst={ }
  204 cells in clk=\clk, en=$209y, arst=!\rst_n, srst={ }
  14 cells in clk=\clk, en=$abc$1298125$auto$simple.cc:193:make_patterns_logic$983, arst=!\rst_n, srst={ }
  28 cells in clk=\clk, en=$abc$1298126$auto$simple.cc:210:make_patterns_logic$1295250, arst={ }, srst={ }
  31 cells in clk=\clk, en=$abc$1298127$auto$simple.cc:210:make_patterns_logic$1295220, arst={ }, srst={ }
  27 cells in clk=\clk, en=$abc$1298128$auto$simple.cc:210:make_patterns_logic$1295190, arst={ }, srst={ }
  32 cells in clk=\clk, en=$abc$1298129$auto$simple.cc:210:make_patterns_logic$1295160, arst={ }, srst={ }
  13 cells in clk=\clk, en=$154y, arst=!\rst_n, srst={ }
  229 cells in clk=\clk, en=$163y, arst=!\rst_n, srst={ }
  14 cells in clk=\clk, en=$abc$1298132$auto$simple.cc:193:make_patterns_logic$906, arst=!\rst_n, srst={ }
  36 cells in clk=\clk, en=$abc$1298133$auto$simple.cc:210:make_patterns_logic$1295130, arst={ }, srst={ }
  41 cells in clk=\clk, en=$abc$1298134$auto$simple.cc:210:make_patterns_logic$1295100, arst={ }, srst={ }
  35 cells in clk=\clk, en=$abc$1298135$auto$simple.cc:210:make_patterns_logic$1295070, arst={ }, srst={ }
  42 cells in clk=\clk, en=$abc$1298136$auto$simple.cc:210:make_patterns_logic$1295040, arst={ }, srst={ }
  13 cells in clk=\clk, en=$108y, arst=!\rst_n, srst={ }
  285 cells in clk=\clk, en=$117y, arst=!\rst_n, srst={ }
  14 cells in clk=\clk, en=$abc$1298139$auto$simple.cc:193:make_patterns_logic$829, arst=!\rst_n, srst={ }
  36 cells in clk=\clk, en=$abc$1298140$auto$simple.cc:210:make_patterns_logic$1295010, arst={ }, srst={ }
  41 cells in clk=\clk, en=$abc$1298141$auto$simple.cc:210:make_patterns_logic$1294980, arst={ }, srst={ }
  35 cells in clk=\clk, en=$abc$1298142$auto$simple.cc:210:make_patterns_logic$1294950, arst={ }, srst={ }
  42 cells in clk=\clk, en=$abc$1298143$auto$simple.cc:210:make_patterns_logic$1294920, arst={ }, srst={ }
  13 cells in clk=\clk, en=$62y, arst=!\rst_n, srst={ }
  158 cells in clk=\clk, en=$71y, arst=!\rst_n, srst={ }
  120 cells in clk=\clk, en=\g_out_arb[0].u_out_arb.advance, arst=!\rst_n, srst={ }
  36 cells in clk=\clk, en=$abc$1298147$auto$simple.cc:210:make_patterns_logic$1294890, arst={ }, srst={ }
  41 cells in clk=\clk, en=$abc$1298148$auto$simple.cc:210:make_patterns_logic$1294860, arst={ }, srst={ }
  35 cells in clk=\clk, en=$abc$1298149$auto$simple.cc:210:make_patterns_logic$1294830, arst={ }, srst={ }
  42 cells in clk=\clk, en=$abc$1298150$auto$simple.cc:210:make_patterns_logic$1294800, arst={ }, srst={ }
  14 cells in clk=\clk, en=$abc$1298151$auto$simple.cc:193:make_patterns_logic$679, arst=!\rst_n, srst={ }
  13 cells in clk=\clk, en=$16y, arst=!\rst_n, srst={ }
  142 cells in clk=\clk, en=$25y, arst=!\rst_n, srst={ }
  36 cells in clk=\clk, en=$abc$1298154$auto$simple.cc:210:make_patterns_logic$1294770, arst={ }, srst={ }
  41 cells in clk=\clk, en=$abc$1298155$auto$simple.cc:210:make_patterns_logic$1294740, arst={ }, srst={ }
  35 cells in clk=\clk, en=$abc$1298156$auto$simple.cc:210:make_patterns_logic$1294710, arst={ }, srst={ }
  42 cells in clk=\clk, en=$abc$1298157$auto$simple.cc:210:make_patterns_logic$1294680, arst={ }, srst={ }

3.2. Extracting gate netlist of module `\vc_router' to `<abc-temp-dir>/input.blif'..
Found matching posedge clock domain: \clk, asynchronously reset by !\rst_n

3.3. Extracting gate netlist of module `\vc_router' to `<abc-temp-dir>/input.blif'..
Found matching posedge clock domain: \clk, enabled by \g_out_arb[2].u_out_arb.advance, asynchronously reset by !\rst_n

3.4. Extracting gate netlist of module `\vc_router' to `<abc-temp-dir>/input.blif'..
Found matching posedge clock domain: \clk, enabled by \g_out_arb[4].u_out_arb.advance, asynchronously reset by !\rst_n

3.5. Extracting gate netlist of module `\vc_router' to `<abc-temp-dir>/input.blif'..
Found matching posedge clock domain: \clk, enabled by $abc$1298114$auto$simple.cc:193:make_patterns_logic$1008, asynchronously reset by !\rst_n

3.6. Extracting gate netlist of module `\vc_router' to `<abc-temp-dir>/input.blif'..
Found matching posedge clock domain: \clk, enabled by $abc$1298115$auto$simple.cc:193:make_patterns_logic$1005, asynchronously reset by !\rst_n

3.7. Extracting gate netlist of module `\vc_router' to `<abc-temp-dir>/input.blif'..
Found matching posedge clock domain: \clk, enabled by $abc$1298116$auto$simple.cc:193:make_patterns_logic$1002, asynchronously reset by !\rst_n

3.8. Extracting gate netlist of module `\vc_router' to `<abc-temp-dir>/input.blif'..
Found matching posedge clock domain: \clk, enabled by $abc$1298117$auto$simple.cc:193:make_patterns_logic$999, asynchronously reset by !\rst_n

3.9. Extracting gate netlist of module `\vc_router' to `<abc-temp-dir>/input.blif'..
Found matching posedge clock domain: \clk, enabled by $abc$1298118$auto$simple.cc:193:make_patterns_logic$996, asynchronously reset by !\rst_n

3.10. Extracting gate netlist of module `\vc_router' to `<abc-temp-dir>/input.blif'..
Found matching posedge clock domain: \clk, enabled by $abc$1298119$auto$simple.cc:193:make_patterns_logic$993, asynchronously reset by !\rst_n

3.11. Extracting gate netlist of module `\vc_router' to `<abc-temp-dir>/input.blif'..
Found matching posedge clock domain: \clk, enabled by \g_out_arb[1].u_out_arb.advance, asynchronously reset by !\rst_n

3.12. Extracting gate netlist of module `\vc_router' to `<abc-temp-dir>/input.blif'..
Found matching posedge clock domain: \clk, enabled by \g_out_arb[3].u_out_arb.advance, asynchronously reset by !\rst_n

3.13. Extracting gate netlist of module `\vc_router' to `<abc-temp-dir>/input.blif'..
Found matching posedge clock domain: \clk, enabled by $abc$1298122$auto$simple.cc:193:make_patterns_logic$988, asynchronously reset by !\rst_n

3.14. Extracting gate netlist of module `\vc_router' to `<abc-temp-dir>/input.blif'..
Found matching posedge clock domain: \clk, enabled by $200y, asynchronously reset by !\rst_n

3.15. Extracting gate netlist of module `\vc_router' to `<abc-temp-dir>/input.blif'..
Found matching posedge clock domain: \clk, enabled by $209y, asynchronously reset by !\rst_n

3.16. Extracting gate netlist of module `\vc_router' to `<abc-temp-dir>/input.blif'..
Found matching posedge clock domain: \clk, enabled by $abc$1298125$auto$simple.cc:193:make_patterns_logic$983, asynchronously reset by !\rst_n

3.17. Extracting gate netlist of module `\vc_router' to `<abc-temp-dir>/input.blif'..
Found matching posedge clock domain: \clk, enabled by $abc$1298126$auto$simple.cc:210:make_patterns_logic$1295250

3.18. Extracting gate netlist of module `\vc_router' to `<abc-temp-dir>/input.blif'..
Found matching posedge clock domain: \clk, enabled by $abc$1298127$auto$simple.cc:210:make_patterns_logic$1295220

3.19. Extracting gate netlist of module `\vc_router' to `<abc-temp-dir>/input.blif'..
Found matching posedge clock domain: \clk, enabled by $abc$1298128$auto$simple.cc:210:make_patterns_logic$1295190

3.20. Extracting gate netlist of module `\vc_router' to `<abc-temp-dir>/input.blif'..
Found matching posedge clock domain: \clk, enabled by $abc$1298129$auto$simple.cc:210:make_patterns_logic$1295160

3.21. Extracting gate netlist of module `\vc_router' to `<abc-temp-dir>/input.blif'..
Found matching posedge clock domain: \clk, enabled by $154y, asynchronously reset by !\rst_n

3.22. Extracting gate netlist of module `\vc_router' to `<abc-temp-dir>/input.blif'..
Found matching posedge clock domain: \clk, enabled by $163y, asynchronously reset by !\rst_n

3.23. Extracting gate netlist of module `\vc_router' to `<abc-temp-dir>/input.blif'..
Found matching posedge clock domain: \clk, enabled by $abc$1298132$auto$simple.cc:193:make_patterns_logic$906, asynchronously reset by !\rst_n

3.24. Extracting gate netlist of module `\vc_router' to `<abc-temp-dir>/input.blif'..
Found matching posedge clock domain: \clk, enabled by $abc$1298133$auto$simple.cc:210:make_patterns_logic$1295130

3.25. Extracting gate netlist of module `\vc_router' to `<abc-temp-dir>/input.blif'..
Found matching posedge clock domain: \clk, enabled by $abc$1298134$auto$simple.cc:210:make_patterns_logic$1295100

3.26. Extracting gate netlist of module `\vc_router' to `<abc-temp-dir>/input.blif'..
Found matching posedge clock domain: \clk, enabled by $abc$1298135$auto$simple.cc:210:make_patterns_logic$1295070

3.27. Extracting gate netlist of module `\vc_router' to `<abc-temp-dir>/input.blif'..
Found matching posedge clock domain: \clk, enabled by $abc$1298136$auto$simple.cc:210:make_patterns_logic$1295040

3.28. Extracting gate netlist of module `\vc_router' to `<abc-temp-dir>/input.blif'..
Found matching posedge clock domain: \clk, enabled by $108y, asynchronously reset by !\rst_n

3.29. Extracting gate netlist of module `\vc_router' to `<abc-temp-dir>/input.blif'..
Found matching posedge clock domain: \clk, enabled by $117y, asynchronously reset by !\rst_n

3.30. Extracting gate netlist of module `\vc_router' to `<abc-temp-dir>/input.blif'..
Found matching posedge clock domain: \clk, enabled by $abc$1298139$auto$simple.cc:193:make_patterns_logic$829, asynchronously reset by !\rst_n

3.31. Extracting gate netlist of module `\vc_router' to `<abc-temp-dir>/input.blif'..
Found matching posedge clock domain: \clk, enabled by $abc$1298140$auto$simple.cc:210:make_patterns_logic$1295010

3.32. Extracting gate netlist of module `\vc_router' to `<abc-temp-dir>/input.blif'..
Found matching posedge clock domain: \clk, enabled by $abc$1298141$auto$simple.cc:210:make_patterns_logic$1294980

3.33. Extracting gate netlist of module `\vc_router' to `<abc-temp-dir>/input.blif'..
Found matching posedge clock domain: \clk, enabled by $abc$1298142$auto$simple.cc:210:make_patterns_logic$1294950

3.34. Extracting gate netlist of module `\vc_router' to `<abc-temp-dir>/input.blif'..
Found matching posedge clock domain: \clk, enabled by $abc$1298143$auto$simple.cc:210:make_patterns_logic$1294920

3.35. Extracting gate netlist of module `\vc_router' to `<abc-temp-dir>/input.blif'..
Found matching posedge clock domain: \clk, enabled by $62y, asynchronously reset by !\rst_n

3.36. Extracting gate netlist of module `\vc_router' to `<abc-temp-dir>/input.blif'..
Found matching posedge clock domain: \clk, enabled by $71y, asynchronously reset by !\rst_n

3.37. Extracting gate netlist of module `\vc_router' to `<abc-temp-dir>/input.blif'..
Found matching posedge clock domain: \clk, enabled by \g_out_arb[0].u_out_arb.advance, asynchronously reset by !\rst_n

3.38. Extracting gate netlist of module `\vc_router' to `<abc-temp-dir>/input.blif'..
Found matching posedge clock domain: \clk, enabled by $abc$1298147$auto$simple.cc:210:make_patterns_logic$1294890

3.39. Extracting gate netlist of module `\vc_router' to `<abc-temp-dir>/input.blif'..
Found matching posedge clock domain: \clk, enabled by $abc$1298148$auto$simple.cc:210:make_patterns_logic$1294860

3.40. Extracting gate netlist of module `\vc_router' to `<abc-temp-dir>/input.blif'..
Found matching posedge clock domain: \clk, enabled by $abc$1298149$auto$simple.cc:210:make_patterns_logic$1294830

3.41. Extracting gate netlist of module `\vc_router' to `<abc-temp-dir>/input.blif'..
Found matching posedge clock domain: \clk, enabled by $abc$1298150$auto$simple.cc:210:make_patterns_logic$1294800

3.42. Extracting gate netlist of module `\vc_router' to `<abc-temp-dir>/input.blif'..
Found matching posedge clock domain: \clk, enabled by $abc$1298151$auto$simple.cc:193:make_patterns_logic$679, asynchronously reset by !\rst_n

3.43. Extracting gate netlist of module `\vc_router' to `<abc-temp-dir>/input.blif'..
Found matching posedge clock domain: \clk, enabled by $16y, asynchronously reset by !\rst_n

3.44. Extracting gate netlist of module `\vc_router' to `<abc-temp-dir>/input.blif'..
Found matching posedge clock domain: \clk, enabled by $25y, asynchronously reset by !\rst_n

3.45. Extracting gate netlist of module `\vc_router' to `<abc-temp-dir>/input.blif'..
Found matching posedge clock domain: \clk, enabled by $abc$1298154$auto$simple.cc:210:make_patterns_logic$1294770

3.46. Extracting gate netlist of module `\vc_router' to `<abc-temp-dir>/input.blif'..
Found matching posedge clock domain: \clk, enabled by $abc$1298155$auto$simple.cc:210:make_patterns_logic$1294740

3.47. Extracting gate netlist of module `\vc_router' to `<abc-temp-dir>/input.blif'..
Found matching posedge clock domain: \clk, enabled by $abc$1298156$auto$simple.cc:210:make_patterns_logic$1294710

3.48. Extracting gate netlist of module `\vc_router' to `<abc-temp-dir>/input.blif'..
Found matching posedge clock domain: \clk, enabled by $abc$1298157$auto$simple.cc:210:make_patterns_logic$1294680

3.48.1. Executed ABC.
Extracted 183 gates and 335 wires to a netlist network with 152 inputs and 68 outputs.
Running ABC script: <abc-temp-dir>/abc.script
ABC: ======== ABC command line "source <abc-temp-dir>/abc.script"
ABC: + read_blif <abc-temp-dir>/input.blif 
ABC: + read_library <abc-temp-dir>/stdcells.genlib 
ABC: + strash 
ABC: + &get -n 
ABC: + &fraig -x 
ABC: + &put 
ABC: + scorr 
ABC: Warning: The network is combinational (run "fraig" or "fraig_sweep").
ABC: + dc2 
ABC: + dretime 
ABC: + strash 
ABC: + &get -n 
ABC: + &dch -f 
ABC: + &nf 
ABC: + &put 
ABC: + write_blif <abc-temp-dir>/output.blif 

3.48.2. Re-integrating ABC results.
ABC RESULTS:               AND cells:        7
ABC RESULTS:               MUX cells:       42
ABC RESULTS:              NAND cells:      127
ABC RESULTS:               NOR cells:        2
ABC RESULTS:               NOT cells:        4
ABC RESULTS:                OR cells:        3
ABC RESULTS:        internal signals:      115
ABC RESULTS:           input signals:      152
ABC RESULTS:          output signals:       68
Removing temp directory.

3.48.1. Executed ABC.
Extracted 142 gates and 178 wires to a netlist network with 36 inputs and 22 outputs.
Running ABC script: <abc-temp-dir>/abc.script
ABC: ======== ABC command line "source <abc-temp-dir>/abc.script"
ABC: + read_blif <abc-temp-dir>/input.blif 
ABC: + read_library <abc-temp-dir>/stdcells.genlib 
ABC: + strash 
ABC: + &get -n 
ABC: + &fraig -x 
ABC: + &put 
ABC: + scorr 
ABC: Warning: The network is combinational (run "fraig" or "fraig_sweep").
ABC: + dc2 
ABC: + dretime 
ABC: + strash 
ABC: + &get -n 
ABC: + &dch -f 
ABC: + &nf 
ABC: + &put 
ABC: + write_blif <abc-temp-dir>/output.blif 

3.48.2. Re-integrating ABC results.
ABC RESULTS:               AND cells:       49
ABC RESULTS:               MUX cells:       12
ABC RESULTS:              NAND cells:       49
ABC RESULTS:               NOR cells:       19
ABC RESULTS:               NOT cells:        7
ABC RESULTS:                OR cells:       14
ABC RESULTS:              XNOR cells:        1
ABC RESULTS:               XOR cells:        2
ABC RESULTS:        internal signals:      120
ABC RESULTS:           input signals:       36
ABC RESULTS:          output signals:       22
Removing temp directory.

3.48.1. Executed ABC.
Extracted 114 gates and 131 wires to a netlist network with 17 inputs and 10 outputs.
Running ABC script: <abc-temp-dir>/abc.script
ABC: ======== ABC command line "source <abc-temp-dir>/abc.script"
ABC: + read_blif <abc-temp-dir>/input.blif 
ABC: + read_library <abc-temp-dir>/stdcells.genlib 
ABC: + strash 
ABC: + &get -n 
ABC: + &fraig -x 
ABC: + &put 
ABC: + scorr 
ABC: Warning: The network is combinational (run "fraig" or "fraig_sweep").
ABC: + dc2 
ABC: + dretime 
ABC: + strash 
ABC: + &get -n 
ABC: + &dch -f 
ABC: + &nf 
ABC: + &put 
ABC: + write_blif <abc-temp-dir>/output.blif 

3.48.2. Re-integrating ABC results.
ABC RESULTS:               AND cells:       35
ABC RESULTS:               MUX cells:       14
ABC RESULTS:              NAND cells:       43
ABC RESULTS:               NOR cells:        5
ABC RESULTS:               NOT cells:        7
ABC RESULTS:                OR cells:       14
ABC RESULTS:              XNOR cells:        1
ABC RESULTS:               XOR cells:        2
ABC RESULTS:        internal signals:      104
ABC RESULTS:           input signals:       17
ABC RESULTS:          output signals:       10
Removing temp directory.

3.48.1. Executed ABC.
Extracted 39 gates and 55 wires to a netlist network with 16 inputs and 12 outputs.
Running ABC script: <abc-temp-dir>/abc.script
ABC: ======== ABC command line "source <abc-temp-dir>/abc.script"
ABC: + read_blif <abc-temp-dir>/input.blif 
ABC: + read_library <abc-temp-dir>/stdcells.genlib 
ABC: + strash 
ABC: + &get -n 
ABC: + &fraig -x 
ABC: + &put 
ABC: + scorr 
ABC: Warning: The network is combinational (run "fraig" or "fraig_sweep").
ABC: + dc2 
ABC: + dretime 
ABC: + strash 
ABC: + &get -n 
ABC: + &dch -f 
ABC: + &nf 
ABC: + &put 
ABC: + write_blif <abc-temp-dir>/output.blif 

3.48.2. Re-integrating ABC results.
ABC RESULTS:               AND cells:       14
ABC RESULTS:              NAND cells:        4
ABC RESULTS:               NOR cells:        6
ABC RESULTS:               NOT cells:        1
ABC RESULTS:                OR cells:        7
ABC RESULTS:              XNOR cells:        1
ABC RESULTS:               XOR cells:        3
ABC RESULTS:        internal signals:       27
ABC RESULTS:           input signals:       16
ABC RESULTS:          output signals:       12
Removing temp directory.

3.48.1. Executed ABC.
Extracted 13 gates and 20 wires to a netlist network with 7 inputs and 6 outputs.
Running ABC script: <abc-temp-dir>/abc.script
ABC: ======== ABC command line "source <abc-temp-dir>/abc.script"
ABC: + read_blif <abc-temp-dir>/input.blif 
ABC: + read_library <abc-temp-dir>/stdcells.genlib 
ABC: + strash 
ABC: + &get -n 
ABC: + &fraig -x 
ABC: + &put 
ABC: + scorr 
ABC: Warning: The network is combinational (run "fraig" or "fraig_sweep").
ABC: + dc2 
ABC: + dretime 
ABC: + strash 
ABC: + &get -n 
ABC: + &dch -f 
ABC: + &nf 
ABC: + &put 
ABC: + write_blif <abc-temp-dir>/output.blif 

3.48.2. Re-integrating ABC results.
ABC RESULTS:               AND cells:        4
ABC RESULTS:               MUX cells:        1
ABC RESULTS:              NAND cells:        2
ABC RESULTS:               NOT cells:        2
ABC RESULTS:                OR cells:        2
ABC RESULTS:              XNOR cells:        3
ABC RESULTS:        internal signals:        7
ABC RESULTS:           input signals:        7
ABC RESULTS:          output signals:        6
Removing temp directory.

3.48.1. Executed ABC.
Extracted 150 gates and 302 wires to a netlist network with 152 inputs and 83 outputs.
Running ABC script: <abc-temp-dir>/abc.script
ABC: ======== ABC command line "source <abc-temp-dir>/abc.script"
ABC: + read_blif <abc-temp-dir>/input.blif 
ABC: + read_library <abc-temp-dir>/stdcells.genlib 
ABC: + strash 
ABC: + &get -n 
ABC: + &fraig -x 
ABC: + &put 
ABC: + scorr 
ABC: Warning: The network is combinational (run "fraig" or "fraig_sweep").
ABC: + dc2 
ABC: + dretime 
ABC: + strash 
ABC: + &get -n 
ABC: + &dch -f 
ABC: + &nf 
ABC: + &put 
ABC: + write_blif <abc-temp-dir>/output.blif 

3.48.2. Re-integrating ABC results.
ABC RESULTS:               AND cells:       44
ABC RESULTS:               MUX cells:       61
ABC RESULTS:              NAND cells:       36
ABC RESULTS:               NOR cells:        1
ABC RESULTS:               NOT cells:        4
ABC RESULTS:                OR cells:        2
ABC RESULTS:              XNOR cells:        3
ABC RESULTS:        internal signals:       67
ABC RESULTS:           input signals:      152
ABC RESULTS:          output signals:       83
Removing temp directory.

3.48.1. Executed ABC.
Extracted 128 gates and 273 wires to a netlist network with 145 inputs and 76 outputs.
Running ABC script: <abc-temp-dir>/abc.script
ABC: ======== ABC command line "source <abc-temp-dir>/abc.script"
ABC: + read_blif <abc-temp-dir>/input.blif 
ABC: + read_library <abc-temp-dir>/stdcells.genlib 
ABC: + strash 
ABC: + &get -n 
ABC: + &fraig -x 
ABC: + &put 
ABC: + scorr 
ABC: Warning: The network is combinational (run "fraig" or "fraig_sweep").
ABC: + dc2 
ABC: + dretime 
ABC: + strash 
ABC: + &get -n 
ABC: + &dch -f 
ABC: + &nf 
ABC: + &put 
ABC: + write_blif <abc-temp-dir>/output.blif 

3.48.2. Re-integrating ABC results.
ABC RESULTS:               AND cells:       16
ABC RESULTS:               MUX cells:       27
ABC RESULTS:              NAND cells:       76
ABC RESULTS:               NOR cells:        1
ABC RESULTS:               NOT cells:        4
ABC RESULTS:                OR cells:        2
ABC RESULTS:              XNOR cells:        3
ABC RESULTS:        internal signals:       52
ABC RESULTS:           input signals:      145
ABC RESULTS:          output signals:       76
Removing temp directory.

3.48.1. Executed ABC.
Extracted 162 gates and 307 wires to a netlist network with 145 inputs and 76 outputs.
Running ABC script: <abc-temp-dir>/abc.script
ABC: ======== ABC command line "source <abc-temp-dir>/abc.script"
ABC: + read_blif <abc-temp-dir>/input.blif 
ABC: + read_library <abc-temp-dir>/stdcells.genlib 
ABC: + strash 
ABC: + &get -n 
ABC: + &fraig -x 
ABC: + &put 
ABC: + scorr 
ABC: Warning: The network is combinational (run "fraig" or "fraig_sweep").
ABC: + dc2 
ABC: + dretime 
ABC: + strash 
ABC: + &get -n 
ABC: + &dch -f 
ABC: + &nf 
ABC: + &put 
ABC: + write_blif <abc-temp-dir>/output.blif 

3.48.2. Re-integrating ABC results.
ABC RESULTS:               AND cells:       16
ABC RESULTS:               MUX cells:       27
ABC RESULTS:              NAND cells:      110
ABC RESULTS:               NOR cells:        2
ABC RESULTS:               NOT cells:        5
ABC RESULTS:                OR cells:        2
ABC RESULTS:              XNOR cells:        3
ABC RESULTS:        internal signals:       86
ABC RESULTS:           input signals:      145
ABC RESULTS:          output signals:       76
Removing temp directory.

3.48.1. Executed ABC.
Extracted 328 gates and 529 wires to a netlist network with 201 inputs and 250 outputs.
Running ABC script: <abc-temp-dir>/abc.script
ABC: ======== ABC command line "source <abc-temp-dir>/abc.script"
ABC: + read_blif <abc-temp-dir>/input.blif 
ABC: + read_library <abc-temp-dir>/stdcells.genlib 
ABC: + strash 
ABC: + &get -n 
ABC: + &fraig -x 
ABC: + &put 
ABC: + scorr 
ABC: Warning: The network is combinational (run "fraig" or "fraig_sweep").
ABC: + dc2 
ABC: + dretime 
ABC: + strash 
ABC: + &get -n 
ABC: + &dch -f 
ABC: + &nf 
ABC: + &put 
ABC: + write_blif <abc-temp-dir>/output.blif 

3.48.2. Re-integrating ABC results.
ABC RESULTS:               AND cells:      112
ABC RESULTS:               MUX cells:       27
ABC RESULTS:              NAND cells:      180
ABC RESULTS:               NOR cells:        1
ABC RESULTS:               NOT cells:        4
ABC RESULTS:                OR cells:        2
ABC RESULTS:              XNOR cells:        3
ABC RESULTS:        internal signals:       78
ABC RESULTS:           input signals:      201
ABC RESULTS:          output signals:      250
Removing temp directory.

3.48.1. Executed ABC.
Extracted 130 gates and 159 wires to a netlist network with 29 inputs and 12 outputs.
Running ABC script: <abc-temp-dir>/abc.script
ABC: ======== ABC command line "source <abc-temp-dir>/abc.script"
ABC: + read_blif <abc-temp-dir>/input.blif 
ABC: + read_library <abc-temp-dir>/stdcells.genlib 
ABC: + strash 
ABC: + &get -n 
ABC: + &fraig -x 
ABC: + &put 
ABC: + scorr 
ABC: Warning: The network is combinational (run "fraig" or "fraig_sweep").
ABC: + dc2 
ABC: + dretime 
ABC: + strash 
ABC: + &get -n 
ABC: + &dch -f 
ABC: + &nf 
ABC: + &put 
ABC: + write_blif <abc-temp-dir>/output.blif 

3.48.2. Re-integrating ABC results.
ABC RESULTS:               AND cells:       35
ABC RESULTS:               MUX cells:       13
ABC RESULTS:              NAND cells:       53
ABC RESULTS:               NOR cells:       13
ABC RESULTS:               NOT cells:        9
ABC RESULTS:                OR cells:       11
ABC RESULTS:              XNOR cells:        1
ABC RESULTS:               XOR cells:        1
ABC RESULTS:        internal signals:      118
ABC RESULTS:           input signals:       29
ABC RESULTS:          output signals:       12
Removing temp directory.

3.48.1. Executed ABC.
Extracted 132 gates and 159 wires to a netlist network with 27 inputs and 18 outputs.
Running ABC script: <abc-temp-dir>/abc.script
ABC: ======== ABC command line "source <abc-temp-dir>/abc.script"
ABC: + read_blif <abc-temp-dir>/input.blif 
ABC: + read_library <abc-temp-dir>/stdcells.genlib 
ABC: + strash 
ABC: + &get -n 
ABC: + &fraig -x 
ABC: + &put 
ABC: + scorr 
ABC: Warning: The network is combinational (run "fraig" or "fraig_sweep").
ABC: + dc2 
ABC: + dretime 
ABC: + strash 
ABC: + &get -n 
ABC: + &dch -f 
ABC: + &nf 
ABC: + &put 
ABC: + write_blif <abc-temp-dir>/output.blif 

3.48.2. Re-integrating ABC results.
ABC RESULTS:               AND cells:       13
ABC RESULTS:               MUX cells:        1
ABC RESULTS:              NAND cells:        3
ABC RESULTS:               NOR cells:        4
ABC RESULTS:               NOT cells:        5
ABC RESULTS:              ZERO cells:        4
ABC RESULTS:        internal signals:      114
ABC RESULTS:           input signals:       27
ABC RESULTS:          output signals:       18
Removing temp directory.

3.48.1. Executed ABC.
Extracted 11 gates and 16 wires to a netlist network with 5 inputs and 7 outputs.
Running ABC script: <abc-temp-dir>/abc.script
ABC: ======== ABC command line "source <abc-temp-dir>/abc.script"
ABC: + read_blif <abc-temp-dir>/input.blif 
ABC: + read_library <abc-temp-dir>/stdcells.genlib 
ABC: + strash 
ABC: + &get -n 
ABC: + &fraig -x 
ABC: + &put 
ABC: + scorr 
ABC: Warning: The network is combinational (run "fraig" or "fraig_sweep").
ABC: + dc2 
ABC: + dretime 
ABC: + strash 
ABC: + &get -n 
ABC: + &dch -f 
ABC: + &nf 
ABC: + &put 
ABC: + write_blif <abc-temp-dir>/output.blif 

3.48.2. Re-integrating ABC results.
ABC RESULTS:               AND cells:        1
ABC RESULTS:               MUX cells:        1
ABC RESULTS:              NAND cells:        2
ABC RESULTS:               NOT cells:        3
ABC RESULTS:                OR cells:        2
ABC RESULTS:              XNOR cells:        2
ABC RESULTS:               XOR cells:        1
ABC RESULTS:        internal signals:        4
ABC RESULTS:           input signals:        5
ABC RESULTS:          output signals:        7
Removing temp directory.

3.48.1. Executed ABC.
Extracted 12 gates and 20 wires to a netlist network with 8 inputs and 8 outputs.
Running ABC script: <abc-temp-dir>/abc.script
ABC: ======== ABC command line "source <abc-temp-dir>/abc.script"
ABC: + read_blif <abc-temp-dir>/input.blif 
ABC: + read_library <abc-temp-dir>/stdcells.genlib 
ABC: + strash 
ABC: + &get -n 
ABC: + &fraig -x 
ABC: + &put 
ABC: + scorr 
ABC: Warning: The network is combinational (run "fraig" or "fraig_sweep").
ABC: + dc2 
ABC: + dretime 
ABC: + strash 
ABC: + &get -n 
ABC: + &dch -f 
ABC: + &nf 
ABC: + &put 
ABC: + write_blif <abc-temp-dir>/output.blif 

3.48.2. Re-integrating ABC results.
ABC RESULTS:               AND cells:        5
ABC RESULTS:               NOR cells:        3
ABC RESULTS:               NOT cells:        3
ABC RESULTS:                OR cells:        2
ABC RESULTS:        internal signals:        4
ABC RESULTS:           input signals:        8
ABC RESULTS:          output signals:        8
Removing temp directory.

3.48.1. Executed ABC.
Extracted 202 gates and 404 wires to a netlist network with 202 inputs and 71 outputs.
Running ABC script: <abc-temp-dir>/abc.script
ABC: ======== ABC command line "source <abc-temp-dir>/abc.script"
ABC: + read_blif <abc-temp-dir>/input.blif 
ABC: + read_library <abc-temp-dir>/stdcells.genlib 
ABC: + strash 
ABC: + &get -n 
ABC: + &fraig -x 
ABC: + &put 
ABC: + scorr 
ABC: Warning: The network is combinational (run "fraig" or "fraig_sweep").
ABC: + dc2 
ABC: + dretime 
ABC: + strash 
ABC: + &get -n 
ABC: + &dch -f 
ABC: + &nf 
ABC: + &put 
ABC: + write_blif <abc-temp-dir>/output.blif 

3.48.2. Re-integrating ABC results.
ABC RESULTS:               AND cells:       20
ABC RESULTS:               MUX cells:       96
ABC RESULTS:              NAND cells:       30
ABC RESULTS:               NOT cells:        4
ABC RESULTS:                OR cells:        1
ABC RESULTS:               XOR cells:        1
ABC RESULTS:        internal signals:      131
ABC RESULTS:           input signals:      202
ABC RESULTS:          output signals:       71
Removing temp directory.

3.48.1. Executed ABC.
Extracted 11 gates and 16 wires to a netlist network with 5 inputs and 7 outputs.
Running ABC script: <abc-temp-dir>/abc.script
ABC: ======== ABC command line "source <abc-temp-dir>/abc.script"
ABC: + read_blif <abc-temp-dir>/input.blif 
ABC: + read_library <abc-temp-dir>/stdcells.genlib 
ABC: + strash 
ABC: + &get -n 
ABC: + &fraig -x 
ABC: + &put 
ABC: + scorr 
ABC: Warning: The network is combinational (run "fraig" or "fraig_sweep").
ABC: + dc2 
ABC: + dretime 
ABC: + strash 
ABC: + &get -n 
ABC: + &dch -f 
ABC: + &nf 
ABC: + &put 
ABC: + write_blif <abc-temp-dir>/output.blif 

3.48.2. Re-integrating ABC results.
ABC RESULTS:               AND cells:        1
ABC RESULTS:               MUX cells:        1
ABC RESULTS:              NAND cells:        2
ABC RESULTS:               NOT cells:        3
ABC RESULTS:                OR cells:        2
ABC RESULTS:              XNOR cells:        2
ABC RESULTS:               XOR cells:        1
ABC RESULTS:        internal signals:        4
ABC RESULTS:           input signals:        5
ABC RESULTS:          output signals:        7
Removing temp directory.

3.48.1. Executed ABC.
Extracted 2 gates and 5 wires to a netlist network with 3 inputs and 2 outputs.
Running ABC script: <abc-temp-dir>/abc.script
ABC: ======== ABC command line "source <abc-temp-dir>/abc.script"
ABC: + read_blif <abc-temp-dir>/input.blif 
ABC: + read_library <abc-temp-dir>/stdcells.genlib 
ABC: + strash 
ABC: + &get -n 
ABC: + &fraig -x 
ABC: + &put 
ABC: + scorr 
ABC: Warning: The network is combinational (run "fraig" or "fraig_sweep").
ABC: + dc2 
ABC: + dretime 
ABC: + strash 
ABC: + &get -n 
ABC: + &dch -f 
ABC: + &nf 
ABC: + &put 
ABC: + write_blif <abc-temp-dir>/output.blif 

3.48.2. Re-integrating ABC results.
ABC RESULTS:               AND cells:        2
ABC RESULTS:        internal signals:        0
ABC RESULTS:           input signals:        3
ABC RESULTS:          output signals:        2
Removing temp directory.

3.48.1. Executed ABC.
Extracted 5 gates and 16 wires to a netlist network with 11 inputs and 5 outputs.
Running ABC script: <abc-temp-dir>/abc.script
ABC: ======== ABC command line "source <abc-temp-dir>/abc.script"
ABC: + read_blif <abc-temp-dir>/input.blif 
ABC: + read_library <abc-temp-dir>/stdcells.genlib 
ABC: + strash 
ABC: + &get -n 
ABC: + &fraig -x 
ABC: + &put 
ABC: + scorr 
ABC: Warning: The network is combinational (run "fraig" or "fraig_sweep").
ABC: + dc2 
ABC: + dretime 
ABC: + strash 
ABC: + &get -n 
ABC: + &dch -f 
ABC: + &nf 
ABC: + &put 
ABC: + write_blif <abc-temp-dir>/output.blif 

3.48.2. Re-integrating ABC results.
ABC RESULTS:               AND cells:        1
ABC RESULTS:               MUX cells:        4
ABC RESULTS:        internal signals:        0
ABC RESULTS:           input signals:       11
ABC RESULTS:          output signals:        5
Removing temp directory.

3.48.1. Executed ABC.
Extracted 1 gates and 3 wires to a netlist network with 2 inputs and 1 outputs.
Running ABC script: <abc-temp-dir>/abc.script
ABC: ======== ABC command line "source <abc-temp-dir>/abc.script"
ABC: + read_blif <abc-temp-dir>/input.blif 
ABC: + read_library <abc-temp-dir>/stdcells.genlib 
ABC: + strash 
ABC: + &get -n 
ABC: + &fraig -x 
ABC: + &put 
ABC: + scorr 
ABC: Warning: The network is combinational (run "fraig" or "fraig_sweep").
ABC: + dc2 
ABC: + dretime 
ABC: + strash 
ABC: + &get -n 
ABC: + &dch -f 
ABC: + &nf 
ABC: + &put 
ABC: + write_blif <abc-temp-dir>/output.blif 

3.48.2. Re-integrating ABC results.
ABC RESULTS:               AND cells:        1
ABC RESULTS:        internal signals:        0
ABC RESULTS:           input signals:        2
ABC RESULTS:          output signals:        1
Removing temp directory.

3.48.1. Executed ABC.
Extracted 6 gates and 18 wires to a netlist network with 12 inputs and 5 outputs.
Running ABC script: <abc-temp-dir>/abc.script
ABC: ======== ABC command line "source <abc-temp-dir>/abc.script"
ABC: + read_blif <abc-temp-dir>/input.blif 
ABC: + read_library <abc-temp-dir>/stdcells.genlib 
ABC: + strash 
ABC: + &get -n 
ABC: + &fraig -x 
ABC: + &put 
ABC: + scorr 
ABC: Warning: The network is combinational (run "fraig" or "fraig_sweep").
ABC: + dc2 
ABC: + dretime 
ABC: + strash 
ABC: + &get -n 
ABC: + &dch -f 
ABC: + &nf 
ABC: + &put 
ABC: + write_blif <abc-temp-dir>/output.blif 

3.48.2. Re-integrating ABC results.
ABC RESULTS:               AND cells:        2
ABC RESULTS:               MUX cells:        4
ABC RESULTS:        internal signals:        1
ABC RESULTS:           input signals:       12
ABC RESULTS:          output signals:        5
Removing temp directory.

3.48.1. Executed ABC.
Extracted 11 gates and 19 wires to a netlist network with 8 inputs and 7 outputs.
Running ABC script: <abc-temp-dir>/abc.script
ABC: ======== ABC command line "source <abc-temp-dir>/abc.script"
ABC: + read_blif <abc-temp-dir>/input.blif 
ABC: + read_library <abc-temp-dir>/stdcells.genlib 
ABC: + strash 
ABC: + &get -n 
ABC: + &fraig -x 
ABC: + &put 
ABC: + scorr 
ABC: Warning: The network is combinational (run "fraig" or "fraig_sweep").
ABC: + dc2 
ABC: + dretime 
ABC: + strash 
ABC: + &get -n 
ABC: + &dch -f 
ABC: + &nf 
ABC: + &put 
ABC: + write_blif <abc-temp-dir>/output.blif 

3.48.2. Re-integrating ABC results.
ABC RESULTS:               AND cells:        5
ABC RESULTS:               NOR cells:        3
ABC RESULTS:               NOT cells:        2
ABC RESULTS:                OR cells:        1
ABC RESULTS:        internal signals:        4
ABC RESULTS:           input signals:        8
ABC RESULTS:          output signals:        7
Removing temp directory.

3.48.1. Executed ABC.
Extracted 227 gates and 504 wires to a netlist network with 277 inputs and 151 outputs.
Running ABC script: <abc-temp-dir>/abc.script
ABC: ======== ABC command line "source <abc-temp-dir>/abc.script"
ABC: + read_blif <abc-temp-dir>/input.blif 
ABC: + read_library <abc-temp-dir>/stdcells.genlib 
ABC: + strash 
ABC: + &get -n 
ABC: + &fraig -x 
ABC: + &put 
ABC: + scorr 
ABC: Warning: The network is combinational (run "fraig" or "fraig_sweep").
ABC: + dc2 
ABC: + dretime 
ABC: + strash 
ABC: + &get -n 
ABC: + &dch -f 
ABC: + &nf 
ABC: + &put 
ABC: + write_blif <abc-temp-dir>/output.blif 

3.48.2. Re-integrating ABC results.
ABC RESULTS:               AND cells:       17
ABC RESULTS:               MUX cells:      192
ABC RESULTS:              NAND cells:        3
ABC RESULTS:               NOR cells:        5
ABC RESULTS:               NOT cells:        5
ABC RESULTS:                OR cells:        2
ABC RESULTS:               XOR cells:        1
ABC RESULTS:              ZERO cells:        1
ABC RESULTS:        internal signals:       76
ABC RESULTS:           input signals:      277
ABC RESULTS:          output signals:      151
Removing temp directory.

3.48.1. Executed ABC.
Extracted 11 gates and 16 wires to a netlist network with 5 inputs and 7 outputs.
Running ABC script: <abc-temp-dir>/abc.script
ABC: ======== ABC command line "source <abc-temp-dir>/abc.script"
ABC: + read_blif <abc-temp-dir>/input.blif 
ABC: + read_library <abc-temp-dir>/stdcells.genlib 
ABC: + strash 
ABC: + &get -n 
ABC: + &fraig -x 
ABC: + &put 
ABC: + scorr 
ABC: Warning: The network is combinational (run "fraig" or "fraig_sweep").
ABC: + dc2 
ABC: + dretime 
ABC: + strash 
ABC: + &get -n 
ABC: + &dch -f 
ABC: + &nf 
ABC: + &put 
ABC: + write_blif <abc-temp-dir>/output.blif 

3.48.2. Re-integrating ABC results.
ABC RESULTS:               AND cells:        1
ABC RESULTS:               MUX cells:        1
ABC RESULTS:              NAND cells:        2
ABC RESULTS:               NOT cells:        3
ABC RESULTS:                OR cells:        2
ABC RESULTS:              XNOR cells:        2
ABC RESULTS:               XOR cells:        1
ABC RESULTS:        internal signals:        4
ABC RESULTS:           input signals:        5
ABC RESULTS:          output signals:        7
Removing temp directory.

3.48.1. Executed ABC.
Extracted 2 gates and 5 wires to a netlist network with 3 inputs and 2 outputs.
Running ABC script: <abc-temp-dir>/abc.script
ABC: ======== ABC command line "source <abc-temp-dir>/abc.script"
ABC: + read_blif <abc-temp-dir>/input.blif 
ABC: + read_library <abc-temp-dir>/stdcells.genlib 
ABC: + strash 
ABC: + &get -n 
ABC: + &fraig -x 
ABC: + &put 
ABC: + scorr 
ABC: Warning: The network is combinational (run "fraig" or "fraig_sweep").
ABC: + dc2 
ABC: + dretime 
ABC: + strash 
ABC: + &get -n 
ABC: + &dch -f 
ABC: + &nf 
ABC: + &put 
ABC: + write_blif <abc-temp-dir>/output.blif 

3.48.2. Re-integrating ABC results.
ABC RESULTS:               AND cells:        2
ABC RESULTS:        internal signals:        0
ABC RESULTS:           input signals:        3
ABC RESULTS:          output signals:        2
Removing temp directory.

3.48.1. Executed ABC.
Extracted 7 gates and 22 wires to a netlist network with 15 inputs and 7 outputs.
Running ABC script: <abc-temp-dir>/abc.script
ABC: ======== ABC command line "source <abc-temp-dir>/abc.script"
ABC: + read_blif <abc-temp-dir>/input.blif 
ABC: + read_library <abc-temp-dir>/stdcells.genlib 
ABC: + strash 
ABC: + &get -n 
ABC: + &fraig -x 
ABC: + &put 
ABC: + scorr 
ABC: Warning: The network is combinational (run "fraig" or "fraig_sweep").
ABC: + dc2 
ABC: + dretime 
ABC: + strash 
ABC: + &get -n 
ABC: + &dch -f 
ABC: + &nf 
ABC: + &put 
ABC: + write_blif <abc-temp-dir>/output.blif 

3.48.2. Re-integrating ABC results.
ABC RESULTS:               AND cells:        1
ABC RESULTS:               MUX cells:        6
ABC RESULTS:        internal signals:        0
ABC RESULTS:           input signals:       15
ABC RESULTS:          output signals:        7
Removing temp directory.

3.48.1. Executed ABC.
Extracted 1 gates and 3 wires to a netlist network with 2 inputs and 1 outputs.
Running ABC script: <abc-temp-dir>/abc.script
ABC: ======== ABC command line "source <abc-temp-dir>/abc.script"
ABC: + read_blif <abc-temp-dir>/input.blif 
ABC: + read_library <abc-temp-dir>/stdcells.genlib 
ABC: + strash 
ABC: + &get -n 
ABC: + &fraig -x 
ABC: + &put 
ABC: + scorr 
ABC: Warning: The network is combinational (run "fraig" or "fraig_sweep").
ABC: + dc2 
ABC: + dretime 
ABC: + strash 
ABC: + &get -n 
ABC: + &dch -f 
ABC: + &nf 
ABC: + &put 
ABC: + write_blif <abc-temp-dir>/output.blif 

3.48.2. Re-integrating ABC results.
ABC RESULTS:               AND cells:        1
ABC RESULTS:        internal signals:        0
ABC RESULTS:           input signals:        2
ABC RESULTS:          output signals:        1
Removing temp directory.

3.48.1. Executed ABC.
Extracted 8 gates and 24 wires to a netlist network with 16 inputs and 7 outputs.
Running ABC script: <abc-temp-dir>/abc.script
ABC: ======== ABC command line "source <abc-temp-dir>/abc.script"
ABC: + read_blif <abc-temp-dir>/input.blif 
ABC: + read_library <abc-temp-dir>/stdcells.genlib 
ABC: + strash 
ABC: + &get -n 
ABC: + &fraig -x 
ABC: + &put 
ABC: + scorr 
ABC: Warning: The network is combinational (run "fraig" or "fraig_sweep").
ABC: + dc2 
ABC: + dretime 
ABC: + strash 
ABC: + &get -n 
ABC: + &dch -f 
ABC: + &nf 
ABC: + &put 
ABC: + write_blif <abc-temp-dir>/output.blif 

3.48.2. Re-integrating ABC results.
ABC RESULTS:               AND cells:        2
ABC RESULTS:               MUX cells:        6
ABC RESULTS:        internal signals:        1
ABC RESULTS:           input signals:       16
ABC RESULTS:          output signals:        7
Removing temp directory.

3.48.1. Executed ABC.
Extracted 11 gates and 19 wires to a netlist network with 8 inputs and 7 outputs.
Running ABC script: <abc-temp-dir>/abc.script
ABC: ======== ABC command line "source <abc-temp-dir>/abc.script"
ABC: + read_blif <abc-temp-dir>/input.blif 
ABC: + read_library <abc-temp-dir>/stdcells.genlib 
ABC: + strash 
ABC: + &get -n 
ABC: + &fraig -x 
ABC: + &put 
ABC: + scorr 
ABC: Warning: The network is combinational (run "fraig" or "fraig_sweep").
ABC: + dc2 
ABC: + dretime 
ABC: + strash 
ABC: + &get -n 
ABC: + &dch -f 
ABC: + &nf 
ABC: + &put 
ABC: + write_blif <abc-temp-dir>/output.blif 

3.48.2. Re-integrating ABC results.
ABC RESULTS:               AND cells:        5
ABC RESULTS:               NOR cells:        3
ABC RESULTS:               NOT cells:        2
ABC RESULTS:                OR cells:        1
ABC RESULTS:        internal signals:        4
ABC RESULTS:           input signals:        8
ABC RESULTS:          output signals:        7
Removing temp directory.

3.48.1. Executed ABC.
Extracted 283 gates and 610 wires to a netlist network with 327 inputs and 185 outputs.
Running ABC script: <abc-temp-dir>/abc.script
ABC: ======== ABC command line "source <abc-temp-dir>/abc.script"
ABC: + read_blif <abc-temp-dir>/input.blif 
ABC: + read_library <abc-temp-dir>/stdcells.genlib 
ABC: + strash 
ABC: + &get -n 
ABC: + &fraig -x 
ABC: + &put 
ABC: + scorr 
ABC: Warning: The network is combinational (run "fraig" or "fraig_sweep").
ABC: + dc2 
ABC: + dretime 
ABC: + strash 
ABC: + &get -n 
ABC: + &dch -f 
ABC: + &nf 
ABC: + &put 
ABC: + write_blif <abc-temp-dir>/output.blif 

3.48.2. Re-integrating ABC results.
ABC RESULTS:               AND cells:       23
ABC RESULTS:               MUX cells:      226
ABC RESULTS:              NAND cells:       23
ABC RESULTS:               NOR cells:        5
ABC RESULTS:               NOT cells:        4
ABC RESULTS:                OR cells:        4
ABC RESULTS:               XOR cells:        1
ABC RESULTS:        internal signals:       98
ABC RESULTS:           input signals:      327
ABC RESULTS:          output signals:      185
Removing temp directory.

3.48.1. Executed ABC.
Extracted 11 gates and 16 wires to a netlist network with 5 inputs and 7 outputs.
Running ABC script: <abc-temp-dir>/abc.script
ABC: ======== ABC command line "source <abc-temp-dir>/abc.script"
ABC: + read_blif <abc-temp-dir>/input.blif 
ABC: + read_library <abc-temp-dir>/stdcells.genlib 
ABC: + strash 
ABC: + &get -n 
ABC: + &fraig -x 
ABC: + &put 
ABC: + scorr 
ABC: Warning: The network is combinational (run "fraig" or "fraig_sweep").
ABC: + dc2 
ABC: + dretime 
ABC: + strash 
ABC: + &get -n 
ABC: + &dch -f 
ABC: + &nf 
ABC: + &put 
ABC: + write_blif <abc-temp-dir>/output.blif 

3.48.2. Re-integrating ABC results.
ABC RESULTS:               AND cells:        1
ABC RESULTS:               MUX cells:        1
ABC RESULTS:              NAND cells:        2
ABC RESULTS:               NOT cells:        3
ABC RESULTS:                OR cells:        2
ABC RESULTS:              XNOR cells:        2
ABC RESULTS:               XOR cells:        1
ABC RESULTS:        internal signals:        4
ABC RESULTS:           input signals:        5
ABC RESULTS:          output signals:        7
Removing temp directory.

3.48.1. Executed ABC.
Extracted 2 gates and 5 wires to a netlist network with 3 inputs and 2 outputs.
Running ABC script: <abc-temp-dir>/abc.script
ABC: ======== ABC command line "source <abc-temp-dir>/abc.script"
ABC: + read_blif <abc-temp-dir>/input.blif 
ABC: + read_library <abc-temp-dir>/stdcells.genlib 
ABC: + strash 
ABC: + &get -n 
ABC: + &fraig -x 
ABC: + &put 
ABC: + scorr 
ABC: Warning: The network is combinational (run "fraig" or "fraig_sweep").
ABC: + dc2 
ABC: + dretime 
ABC: + strash 
ABC: + &get -n 
ABC: + &dch -f 
ABC: + &nf 
ABC: + &put 
ABC: + write_blif <abc-temp-dir>/output.blif 

3.48.2. Re-integrating ABC results.
ABC RESULTS:               AND cells:        2
ABC RESULTS:        internal signals:        0
ABC RESULTS:           input signals:        3
ABC RESULTS:          output signals:        2
Removing temp directory.

3.48.1. Executed ABC.
Extracted 7 gates and 22 wires to a netlist network with 15 inputs and 7 outputs.
Running ABC script: <abc-temp-dir>/abc.script
ABC: ======== ABC command line "source <abc-temp-dir>/abc.script"
ABC: + read_blif <abc-temp-dir>/input.blif 
ABC: + read_library <abc-temp-dir>/stdcells.genlib 
ABC: + strash 
ABC: + &get -n 
ABC: + &fraig -x 
ABC: + &put 
ABC: + scorr 
ABC: Warning: The network is combinational (run "fraig" or "fraig_sweep").
ABC: + dc2 
ABC: + dretime 
ABC: + strash 
ABC: + &get -n 
ABC: + &dch -f 
ABC: + &nf 
ABC: + &put 
ABC: + write_blif <abc-temp-dir>/output.blif 

3.48.2. Re-integrating ABC results.
ABC RESULTS:               AND cells:        1
ABC RESULTS:               MUX cells:        6
ABC RESULTS:        internal signals:        0
ABC RESULTS:           input signals:       15
ABC RESULTS:          output signals:        7
Removing temp directory.

3.48.1. Executed ABC.
Extracted 1 gates and 3 wires to a netlist network with 2 inputs and 1 outputs.
Running ABC script: <abc-temp-dir>/abc.script
ABC: ======== ABC command line "source <abc-temp-dir>/abc.script"
ABC: + read_blif <abc-temp-dir>/input.blif 
ABC: + read_library <abc-temp-dir>/stdcells.genlib 
ABC: + strash 
ABC: + &get -n 
ABC: + &fraig -x 
ABC: + &put 
ABC: + scorr 
ABC: Warning: The network is combinational (run "fraig" or "fraig_sweep").
ABC: + dc2 
ABC: + dretime 
ABC: + strash 
ABC: + &get -n 
ABC: + &dch -f 
ABC: + &nf 
ABC: + &put 
ABC: + write_blif <abc-temp-dir>/output.blif 

3.48.2. Re-integrating ABC results.
ABC RESULTS:               AND cells:        1
ABC RESULTS:        internal signals:        0
ABC RESULTS:           input signals:        2
ABC RESULTS:          output signals:        1
Removing temp directory.

3.48.1. Executed ABC.
Extracted 8 gates and 24 wires to a netlist network with 16 inputs and 7 outputs.
Running ABC script: <abc-temp-dir>/abc.script
ABC: ======== ABC command line "source <abc-temp-dir>/abc.script"
ABC: + read_blif <abc-temp-dir>/input.blif 
ABC: + read_library <abc-temp-dir>/stdcells.genlib 
ABC: + strash 
ABC: + &get -n 
ABC: + &fraig -x 
ABC: + &put 
ABC: + scorr 
ABC: Warning: The network is combinational (run "fraig" or "fraig_sweep").
ABC: + dc2 
ABC: + dretime 
ABC: + strash 
ABC: + &get -n 
ABC: + &dch -f 
ABC: + &nf 
ABC: + &put 
ABC: + write_blif <abc-temp-dir>/output.blif 

3.48.2. Re-integrating ABC results.
ABC RESULTS:               AND cells:        2
ABC RESULTS:               MUX cells:        6
ABC RESULTS:        internal signals:        1
ABC RESULTS:           input signals:       16
ABC RESULTS:          output signals:        7
Removing temp directory.

3.48.1. Executed ABC.
Extracted 11 gates and 19 wires to a netlist network with 8 inputs and 7 outputs.
Running ABC script: <abc-temp-dir>/abc.script
ABC: ======== ABC command line "source <abc-temp-dir>/abc.script"
ABC: + read_blif <abc-temp-dir>/input.blif 
ABC: + read_library <abc-temp-dir>/stdcells.genlib 
ABC: + strash 
ABC: + &get -n 
ABC: + &fraig -x 
ABC: + &put 
ABC: + scorr 
ABC: Warning: The network is combinational (run "fraig" or "fraig_sweep").
ABC: + dc2 
ABC: + dretime 
ABC: + strash 
ABC: + &get -n 
ABC: + &dch -f 
ABC: + &nf 
ABC: + &put 
ABC: + write_blif <abc-temp-dir>/output.blif 

3.48.2. Re-integrating ABC results.
ABC RESULTS:               AND cells:        5
ABC RESULTS:               NOR cells:        3
ABC RESULTS:               NOT cells:        2
ABC RESULTS:                OR cells:        1
ABC RESULTS:        internal signals:        4
ABC RESULTS:           input signals:        8
ABC RESULTS:          output signals:        7
Removing temp directory.

3.48.1. Executed ABC.
Extracted 156 gates and 317 wires to a netlist network with 161 inputs and 76 outputs.
Running ABC script: <abc-temp-dir>/abc.script
ABC: ======== ABC command line "source <abc-temp-dir>/abc.script"
ABC: + read_blif <abc-temp-dir>/input.blif 
ABC: + read_library <abc-temp-dir>/stdcells.genlib 
ABC: + strash 
ABC: + &get -n 
ABC: + &fraig -x 
ABC: + &put 
ABC: + scorr 
ABC: Warning: The network is combinational (run "fraig" or "fraig_sweep").
ABC: + dc2 
ABC: + dretime 
ABC: + strash 
ABC: + &get -n 
ABC: + &dch -f 
ABC: + &nf 
ABC: + &put 
ABC: + write_blif <abc-temp-dir>/output.blif 

3.48.2. Re-integrating ABC results.
ABC RESULTS:               AND cells:       17
ABC RESULTS:               MUX cells:       90
ABC RESULTS:              NAND cells:       30
ABC RESULTS:               NOR cells:        7
ABC RESULTS:               NOT cells:        3
ABC RESULTS:                OR cells:        6
ABC RESULTS:               XOR cells:        1
ABC RESULTS:              ZERO cells:        1
ABC RESULTS:        internal signals:       80
ABC RESULTS:           input signals:      161
ABC RESULTS:          output signals:       76
Removing temp directory.

3.48.1. Executed ABC.
Extracted 117 gates and 143 wires to a netlist network with 25 inputs and 21 outputs.
Running ABC script: <abc-temp-dir>/abc.script
ABC: ======== ABC command line "source <abc-temp-dir>/abc.script"
ABC: + read_blif <abc-temp-dir>/input.blif 
ABC: + read_library <abc-temp-dir>/stdcells.genlib 
ABC: + strash 
ABC: + &get -n 
ABC: + &fraig -x 
ABC: + &put 
ABC: + scorr 
ABC: Warning: The network is combinational (run "fraig" or "fraig_sweep").
ABC: + dc2 
ABC: + dretime 
ABC: + strash 
ABC: + &get -n 
ABC: + &dch -f 
ABC: + &nf 
ABC: + &put 
ABC: + write_blif <abc-temp-dir>/output.blif 

3.48.2. Re-integrating ABC results.
ABC RESULTS:               AND cells:       14
ABC RESULTS:              NAND cells:        3
ABC RESULTS:               NOR cells:        6
ABC RESULTS:               NOT cells:        3
ABC RESULTS:               ONE cells:        1
ABC RESULTS:              ZERO cells:        4
ABC RESULTS:        internal signals:       97
ABC RESULTS:           input signals:       25
ABC RESULTS:          output signals:       21
Removing temp directory.

3.48.1. Executed ABC.
Extracted 2 gates and 5 wires to a netlist network with 3 inputs and 2 outputs.
Running ABC script: <abc-temp-dir>/abc.script
ABC: ======== ABC command line "source <abc-temp-dir>/abc.script"
ABC: + read_blif <abc-temp-dir>/input.blif 
ABC: + read_library <abc-temp-dir>/stdcells.genlib 
ABC: + strash 
ABC: + &get -n 
ABC: + &fraig -x 
ABC: + &put 
ABC: + scorr 
ABC: Warning: The network is combinational (run "fraig" or "fraig_sweep").
ABC: + dc2 
ABC: + dretime 
ABC: + strash 
ABC: + &get -n 
ABC: + &dch -f 
ABC: + &nf 
ABC: + &put 
ABC: + write_blif <abc-temp-dir>/output.blif 

3.48.2. Re-integrating ABC results.
ABC RESULTS:               AND cells:        2
ABC RESULTS:        internal signals:        0
ABC RESULTS:           input signals:        3
ABC RESULTS:          output signals:        2
Removing temp directory.

3.48.1. Executed ABC.
Extracted 7 gates and 22 wires to a netlist network with 15 inputs and 7 outputs.
Running ABC script: <abc-temp-dir>/abc.script
ABC: ======== ABC command line "source <abc-temp-dir>/abc.script"
ABC: + read_blif <abc-temp-dir>/input.blif 
ABC: + read_library <abc-temp-dir>/stdcells.genlib 
ABC: + strash 
ABC: + &get -n 
ABC: + &fraig -x 
ABC: + &put 
ABC: + scorr 
ABC: Warning: The network is combinational (run "fraig" or "fraig_sweep").
ABC: + dc2 
ABC: + dretime 
ABC: + strash 
ABC: + &get -n 
ABC: + &dch -f 
ABC: + &nf 
ABC: + &put 
ABC: + write_blif <abc-temp-dir>/output.blif 

3.48.2. Re-integrating ABC results.
ABC RESULTS:               AND cells:        1
ABC RESULTS:               MUX cells:        6
ABC RESULTS:        internal signals:        0
ABC RESULTS:           input signals:       15
ABC RESULTS:          output signals:        7
Removing temp directory.

3.48.1. Executed ABC.
Extracted 1 gates and 3 wires to a netlist network with 2 inputs and 1 outputs.
Running ABC script: <abc-temp-dir>/abc.script
ABC: ======== ABC command line "source <abc-temp-dir>/abc.script"
ABC: + read_blif <abc-temp-dir>/input.blif 
ABC: + read_library <abc-temp-dir>/stdcells.genlib 
ABC: + strash 
ABC: + &get -n 
ABC: + &fraig -x 
ABC: + &put 
ABC: + scorr 
ABC: Warning: The network is combinational (run "fraig" or "fraig_sweep").
ABC: + dc2 
ABC: + dretime 
ABC: + strash 
ABC: + &get -n 
ABC: + &dch -f 
ABC: + &nf 
ABC: + &put 
ABC: + write_blif <abc-temp-dir>/output.blif 

3.48.2. Re-integrating ABC results.
ABC RESULTS:               AND cells:        1
ABC RESULTS:        internal signals:        0
ABC RESULTS:           input signals:        2
ABC RESULTS:          output signals:        1
Removing temp directory.

3.48.1. Executed ABC.
Extracted 8 gates and 24 wires to a netlist network with 16 inputs and 7 outputs.
Running ABC script: <abc-temp-dir>/abc.script
ABC: ======== ABC command line "source <abc-temp-dir>/abc.script"
ABC: + read_blif <abc-temp-dir>/input.blif 
ABC: + read_library <abc-temp-dir>/stdcells.genlib 
ABC: + strash 
ABC: + &get -n 
ABC: + &fraig -x 
ABC: + &put 
ABC: + scorr 
ABC: Warning: The network is combinational (run "fraig" or "fraig_sweep").
ABC: + dc2 
ABC: + dretime 
ABC: + strash 
ABC: + &get -n 
ABC: + &dch -f 
ABC: + &nf 
ABC: + &put 
ABC: + write_blif <abc-temp-dir>/output.blif 

3.48.2. Re-integrating ABC results.
ABC RESULTS:               AND cells:        2
ABC RESULTS:               MUX cells:        6
ABC RESULTS:        internal signals:        1
ABC RESULTS:           input signals:       16
ABC RESULTS:          output signals:        7
Removing temp directory.

3.48.1. Executed ABC.
Extracted 11 gates and 16 wires to a netlist network with 5 inputs and 7 outputs.
Running ABC script: <abc-temp-dir>/abc.script
ABC: ======== ABC command line "source <abc-temp-dir>/abc.script"
ABC: + read_blif <abc-temp-dir>/input.blif 
ABC: + read_library <abc-temp-dir>/stdcells.genlib 
ABC: + strash 
ABC: + &get -n 
ABC: + &fraig -x 
ABC: + &put 
ABC: + scorr 
ABC: Warning: The network is combinational (run "fraig" or "fraig_sweep").
ABC: + dc2 
ABC: + dretime 
ABC: + strash 
ABC: + &get -n 
ABC: + &dch -f 
ABC: + &nf 
ABC: + &put 
ABC: + write_blif <abc-temp-dir>/output.blif 

3.48.2. Re-integrating ABC results.
ABC RESULTS:               AND cells:        1
ABC RESULTS:               MUX cells:        1
ABC RESULTS:              NAND cells:        2
ABC RESULTS:               NOT cells:        3
ABC RESULTS:                OR cells:        2
ABC RESULTS:              XNOR cells:        2
ABC RESULTS:               XOR cells:        1
ABC RESULTS:        internal signals:        4
ABC RESULTS:           input signals:        5
ABC RESULTS:          output signals:        7
Removing temp directory.

3.48.1. Executed ABC.
Extracted 11 gates and 19 wires to a netlist network with 8 inputs and 7 outputs.
Running ABC script: <abc-temp-dir>/abc.script
ABC: ======== ABC command line "source <abc-temp-dir>/abc.script"
ABC: + read_blif <abc-temp-dir>/input.blif 
ABC: + read_library <abc-temp-dir>/stdcells.genlib 
ABC: + strash 
ABC: + &get -n 
ABC: + &fraig -x 
ABC: + &put 
ABC: + scorr 
ABC: Warning: The network is combinational (run "fraig" or "fraig_sweep").
ABC: + dc2 
ABC: + dretime 
ABC: + strash 
ABC: + &get -n 
ABC: + &dch -f 
ABC: + &nf 
ABC: + &put 
ABC: + write_blif <abc-temp-dir>/output.blif 

3.48.2. Re-integrating ABC results.
ABC RESULTS:               AND cells:        5
ABC RESULTS:               NOR cells:        3
ABC RESULTS:               NOT cells:        2
ABC RESULTS:                OR cells:        1
ABC RESULTS:        internal signals:        4
ABC RESULTS:           input signals:        8
ABC RESULTS:          output signals:        7
Removing temp directory.

3.48.1. Executed ABC.
Extracted 140 gates and 298 wires to a netlist network with 158 inputs and 73 outputs.
Running ABC script: <abc-temp-dir>/abc.script
ABC: ======== ABC command line "source <abc-temp-dir>/abc.script"
ABC: + read_blif <abc-temp-dir>/input.blif 
ABC: + read_library <abc-temp-dir>/stdcells.genlib 
ABC: + strash 
ABC: + &get -n 
ABC: + &fraig -x 
ABC: + &put 
ABC: + scorr 
ABC: Warning: The network is combinational (run "fraig" or "fraig_sweep").
ABC: + dc2 
ABC: + dretime 
ABC: + strash 
ABC: + &get -n 
ABC: + &dch -f 
ABC: + &nf 
ABC: + &put 
ABC: + write_blif <abc-temp-dir>/output.blif 

3.48.2. Re-integrating ABC results.
ABC RESULTS:               AND cells:        9
ABC RESULTS:               MUX cells:       90
ABC RESULTS:              NAND cells:       29
ABC RESULTS:               NOR cells:        7
ABC RESULTS:               NOT cells:        6
ABC RESULTS:                OR cells:        3
ABC RESULTS:               XOR cells:        1
ABC RESULTS:        internal signals:       67
ABC RESULTS:           input signals:      158
ABC RESULTS:          output signals:       73
Removing temp directory.

3.48.1. Executed ABC.
Extracted 2 gates and 5 wires to a netlist network with 3 inputs and 2 outputs.
Running ABC script: <abc-temp-dir>/abc.script
ABC: ======== ABC command line "source <abc-temp-dir>/abc.script"
ABC: + read_blif <abc-temp-dir>/input.blif 
ABC: + read_library <abc-temp-dir>/stdcells.genlib 
ABC: + strash 
ABC: + &get -n 
ABC: + &fraig -x 
ABC: + &put 
ABC: + scorr 
ABC: Warning: The network is combinational (run "fraig" or "fraig_sweep").
ABC: + dc2 
ABC: + dretime 
ABC: + strash 
ABC: + &get -n 
ABC: + &dch -f 
ABC: + &nf 
ABC: + &put 
ABC: + write_blif <abc-temp-dir>/output.blif 

3.48.2. Re-integrating ABC results.
ABC RESULTS:               AND cells:        2
ABC RESULTS:        internal signals:        0
ABC RESULTS:           input signals:        3
ABC RESULTS:          output signals:        2
Removing temp directory.

3.48.1. Executed ABC.
Extracted 7 gates and 22 wires to a netlist network with 15 inputs and 7 outputs.
Running ABC script: <abc-temp-dir>/abc.script
ABC: ======== ABC command line "source <abc-temp-dir>/abc.script"
ABC: + read_blif <abc-temp-dir>/input.blif 
ABC: + read_library <abc-temp-dir>/stdcells.genlib 
ABC: + strash 
ABC: + &get -n 
ABC: + &fraig -x 
ABC: + &put 
ABC: + scorr 
ABC: Warning: The network is combinational (run "fraig" or "fraig_sweep").
ABC: + dc2 
ABC: + dretime 
ABC: + strash 
ABC: + &get -n 
ABC: + &dch -f 
ABC: + &nf 
ABC: + &put 
ABC: + write_blif <abc-temp-dir>/output.blif 

3.48.2. Re-integrating ABC results.
ABC RESULTS:               AND cells:        1
ABC RESULTS:               MUX cells:        6
ABC RESULTS:        internal signals:        0
ABC RESULTS:           input signals:       15
ABC RESULTS:          output signals:        7
Removing temp directory.

3.48.1. Executed ABC.
Extracted 1 gates and 3 wires to a netlist network with 2 inputs and 1 outputs.
Running ABC script: <abc-temp-dir>/abc.script
ABC: ======== ABC command line "source <abc-temp-dir>/abc.script"
ABC: + read_blif <abc-temp-dir>/input.blif 
ABC: + read_library <abc-temp-dir>/stdcells.genlib 
ABC: + strash 
ABC: + &get -n 
ABC: + &fraig -x 
ABC: + &put 
ABC: + scorr 
ABC: Warning: The network is combinational (run "fraig" or "fraig_sweep").
ABC: + dc2 
ABC: + dretime 
ABC: + strash 
ABC: + &get -n 
ABC: + &dch -f 
ABC: + &nf 
ABC: + &put 
ABC: + write_blif <abc-temp-dir>/output.blif 

3.48.2. Re-integrating ABC results.
ABC RESULTS:               AND cells:        1
ABC RESULTS:        internal signals:        0
ABC RESULTS:           input signals:        2
ABC RESULTS:          output signals:        1
Removing temp directory.

3.48.1. Executed ABC.
Extracted 8 gates and 24 wires to a netlist network with 16 inputs and 7 outputs.
Running ABC script: <abc-temp-dir>/abc.script
ABC: ======== ABC command line "source <abc-temp-dir>/abc.script"
ABC: + read_blif <abc-temp-dir>/input.blif 
ABC: + read_library <abc-temp-dir>/stdcells.genlib 
ABC: + strash 
ABC: + &get -n 
ABC: + &fraig -x 
ABC: + &put 
ABC: + scorr 
ABC: Warning: The network is combinational (run "fraig" or "fraig_sweep").
ABC: + dc2 
ABC: + dretime 
ABC: + strash 
ABC: + &get -n 
ABC: + &dch -f 
ABC: + &nf 
ABC: + &put 
ABC: + write_blif <abc-temp-dir>/output.blif 

3.48.2. Re-integrating ABC results.
ABC RESULTS:               AND cells:        2
ABC RESULTS:               MUX cells:        6
ABC RESULTS:        internal signals:        1
ABC RESULTS:           input signals:       16
ABC RESULTS:          output signals:        7
Removing temp directory.
Removing global temp directory.

4. Executing OPT_CLEAN pass (remove unused cells and wires).
Finding unused cells or wires in module \vc_router..
Removed 27 unused cells and 5168 unused wires.
<suppressed ~30 debug messages>

5. Printing statistics.

=== vc_router ===

        +----------Local Count, excluding submodules.
        | 
     2288 wires
     5009 wire bits
      260 public wires
     2900 public wire bits
       11 ports
      395 port bits
     3332 cells
      499   $_AND_
       64   $_DFFE_PN0P_
        4   $_DFFE_PN1P_
      648   $_DFFE_PP_
        1   $_DFF_PN0_
      979   $_MUX_
      805   $_NAND_
       98   $_NOR_
      101   $_NOT_
       89   $_OR_
       26   $_XNOR_
       18   $_XOR_

   Estimated number of transistors:      19618+

6. Executing LTP pass (find longest path).

Longest topological path in vc_router (length=44):
    0: \g_in_port[0].g_in_vc[0].u_fifo.mem [121]
    1: $abc$1298153$auto$simplemap.cc:346:simplemap_bmux$2460[53] (via $abc$1298202$blif$1298202$5)
    2: $abc$1298153$new_n217 (via $abc$1298200$blif$1298200$41)
    3: $abc$1298193$new_n62 (via $abc$1298193$blif$1298193$13)
    4: $abc$1298153$new_n226 (via $abc$1298193$blif$1298193$15)
    5: $abc$1298168$new_n49 (via $abc$1298168$blif$1298168$2)
    6: \route_sel [12] (via $abc$1298168$blif$1298168$17)
    7: $abc$1298159$new_n87 (via $abc$1298159$blif$1298159$28)
    8: $abc$1298159$new_n88 (via $abc$1298159$blif$1298159$29)
    9: \req_by_ivc [22] (via $abc$1298159$blif$1298159$30)
   10: $abc$1298200$new_n240 (via $abc$1298200$blif$1298200$8)
   11: $abc$1298200$new_n241 (via $abc$1298200$blif$1298200$9)
   12: \g_in_arb[0].u_in_arb.$17.$2.bit_req (via $abc$1298200$blif$1298200$10)
   13: $abc$1298167$new_n58 (via $abc$1298167$blif$1298167$16)
   14: $abc$1298167$new_n104 (via $abc$1298167$blif$1298167$62)
   15: $abc$1298167$new_n106 (via $abc$1298167$blif$1298167$64)
   16: $abc$1298167$new_n107 (via $abc$1298167$blif$1298167$65)
   17: $abc$1298167$new_n108 (via $abc$1298167$blif$1298167$66)
   18: $abc$1298167$new_n109 (via $abc$1298167$blif$1298167$67)
   19: $abc$1298167$new_n111 (via $abc$1298167$blif$1298167$69)
   20: $abc$1298167$new_n122 (via $abc$1298167$blif$1298167$80)
   21: $abc$1298167$new_n153 (via $abc$1298167$blif$1298167$111)
   22: $abc$1298167$new_n169 (via $abc$1298167$blif$1298167$127)
   23: $abc$1298167$new_n174 (via $abc$1298167$blif$1298167$132)
   24: \g_out_arb[1].u_out_arb.win_idx [2] (via $abc$1298167$blif$1298167$133)
   25: $abc$1298165$new_n223 (via $abc$1298165$blif$1298165$1)
   26: $abc$1298131$new_n245 (via $abc$1298165$blif$1298165$5)
   27: $abc$1298185$new_n546 (via $abc$1298185$blif$1298185$33)
   28: $abc$1298185$new_n547 (via $abc$1298185$blif$1298185$34)
   29: $abc$1298185$new_n560 (via $abc$1298185$blif$1298185$47)
   30: $abc$1298185$new_n561 (via $abc$1298185$blif$1298185$48)
   31: $abc$1298185$new_n562 (via $abc$1298185$blif$1298185$49)
   32: \g_in_port[2].g_in_vc[0].u_fifo.pop_en (via $abc$1298185$blif$1298185$50)
   33: $abc$1298158$new_n235 (via $abc$1298158$blif$1298158$14)
   34: $abc$1298158$new_n238 (via $abc$1298158$blif$1298158$17)
   35: $abc$1298158$new_n239 (via $abc$1298158$blif$1298158$18)
   36: $abc$1298158$new_n240 (via $abc$1298158$blif$1298158$19)
   37: \win_vn [0] (via $abc$1298158$blif$1298158$20)
   38: $1946y (via $abc$1298158$blif$1298158$21)
   39: $abc$1298162$new_n15 (via $abc$1298162$blif$1298162$1)
   40: \g_va[4].u_ovc_arb.advance (via $abc$1298162$blif$1298162$4)
   41: $abc$1298162$new_n20 (via $abc$1298162$blif$1298162$6)
   42: $abc$1298162$new_n21 (via $abc$1298162$blif$1298162$7)
   43: $abc$1298162$new_n24 (via $abc$1298162$blif$1298162$10)
   44: $auto$alumacc.cc:576:replace_alu$1252.Y [2] (via $abc$1298162$blif$1298162$11)
   ff: \credit_count [2] (via $auto$ff.cc:337:slice$1671)

Warnings: 5 unique messages, 5 total
End of script. Logfile hash: 82beb0afb6
Yosys 0.69+158 (git sha1 a1a0ad7d4-dirty, Release, GNU /usr/bin/x86_64-w64-mingw32-g++ 15.2.1)
Time spent: 1% 99x opt_expr (0 sec), 1% 82x proc_clean (0 sec), ...
